model,J2,L,rank,x,pi,n_low_energy_eigenpairs,P2,KF,retained_mass,unresolved_mass,D_TV_ranked,source_checkpoint,source_sha256
exact-TFIM,0,6,1,0.8705127018922193,0.92854688201836721,analytic,0.9375,0.8666666666666667,1,0,0,analytic NS momentum-block formula,analytic
exact-TFIM,0,6,2,0.062500000000000014,0.06666666666666668,analytic,0.9375,0.8666666666666667,1,0,0,analytic NS momentum-block formula,analytic
exact-TFIM,0,6,3,0.0044872981077806757,0.0047864513149660538,analytic,0.9375,0.8666666666666667,1,0,0,analytic NS momentum-block formula,analytic
exact-TFIM,0,8,1,1.5796338980680111,0.90264794175314922,analytic,1.75,0.8214285714285714,1,0,0,analytic NS momentum-block formula,analytic
exact-TFIM,0,8,2,0.13998930055272191,0.079993886030126804,analytic,1.75,0.8214285714285714,1,0,0,analytic NS momentum-block formula,analytic
exact-TFIM,0,8,3,0.027903918260730604,0.015945096148988917,analytic,1.75,0.8214285714285714,1,0,0,analytic NS momentum-block formula,analytic
exact-TFIM,0,8,4,0.0024728831185362537,0.0014130760677350022,analytic,1.75,0.8214285714285714,1,0,0,analytic NS momentum-block formula,analytic
exact-TFIM,0,10,1,2.4914661368163373,0.88585462642358659,analytic,2.8125,0.79259259259259252,1,0,0,analytic NS momentum-block formula,analytic
exact-TFIM,0,10,2,0.24073999976994884,0.085596444362648474,analytic,2.8125,0.79259259259259252,1,0,0,analytic NS momentum-block formula,analytic
exact-TFIM,0,10,3,0.062499999999999993,0.02222222222222222,analytic,2.8125,0.79259259259259252,1,0,0,analytic NS momentum-block formula,analytic
exact-TFIM,0,10,4,0.016226011480156229,0.0057692485262777708,analytic,2.8125,0.79259259259259252,1,0,0,analytic NS momentum-block formula,analytic
exact-TFIM,0,10,5,0.001567851933557288,0.00055745846526481348,analytic,2.8125,0.79259259259259252,1,0,0,analytic NS momentum-block formula,analytic
exact-TFIM,0,12,1,3.6059675338113144,0.87417394759062172,analytic,4.125,0.77272727272727271,1,0,0,analytic NS momentum-block formula,analytic
exact-TFIM,0,12,2,0.3642766952966367,0.088309501890093747,analytic,4.125,0.77272727272727271,1,0,0,analytic NS momentum-block formula,analytic
exact-TFIM,0,12,3,0.10614977327606868,0.025733278369956043,analytic,4.125,0.77272727272727271,1,0,0,analytic NS momentum-block formula,analytic
exact-TFIM,0,12,4,0.03679941915505397,0.008921071310316114,analytic,4.125,0.77272727272727271,1,0,0,analytic NS momentum-block formula,analytic
exact-TFIM,0,12,5,0.010723304703363115,0.0025995890189971188,analytic,4.125,0.77272727272727271,1,0,0,analytic NS momentum-block formula,analytic
exact-TFIM,0,12,6,0.001083273757562456,0.00026261182001514086,analytic,4.125,0.77272727272727271,1,0,0,analytic NS momentum-block formula,analytic
exact-TFIM,0,14,1,4.9231238900606975,0.86560420045023256,analytic,5.6875,0.75824175824175821,1,0,0,analytic NS momentum-block formula,analytic
exact-TFIM,0,14,2,0.51045159454747002,0.089749730909445283,analytic,5.6875,0.75824175824175821,1,0,0,analytic NS momentum-block formula,analytic
exact-TFIM,0,14,3,0.15830270191348056,0.027833442094677901,analytic,5.6875,0.75824175824175821,1,0,0,analytic NS momentum-block formula,analytic
exact-TFIM,0,14,4,0.062500000000000014,0.010989010989010992,analytic,5.6875,0.75824175824175821,1,0,0,analytic NS momentum-block formula,analytic
exact-TFIM,0,14,5,0.024675826456423588,0.0043386068494810706,analytic,5.6875,0.75824175824175821,1,0,0,analytic NS momentum-block formula,analytic
exact-TFIM,0,14,6,0.0076525375603205027,0.0013455011095069016,analytic,5.6875,0.75824175824175821,1,0,0,analytic NS momentum-block formula,analytic
exact-TFIM,0,14,7,0.000793449461608375,0.00013950759764542857,analytic,5.6875,0.75824175824175821,1,0,0,analytic NS momentum-block formula,analytic
exact-TFIM,0,16,1,6.4429293074885914,0.8590572409984788,analytic,7.5,0.74722222222222212,1,0,0,analytic NS momentum-block formula,analytic
exact-TFIM,0,16,2,0.67920600155741395,0.090560800207655195,analytic,7.5,0.74722222222222212,1,0,0,analytic NS momentum-block formula,analytic
exact-TFIM,0,16,3,0.21875928838945954,0.029167905118594607,analytic,7.5,0.74722222222222212,1,0,0,analytic NS momentum-block formula,analytic
exact-TFIM,0,16,4,0.092796927616895494,0.012372923682252733,analytic,7.5,0.74722222222222212,1,0,0,analytic NS momentum-block formula,analytic
exact-TFIM,0,16,5,0.042094604857249487,0.0056126139809665986,analytic,7.5,0.74722222222222212,1,0,0,analytic NS momentum-block formula,analytic
exact-TFIM,0,16,6,0.017856384653462863,0.0023808512871283816,analytic,7.5,0.74722222222222212,1,0,0,analytic NS momentum-block formula,analytic
exact-TFIM,0,16,7,0.0057512006534733142,0.0007668267537964419,analytic,7.5,0.74722222222222212,1,0,0,analytic NS momentum-block formula,analytic
exact-TFIM,0,16,8,0.00060628478345397868,8.0837971127197157e-05,analytic,7.5,0.74722222222222212,1,0,0,analytic NS momentum-block formula,analytic
exact-TFIM,0,18,1,8.1653809777412416,0.85389604995986845,analytic,9.5625,0.73856209150326801,1,0,0,analytic NS momentum-block formula,analytic
exact-TFIM,0,18,2,0.8705127018922193,0.091034008041016398,analytic,9.5625,0.73856209150326801,1,0,0,analytic NS momentum-block formula,analytic
exact-TFIM,0,18,3,0.28743187075708687,0.030058234850414315,analytic,9.5625,0.73856209150326801,1,0,0,analytic NS momentum-block formula,analytic
exact-TFIM,0,18,4,0.1274754205725922,0.013330762935695916,analytic,9.5625,0.73856209150326801,1,0,0,analytic NS momentum-block formula,analytic
exact-TFIM,0,18,5,0.062500000000000014,0.0065359477124183017,analytic,9.5625,0.73856209150326801,1,0,0,analytic NS momentum-block formula,analytic
exact-TFIM,0,18,6,0.030643162285356396,0.0032045137030438063,analytic,9.5625,0.73856209150326801,1,0,0,analytic NS momentum-block formula,analytic
exact-TFIM,0,18,7,0.013590177003374941,0.0014211949807450919,analytic,9.5625,0.73856209150326801,1,0,0,analytic NS momentum-block formula,analytic
exact-TFIM,0,18,8,0.0044872981077806826,0.00046925993283980993,analytic,9.5625,0.73856209150326801,1,0,0,analytic NS momentum-block formula,analytic
exact-TFIM,0,18,9,0.00047839164034702112,5.0027883957858416e-05,analytic,9.5625,0.73856209150326801,1,0,0,analytic NS momentum-block formula,analytic
exact-TFIM,0,20,1,10.090477424849279,0.84972441472414983,analytic,11.875,0.73157894736842111,1,0,0,analytic NS momentum-block formula,analytic
exact-TFIM,0,20,2,1.0843576359197049,0.091314327235343579,analytic,11.875,0.73157894736842111,1,0,0,analytic NS momentum-block formula,analytic
exact-TFIM,0,20,3,0.36427669529663675,0.030675932235506253,analytic,11.875,0.73157894736842111,1,0,0,analytic NS momentum-block formula,analytic
exact-TFIM,0,20,4,0.16643374554906726,0.014015473309395138,analytic,11.875,0.73157894736842111,1,0,0,analytic NS momentum-block formula,analytic
exact-TFIM,0,20,5,0.085680544154120075,0.00721520371824169,analytic,11.875,0.73157894736842111,1,0,0,analytic NS momentum-block formula,analytic
exact-TFIM,0,20,6,0.045590863580109081,0.0038392306172723438,analytic,11.875,0.73157894736842111,1,0,0,analytic NS momentum-block formula,analytic
exact-TFIM,0,20,7,0.023470300371557614,0.0019764463470785358,analytic,11.875,0.73157894736842111,1,0,0,analytic NS momentum-block formula,analytic
exact-TFIM,0,20,8,0.010723304703363115,0.00090301513291478873,analytic,11.875,0.73157894736842111,1,0,0,analytic NS momentum-block formula,analytic
exact-TFIM,0,20,9,0.0036023631600905258,0.00030335689769183375,analytic,11.875,0.73157894736842111,1,0,0,analytic NS momentum-block formula,analytic
exact-TFIM,0,20,10,0.00038712241606926248,3.2599782405832631e-05,analytic,11.875,0.73157894736842111,1,0,0,analytic NS momentum-block formula,analytic
NNN-TFIM,0.050000000000000003,6,1,0.7228541637764262,0.93385436587578796,160,0.77405448878371796,0.87601098182428105,0.99999993250572938,6.7494270616919039e-08,0.0055846049818879216,build/runs/a1-publication/work/nnn_tfim_expensive/checkpoints/response_j2_0p05_L6_neig160.json,e5dba50a6bbca8a1777d2fe3e60701d675c436f5bfc8e255800f201c14101a43
NNN-TFIM,0.050000000000000003,6,2,0.048439492955858823,0.062578918742493744,160,0.77405448878371796,0.87601098182428105,0.99999993250572938,6.7494270616919039e-08,0.0055846049818879216,build/runs/a1-publication/work/nnn_tfim_expensive/checkpoints/response_j2_0p05_L6_neig160.json,e5dba50a6bbca8a1777d2fe3e60701d675c436f5bfc8e255800f201c14101a43
NNN-TFIM,0.050000000000000003,6,3,0.0025463252011023482,0.0032895942572510918,160,0.77405448878371796,0.87601098182428105,0.99999993250572938,6.7494270616919039e-08,0.0055846049818879216,build/runs/a1-publication/work/nnn_tfim_expensive/checkpoints/response_j2_0p05_L6_neig160.json,e5dba50a6bbca8a1777d2fe3e60701d675c436f5bfc8e255800f201c14101a43
NNN-TFIM,0.050000000000000003,6,4,0.00019251092694570323,0.00024870461929391843,160,0.77405448878371796,0.87601098182428105,0.99999993250572938,6.7494270616919039e-08,0.0055846049818879216,build/runs/a1-publication/work/nnn_tfim_expensive/checkpoints/response_j2_0p05_L6_neig160.json,e5dba50a6bbca8a1777d2fe3e60701d675c436f5bfc8e255800f201c14101a43
NNN-TFIM,0.050000000000000003,6,5,2.1943679141784219e-05,2.8349010902662178e-05,160,0.77405448878371796,0.87601098182428105,0.99999993250572938,6.7494270616919039e-08,0.0055846049818879216,build/runs/a1-publication/work/nnn_tfim_expensive/checkpoints/response_j2_0p05_L6_neig160.json,e5dba50a6bbca8a1777d2fe3e60701d675c436f5bfc8e255800f201c14101a43
NNN-TFIM,0.050000000000000003,8,1,1.3151934767287448,0.90601754115609079,160,1.4516203240949836,0.82738691236349582,0.99999999999993194,6.8056671409522096e-14,0.0034462973343905635,build/runs/a1-publication/work/nnn_tfim_expensive/checkpoints/response_j2_0p05_L8_neig160.json,0ba69116ea59cc1f0c6c199655a77647c6ee24d73b5b35cd9daf48857c6b17be
NNN-TFIM,0.050000000000000003,8,2,0.11559110754071268,0.079629022563305771,160,1.4516203240949836,0.82738691236349582,0.99999999999993194,6.8056671409522096e-14,0.0034462973343905635,build/runs/a1-publication/work/nnn_tfim_expensive/checkpoints/response_j2_0p05_L8_neig160.json,0ba69116ea59cc1f0c6c199655a77647c6ee24d73b5b35cd9daf48857c6b17be
NNN-TFIM,0.050000000000000003,8,3,0.019335915240477074,0.013320229070595371,160,1.4516203240949836,0.82738691236349582,0.99999999999993194,6.8056671409522096e-14,0.0034462973343905635,build/runs/a1-publication/work/nnn_tfim_expensive/checkpoints/response_j2_0p05_L8_neig160.json,0ba69116ea59cc1f0c6c199655a77647c6ee24d73b5b35cd9daf48857c6b17be
NNN-TFIM,0.050000000000000003,8,4,0.0013884883089417906,0.00095650927855907991,160,1.4516203240949836,0.82738691236349582,0.99999999999993194,6.8056671409522096e-14,0.0034462973343905635,build/runs/a1-publication/work/nnn_tfim_expensive/checkpoints/response_j2_0p05_L8_neig160.json,0ba69116ea59cc1f0c6c199655a77647c6ee24d73b5b35cd9daf48857c6b17be
NNN-TFIM,0.050000000000000003,8,5,7.3774869976605365e-05,5.0822428394008949e-05,160,1.4516203240949836,0.82738691236349582,0.99999999999993194,6.8056671409522096e-14,0.0034462973343905635,build/runs/a1-publication/work/nnn_tfim_expensive/checkpoints/response_j2_0p05_L8_neig160.json,0ba69116ea59cc1f0c6c199655a77647c6ee24d73b5b35cd9daf48857c6b17be
NNN-TFIM,0.050000000000000003,8,6,1.6813761686178092e-05,1.1582754393205863e-05,160,1.4516203240949836,0.82738691236349582,0.99999999999993194,6.8056671409522096e-14,0.0034462973343905635,build/runs/a1-publication/work/nnn_tfim_expensive/checkpoints/response_j2_0p05_L8_neig160.json,0ba69116ea59cc1f0c6c199655a77647c6ee24d73b5b35cd9daf48857c6b17be
NNN-TFIM,0.050000000000000003,8,7,1.5162001442783714e-05,1.0444880931407806e-05,160,1.4516203240949836,0.82738691236349582,0.99999999999993194,6.8056671409522096e-14,0.0034462973343905635,build/runs/a1-publication/work/nnn_tfim_expensive/checkpoints/response_j2_0p05_L8_neig160.json,0ba69116ea59cc1f0c6c199655a77647c6ee24d73b5b35cd9daf48857c6b17be
NNN-TFIM,0.050000000000000003,8,8,3.9313799162963486e-06,2.7082700972428018e-06,160,1.4516203240949836,0.82738691236349582,0.99999999999993194,6.8056671409522096e-14,0.0034462973343905635,build/runs/a1-publication/work/nnn_tfim_expensive/checkpoints/response_j2_0p05_L8_neig160.json,0ba69116ea59cc1f0c6c199655a77647c6ee24d73b5b35cd9daf48857c6b17be
NNN-TFIM,0.050000000000000003,8,9,9.7643463028963225e-07,6.7265152883443742e-07,160,1.4516203240949836,0.82738691236349582,0.99999999999993194,6.8056671409522096e-14,0.0034462973343905635,build/runs/a1-publication/work/nnn_tfim_expensive/checkpoints/response_j2_0p05_L8_neig160.json,0ba69116ea59cc1f0c6c199655a77647c6ee24d73b5b35cd9daf48857c6b17be
NNN-TFIM,0.050000000000000003,8,10,4.6798083156578639e-07,3.2238514699603026e-07,160,1.4516203240949836,0.82738691236349582,0.99999999999993194,6.8056671409522096e-14,0.0034462973343905635,build/runs/a1-publication/work/nnn_tfim_expensive/checkpoints/response_j2_0p05_L8_neig160.json,0ba69116ea59cc1f0c6c199655a77647c6ee24d73b5b35cd9daf48857c6b17be
NNN-TFIM,0.050000000000000003,8,11,2.0692079543231704e-07,1.4254470814282813e-07,160,1.4516203240949836,0.82738691236349582,0.99999999999993194,6.8056671409522096e-14,0.0034462973343905635,build/runs/a1-publication/work/nnn_tfim_expensive/checkpoints/response_j2_0p05_L8_neig160.json,0ba69116ea59cc1f0c6c199655a77647c6ee24d73b5b35cd9daf48857c6b17be
NNN-TFIM,0.050000000000000003,8,12,1.5412997962542497e-09,1.0617788761087904e-09,160,1.4516203240949836,0.82738691236349582,0.99999999999993194,6.8056671409522096e-14,0.0034462973343905635,build/runs/a1-publication/work/nnn_tfim_expensive/checkpoints/response_j2_0p05_L8_neig160.json,0ba69116ea59cc1f0c6c199655a77647c6ee24d73b5b35cd9daf48857c6b17be
NNN-TFIM,0.050000000000000003,8,13,8.2866699702228108e-10,5.7085656853069733e-10,160,1.4516203240949836,0.82738691236349582,0.99999999999993194,6.8056671409522096e-14,0.0034462973343905635,build/runs/a1-publication/work/nnn_tfim_expensive/checkpoints/response_j2_0p05_L8_neig160.json,0ba69116ea59cc1f0c6c199655a77647c6ee24d73b5b35cd9daf48857c6b17be
NNN-TFIM,0.050000000000000003,8,14,5.3001874023831877e-10,3.6512215449226389e-10,160,1.4516203240949836,0.82738691236349582,0.99999999999993194,6.8056671409522096e-14,0.0034462973343905635,build/runs/a1-publication/work/nnn_tfim_expensive/checkpoints/response_j2_0p05_L8_neig160.json,0ba69116ea59cc1f0c6c199655a77647c6ee24d73b5b35cd9daf48857c6b17be
NNN-TFIM,0.050000000000000003,8,15,2.6744014829156353e-11,1.8423560476001173e-11,160,1.4516203240949836,0.82738691236349582,0.99999999999993194,6.8056671409522096e-14,0.0034462973343905635,build/runs/a1-publication/work/nnn_tfim_expensive/checkpoints/response_j2_0p05_L8_neig160.json,0ba69116ea59cc1f0c6c199655a77647c6ee24d73b5b35cd9daf48857c6b17be
NNN-TFIM,0.050000000000000003,8,16,2.2430391218920278e-34,1.5451968291298595e-34,160,1.4516203240949836,0.82738691236349582,0.99999999999993194,6.8056671409522096e-14,0.0034462973343905635,build/runs/a1-publication/work/nnn_tfim_expensive/checkpoints/response_j2_0p05_L8_neig160.json,0ba69116ea59cc1f0c6c199655a77647c6ee24d73b5b35cd9daf48857c6b17be
NNN-TFIM,0.050000000000000003,8,17,1.0337592860179431e-34,7.1214164534548181e-35,160,1.4516203240949836,0.82738691236349582,0.99999999999993194,6.8056671409522096e-14,0.0034462973343905635,build/runs/a1-publication/work/nnn_tfim_expensive/checkpoints/response_j2_0p05_L8_neig160.json,0ba69116ea59cc1f0c6c199655a77647c6ee24d73b5b35cd9daf48857c6b17be
NNN-TFIM,0.050000000000000003,10,1,2.069947511995252,0.88764176167980258,160,2.331962736946958,0.79592483090788535,0.99999999999999734,2.6645352591003757e-15,0.0033062241399194406,build/runs/a1-publication/work/nnn_tfim_expensive/checkpoints/response_j2_0p05_L10_neig160.json,b5930e304bbc8e2e01cb8f5323dd00ca1193944d626e8271b9d6b93e6ecb4863
NNN-TFIM,0.050000000000000003,10,2,0.20301051767511014,0.087055643925466261,160,2.331962736946958,0.79592483090788535,0.99999999999999734,2.6645352591003757e-15,0.0033062241399194406,build/runs/a1-publication/work/nnn_tfim_expensive/checkpoints/response_j2_0p05_L10_neig160.json,b5930e304bbc8e2e01cb8f5323dd00ca1193944d626e8271b9d6b93e6ecb4863
NNN-TFIM,0.050000000000000003,10,3,0.047708702730482326,0.020458604236937038,160,2.331962736946958,0.79592483090788535,0.99999999999999734,2.6645352591003757e-15,0.0033062241399194406,build/runs/a1-publication/work/nnn_tfim_expensive/checkpoints/response_j2_0p05_L10_neig160.json,b5930e304bbc8e2e01cb8f5323dd00ca1193944d626e8271b9d6b93e6ecb4863
NNN-TFIM,0.050000000000000003,10,4,0.01031422336960299,0.004422979495421326,160,2.331962736946958,0.79592483090788535,0.99999999999999734,2.6645352591003757e-15,0.0033062241399194406,build/runs/a1-publication/work/nnn_tfim_expensive/checkpoints/response_j2_0p05_L10_neig160.json,b5930e304bbc8e2e01cb8f5323dd00ca1193944d626e8271b9d6b93e6ecb4863
NNN-TFIM,0.050000000000000003,10,5,0.00084212151186403123,0.00036112134148702128,160,2.331962736946958,0.79592483090788535,0.99999999999999734,2.6645352591003757e-15,0.0033062241399194406,build/runs/a1-publication/work/nnn_tfim_expensive/checkpoints/response_j2_0p05_L10_neig160.json,b5930e304bbc8e2e01cb8f5323dd00ca1193944d626e8271b9d6b93e6ecb4863
NNN-TFIM,0.050000000000000003,10,6,6.5787223813136859e-05,2.8211095645235962e-05,160,2.331962736946958,0.79592483090788535,0.99999999999999734,2.6645352591003757e-15,0.0033062241399194406,build/runs/a1-publication/work/nnn_tfim_expensive/checkpoints/response_j2_0p05_L10_neig160.json,b5930e304bbc8e2e01cb8f5323dd00ca1193944d626e8271b9d6b93e6ecb4863
NNN-TFIM,0.050000000000000003,10,7,3.1463185888746209e-05,1.3492147790465256e-05,160,2.331962736946958,0.79592483090788535,0.99999999999999734,2.6645352591003757e-15,0.0033062241399194406,build/runs/a1-publication/work/nnn_tfim_expensive/checkpoints/response_j2_0p05_L10_neig160.json,b5930e304bbc8e2e01cb8f5323dd00ca1193944d626e8271b9d6b93e6ecb4863
NNN-TFIM,0.050000000000000003,10,8,1.0903027308774686e-05,4.6754723546951267e-06,160,2.331962736946958,0.79592483090788535,0.99999999999999734,2.6645352591003757e-15,0.0033062241399194406,build/runs/a1-publication/work/nnn_tfim_expensive/checkpoints/response_j2_0p05_L10_neig160.json,b5930e304bbc8e2e01cb8f5323dd00ca1193944d626e8271b9d6b93e6ecb4863
NNN-TFIM,0.050000000000000003,10,9,1.0896420034393616e-05,4.672639001367311e-06,160,2.331962736946958,0.79592483090788535,0.99999999999999734,2.6645352591003757e-15,0.0033062241399194406,build/runs/a1-publication/work/nnn_tfim_expensive/checkpoints/response_j2_0p05_L10_neig160.json,b5930e304bbc8e2e01cb8f5323dd00ca1193944d626e8271b9d6b93e6ecb4863
NNN-TFIM,0.050000000000000003,10,10,9.9949210592394859e-06,4.2860552190147737e-06,160,2.331962736946958,0.79592483090788535,0.99999999999999734,2.6645352591003757e-15,0.0033062241399194406,build/runs/a1-publication/work/nnn_tfim_expensive/checkpoints/response_j2_0p05_L10_neig160.json,b5930e304bbc8e2e01cb8f5323dd00ca1193944d626e8271b9d6b93e6ecb4863
NNN-TFIM,0.050000000000000003,10,11,5.5861214692069255e-06,2.3954591472247809e-06,160,2.331962736946958,0.79592483090788535,0.99999999999999734,2.6645352591003757e-15,0.0033062241399194406,build/runs/a1-publication/work/nnn_tfim_expensive/checkpoints/response_j2_0p05_L10_neig160.json,b5930e304bbc8e2e01cb8f5323dd00ca1193944d626e8271b9d6b93e6ecb4863
NNN-TFIM,0.050000000000000003,10,12,2.0148076684919784e-06,8.6399651099476656e-07,160,2.331962736946958,0.79592483090788535,0.99999999999999734,2.6645352591003757e-15,0.0033062241399194406,build/runs/a1-publication/work/nnn_tfim_expensive/checkpoints/response_j2_0p05_L10_neig160.json,b5930e304bbc8e2e01cb8f5323dd00ca1193944d626e8271b9d6b93e6ecb4863
NNN-TFIM,0.050000000000000003,10,13,1.6086161705358408e-06,6.898121248034461e-07,160,2.331962736946958,0.79592483090788535,0.99999999999999734,2.6645352591003757e-15,0.0033062241399194406,build/runs/a1-publication/work/nnn_tfim_expensive/checkpoints/response_j2_0p05_L10_neig160.json,b5930e304bbc8e2e01cb8f5323dd00ca1193944d626e8271b9d6b93e6ecb4863
NNN-TFIM,0.050000000000000003,10,14,5.3672597361404433e-07,2.3016061325093657e-07,160,2.331962736946958,0.79592483090788535,0.99999999999999734,2.6645352591003757e-15,0.0033062241399194406,build/runs/a1-publication/work/nnn_tfim_expensive/checkpoints/response_j2_0p05_L10_neig160.json,b5930e304bbc8e2e01cb8f5323dd00ca1193944d626e8271b9d6b93e6ecb4863
NNN-TFIM,0.050000000000000003,10,15,3.0704211025901347e-07,1.3166681670951474e-07,160,2.331962736946958,0.79592483090788535,0.99999999999999734,2.6645352591003757e-15,0.0033062241399194406,build/runs/a1-publication/work/nnn_tfim_expensive/checkpoints/response_j2_0p05_L10_neig160.json,b5930e304bbc8e2e01cb8f5323dd00ca1193944d626e8271b9d6b93e6ecb4863
NNN-TFIM,0.050000000000000003,10,16,2.9404279973161083e-07,1.2609240922802062e-07,160,2.331962736946958,0.79592483090788535,0.99999999999999734,2.6645352591003757e-15,0.0033062241399194406,build/runs/a1-publication/work/nnn_tfim_expensive/checkpoints/response_j2_0p05_L10_neig160.json,b5930e304bbc8e2e01cb8f5323dd00ca1193944d626e8271b9d6b93e6ecb4863
NNN-TFIM,0.050000000000000003,10,17,1.5051452339682619e-07,6.454413743929808e-08,160,2.331962736946958,0.79592483090788535,0.99999999999999734,2.6645352591003757e-15,0.0033062241399194406,build/runs/a1-publication/work/nnn_tfim_expensive/checkpoints/response_j2_0p05_L10_neig160.json,b5930e304bbc8e2e01cb8f5323dd00ca1193944d626e8271b9d6b93e6ecb4863
NNN-TFIM,0.050000000000000003,10,18,9.2615946295905047e-08,3.9715877457441401e-08,160,2.331962736946958,0.79592483090788535,0.99999999999999734,2.6645352591003757e-15,0.0033062241399194406,build/runs/a1-publication/work/nnn_tfim_expensive/checkpoints/response_j2_0p05_L10_neig160.json,b5930e304bbc8e2e01cb8f5323dd00ca1193944d626e8271b9d6b93e6ecb4863
NNN-TFIM,0.050000000000000003,10,19,1.3053623285532536e-08,5.5976980586844812e-09,160,2.331962736946958,0.79592483090788535,0.99999999999999734,2.6645352591003757e-15,0.0033062241399194406,build/runs/a1-publication/work/nnn_tfim_expensive/checkpoints/response_j2_0p05_L10_neig160.json,b5930e304bbc8e2e01cb8f5323dd00ca1193944d626e8271b9d6b93e6ecb4863
NNN-TFIM,0.050000000000000003,10,20,5.9633132768643894e-09,2.5572077899802345e-09,160,2.331962736946958,0.79592483090788535,0.99999999999999734,2.6645352591003757e-15,0.0033062241399194406,build/runs/a1-publication/work/nnn_tfim_expensive/checkpoints/response_j2_0p05_L10_neig160.json,b5930e304bbc8e2e01cb8f5323dd00ca1193944d626e8271b9d6b93e6ecb4863
NNN-TFIM,0.050000000000000003,10,21,1.7192437573014477e-09,7.3725181370278169e-10,160,2.331962736946958,0.79592483090788535,0.99999999999999734,2.6645352591003757e-15,0.0033062241399194406,build/runs/a1-publication/work/nnn_tfim_expensive/checkpoints/response_j2_0p05_L10_neig160.json,b5930e304bbc8e2e01cb8f5323dd00ca1193944d626e8271b9d6b93e6ecb4863
NNN-TFIM,0.050000000000000003,10,22,1.5156466485334642e-09,6.4994462583813513e-10,160,2.331962736946958,0.79592483090788535,0.99999999999999734,2.6645352591003757e-15,0.0033062241399194406,build/runs/a1-publication/work/nnn_tfim_expensive/checkpoints/response_j2_0p05_L10_neig160.json,b5930e304bbc8e2e01cb8f5323dd00ca1193944d626e8271b9d6b93e6ecb4863
NNN-TFIM,0.050000000000000003,10,23,1.1147861568812149e-09,4.7804629946219051e-10,160,2.331962736946958,0.79592483090788535,0.99999999999999734,2.6645352591003757e-15,0.0033062241399194406,build/runs/a1-publication/work/nnn_tfim_expensive/checkpoints/response_j2_0p05_L10_neig160.json,b5930e304bbc8e2e01cb8f5323dd00ca1193944d626e8271b9d6b93e6ecb4863
NNN-TFIM,0.050000000000000003,10,24,6.2344116380274125e-10,2.6734610889149976e-10,160,2.331962736946958,0.79592483090788535,0.99999999999999734,2.6645352591003757e-15,0.0033062241399194406,build/runs/a1-publication/work/nnn_tfim_expensive/checkpoints/response_j2_0p05_L10_neig160.json,b5930e304bbc8e2e01cb8f5323dd00ca1193944d626e8271b9d6b93e6ecb4863
NNN-TFIM,0.050000000000000003,10,25,1.8560991824681297e-10,7.9593861130824229e-11,160,2.331962736946958,0.79592483090788535,0.99999999999999734,2.6645352591003757e-15,0.0033062241399194406,build/runs/a1-publication/work/nnn_tfim_expensive/checkpoints/response_j2_0p05_L10_neig160.json,b5930e304bbc8e2e01cb8f5323dd00ca1193944d626e8271b9d6b93e6ecb4863
NNN-TFIM,0.050000000000000003,10,26,1.6746210837523289e-10,7.1811657074107837e-11,160,2.331962736946958,0.79592483090788535,0.99999999999999734,2.6645352591003757e-15,0.0033062241399194406,build/runs/a1-publication/work/nnn_tfim_expensive/checkpoints/response_j2_0p05_L10_neig160.json,b5930e304bbc8e2e01cb8f5323dd00ca1193944d626e8271b9d6b93e6ecb4863
NNN-TFIM,0.050000000000000003,10,27,1.6615328656747965e-11,7.1250403762887792e-12,160,2.331962736946958,0.79592483090788535,0.99999999999999734,2.6645352591003757e-15,0.0033062241399194406,build/runs/a1-publication/work/nnn_tfim_expensive/checkpoints/response_j2_0p05_L10_neig160.json,b5930e304bbc8e2e01cb8f5323dd00ca1193944d626e8271b9d6b93e6ecb4863
NNN-TFIM,0.050000000000000003,10,28,1.5166784737738209e-11,6.5038709656204888e-12,160,2.331962736946958,0.79592483090788535,0.99999999999999734,2.6645352591003757e-15,0.0033062241399194406,build/runs/a1-publication/work/nnn_tfim_expensive/checkpoints/response_j2_0p05_L10_neig160.json,b5930e304bbc8e2e01cb8f5323dd00ca1193944d626e8271b9d6b93e6ecb4863
NNN-TFIM,0.050000000000000003,10,29,1.2292487780799143e-11,5.2713054055454849e-12,160,2.331962736946958,0.79592483090788535,0.99999999999999734,2.6645352591003757e-15,0.0033062241399194406,build/runs/a1-publication/work/nnn_tfim_expensive/checkpoints/response_j2_0p05_L10_neig160.json,b5930e304bbc8e2e01cb8f5323dd00ca1193944d626e8271b9d6b93e6ecb4863
NNN-TFIM,0.050000000000000003,10,30,7.9765402912805042e-12,3.4205264796484337e-12,160,2.331962736946958,0.79592483090788535,0.99999999999999734,2.6645352591003757e-15,0.0033062241399194406,build/runs/a1-publication/work/nnn_tfim_expensive/checkpoints/response_j2_0p05_L10_neig160.json,b5930e304bbc8e2e01cb8f5323dd00ca1193944d626e8271b9d6b93e6ecb4863
NNN-TFIM,0.050000000000000003,10,31,1.9116324046722947e-12,8.1975255195331025e-13,160,2.331962736946958,0.79592483090788535,0.99999999999999734,2.6645352591003757e-15,0.0033062241399194406,build/runs/a1-publication/work/nnn_tfim_expensive/checkpoints/response_j2_0p05_L10_neig160.json,b5930e304bbc8e2e01cb8f5323dd00ca1193944d626e8271b9d6b93e6ecb4863
NNN-TFIM,0.050000000000000003,10,32,1.6163321453180049e-12,6.9312091471673004e-13,160,2.331962736946958,0.79592483090788535,0.99999999999999734,2.6645352591003757e-15,0.0033062241399194406,build/runs/a1-publication/work/nnn_tfim_expensive/checkpoints/response_j2_0p05_L10_neig160.json,b5930e304bbc8e2e01cb8f5323dd00ca1193944d626e8271b9d6b93e6ecb4863
NNN-TFIM,0.050000000000000003,10,33,1.0599653457506067e-12,4.5453785729798147e-13,160,2.331962736946958,0.79592483090788535,0.99999999999999734,2.6645352591003757e-15,0.0033062241399194406,build/runs/a1-publication/work/nnn_tfim_expensive/checkpoints/response_j2_0p05_L10_neig160.json,b5930e304bbc8e2e01cb8f5323dd00ca1193944d626e8271b9d6b93e6ecb4863
NNN-TFIM,0.050000000000000003,10,34,4.8829233445077687e-14,2.0939113936702816e-14,160,2.331962736946958,0.79592483090788535,0.99999999999999734,2.6645352591003757e-15,0.0033062241399194406,build/runs/a1-publication/work/nnn_tfim_expensive/checkpoints/response_j2_0p05_L10_neig160.json,b5930e304bbc8e2e01cb8f5323dd00ca1193944d626e8271b9d6b93e6ecb4863
NNN-TFIM,0.050000000000000003,10,35,3.0677542570390537e-14,1.3155245615354067e-14,160,2.331962736946958,0.79592483090788535,0.99999999999999734,2.6645352591003757e-15,0.0033062241399194406,build/runs/a1-publication/work/nnn_tfim_expensive/checkpoints/response_j2_0p05_L10_neig160.json,b5930e304bbc8e2e01cb8f5323dd00ca1193944d626e8271b9d6b93e6ecb4863
NNN-TFIM,0.050000000000000003,10,36,1.5374505221536336e-14,6.5929463528499082e-15,160,2.331962736946958,0.79592483090788535,0.99999999999999734,2.6645352591003757e-15,0.0033062241399194406,build/runs/a1-publication/work/nnn_tfim_expensive/checkpoints/response_j2_0p05_L10_neig160.json,b5930e304bbc8e2e01cb8f5323dd00ca1193944d626e8271b9d6b93e6ecb4863
NNN-TFIM,0.050000000000000003,10,37,1.0726433120736431e-14,4.5997446489130625e-15,160,2.331962736946958,0.79592483090788535,0.99999999999999734,2.6645352591003757e-15,0.0033062241399194406,build/runs/a1-publication/work/nnn_tfim_expensive/checkpoints/response_j2_0p05_L10_neig160.json,b5930e304bbc8e2e01cb8f5323dd00ca1193944d626e8271b9d6b93e6ecb4863
NNN-TFIM,0.050000000000000003,10,38,2.4117534144993908e-15,1.0342161031513291e-15,160,2.331962736946958,0.79592483090788535,0.99999999999999734,2.6645352591003757e-15,0.0033062241399194406,build/runs/a1-publication/work/nnn_tfim_expensive/checkpoints/response_j2_0p05_L10_neig160.json,b5930e304bbc8e2e01cb8f5323dd00ca1193944d626e8271b9d6b93e6ecb4863
NNN-TFIM,0.050000000000000003,10,39,9.8816622059289063e-16,4.237487181663174e-16,160,2.331962736946958,0.79592483090788535,0.99999999999999734,2.6645352591003757e-15,0.0033062241399194406,build/runs/a1-publication/work/nnn_tfim_expensive/checkpoints/response_j2_0p05_L10_neig160.json,b5930e304bbc8e2e01cb8f5323dd00ca1193944d626e8271b9d6b93e6ecb4863
NNN-TFIM,0.050000000000000003,10,40,4.091927132889037e-17,1.7547137731052479e-17,160,2.331962736946958,0.79592483090788535,0.99999999999999734,2.6645352591003757e-15,0.0033062241399194406,build/runs/a1-publication/work/nnn_tfim_expensive/checkpoints/response_j2_0p05_L10_neig160.json,b5930e304bbc8e2e01cb8f5323dd00ca1193944d626e8271b9d6b93e6ecb4863
NNN-TFIM,0.050000000000000003,10,41,9.1375018485593783e-18,3.9183738675525916e-18,160,2.331962736946958,0.79592483090788535,0.99999999999999734,2.6645352591003757e-15,0.0033062241399194406,build/runs/a1-publication/work/nnn_tfim_expensive/checkpoints/response_j2_0p05_L10_neig160.json,b5930e304bbc8e2e01cb8f5323dd00ca1193944d626e8271b9d6b93e6ecb4863
NNN-TFIM,0.050000000000000003,10,42,8.9526808499749677e-28,3.8391183135696058e-28,160,2.331962736946958,0.79592483090788535,0.99999999999999734,2.6645352591003757e-15,0.0033062241399194406,build/runs/a1-publication/work/nnn_tfim_expensive/checkpoints/response_j2_0p05_L10_neig160.json,b5930e304bbc8e2e01cb8f5323dd00ca1193944d626e8271b9d6b93e6ecb4863
NNN-TFIM,0.050000000000000003,10,43,8.0917999515120602e-30,3.469952509664014e-30,160,2.331962736946958,0.79592483090788535,0.99999999999999734,2.6645352591003757e-15,0.0033062241399194406,build/runs/a1-publication/work/nnn_tfim_expensive/checkpoints/response_j2_0p05_L10_neig160.json,b5930e304bbc8e2e01cb8f5323dd00ca1193944d626e8271b9d6b93e6ecb4863
NNN-TFIM,0.050000000000000003,10,44,1.713690896140067e-31,7.3487061735114078e-32,160,2.331962736946958,0.79592483090788535,0.99999999999999734,2.6645352591003757e-15,0.0033062241399194406,build/runs/a1-publication/work/nnn_tfim_expensive/checkpoints/response_j2_0p05_L10_neig160.json,b5930e304bbc8e2e01cb8f5323dd00ca1193944d626e8271b9d6b93e6ecb4863
NNN-TFIM,0.050000000000000003,10,45,1.1237864274127666e-32,4.8190582534095092e-33,160,2.331962736946958,0.79592483090788535,0.99999999999999734,2.6645352591003757e-15,0.0033062241399194406,build/runs/a1-publication/work/nnn_tfim_expensive/checkpoints/response_j2_0p05_L10_neig160.json,b5930e304bbc8e2e01cb8f5323dd00ca1193944d626e8271b9d6b93e6ecb4863
NNN-TFIM,0.050000000000000003,10,46,6.9719500854154865e-33,2.9897347736110364e-33,160,2.331962736946958,0.79592483090788535,0.99999999999999734,2.6645352591003757e-15,0.0033062241399194406,build/runs/a1-publication/work/nnn_tfim_expensive/checkpoints/response_j2_0p05_L10_neig160.json,b5930e304bbc8e2e01cb8f5323dd00ca1193944d626e8271b9d6b93e6ecb4863
NNN-TFIM,0.050000000000000003,10,47,9.659373953409761e-34,4.142164795504393e-34,160,2.331962736946958,0.79592483090788535,0.99999999999999734,2.6645352591003757e-15,0.0033062241399194406,build/runs/a1-publication/work/nnn_tfim_expensive/checkpoints/response_j2_0p05_L10_neig160.json,b5930e304bbc8e2e01cb8f5323dd00ca1193944d626e8271b9d6b93e6ecb4863
NNN-TFIM,0.050000000000000003,10,48,8.1459749465189895e-34,3.4931840108147811e-34,160,2.331962736946958,0.79592483090788535,0.99999999999999734,2.6645352591003757e-15,0.0033062241399194406,build/runs/a1-publication/work/nnn_tfim_expensive/checkpoints/response_j2_0p05_L10_neig160.json,b5930e304bbc8e2e01cb8f5323dd00ca1193944d626e8271b9d6b93e6ecb4863
NNN-TFIM,0.050000000000000003,10,49,4.4019992277860492e-34,1.8876799178829142e-34,160,2.331962736946958,0.79592483090788535,0.99999999999999734,2.6645352591003757e-15,0.0033062241399194406,build/runs/a1-publication/work/nnn_tfim_expensive/checkpoints/response_j2_0p05_L10_neig160.json,b5930e304bbc8e2e01cb8f5323dd00ca1193944d626e8271b9d6b93e6ecb4863
NNN-TFIM,0.050000000000000003,10,50,2.8154988648616722e-34,1.2073515670956935e-34,160,2.331962736946958,0.79592483090788535,0.99999999999999734,2.6645352591003757e-15,0.0033062241399194406,build/runs/a1-publication/work/nnn_tfim_expensive/checkpoints/response_j2_0p05_L10_neig160.json,b5930e304bbc8e2e01cb8f5323dd00ca1193944d626e8271b9d6b93e6ecb4863
NNN-TFIM,0.050000000000000003,10,51,9.9944400366376788e-35,4.2858489453062853e-35,160,2.331962736946958,0.79592483090788535,0.99999999999999734,2.6645352591003757e-15,0.0033062241399194406,build/runs/a1-publication/work/nnn_tfim_expensive/checkpoints/response_j2_0p05_L10_neig160.json,b5930e304bbc8e2e01cb8f5323dd00ca1193944d626e8271b9d6b93e6ecb4863
NNN-TFIM,0.050000000000000003,10,52,4.4186842485873182e-35,1.8948348438759055e-35,160,2.331962736946958,0.79592483090788535,0.99999999999999734,2.6645352591003757e-15,0.0033062241399194406,build/runs/a1-publication/work/nnn_tfim_expensive/checkpoints/response_j2_0p05_L10_neig160.json,b5930e304bbc8e2e01cb8f5323dd00ca1193944d626e8271b9d6b93e6ecb4863
NNN-TFIM,0.050000000000000003,10,53,4.1620503999372336e-35,1.7847842652006759e-35,160,2.331962736946958,0.79592483090788535,0.99999999999999734,2.6645352591003757e-15,0.0033062241399194406,build/runs/a1-publication/work/nnn_tfim_expensive/checkpoints/response_j2_0p05_L10_neig160.json,b5930e304bbc8e2e01cb8f5323dd00ca1193944d626e8271b9d6b93e6ecb4863
NNN-TFIM,0.050000000000000003,12,1,2.9889306283788906,0.87487806464212925,160,3.4163968090816392,0.7742769689541289,1.0000000000000211,0,0.0029128217745094487,build/runs/a1-publication/work/nnn_tfim_expensive/checkpoints/response_j2_0p05_L12_neig160.json,9004ab544badb5a6c5c0e83b21dd54b77450575872811fe0c03356f4399fd958
NNN-TFIM,0.050000000000000003,12,2,0.30896953800833798,0.09043725166439083,160,3.4163968090816392,0.7742769689541289,1.0000000000000211,0,0.0029128217745094487,build/runs/a1-publication/work/nnn_tfim_expensive/checkpoints/response_j2_0p05_L12_neig160.json,9004ab544badb5a6c5c0e83b21dd54b77450575872811fe0c03356f4399fd958
NNN-TFIM,0.050000000000000003,12,3,0.085450776316631172,0.02501195882442039,160,3.4163968090816392,0.7742769689541289,1.0000000000000211,0,0.0029128217745094487,build/runs/a1-publication/work/nnn_tfim_expensive/checkpoints/response_j2_0p05_L12_neig160.json,9004ab544badb5a6c5c0e83b21dd54b77450575872811fe0c03356f4399fd958
NNN-TFIM,0.050000000000000003,12,4,0.025881561504675635,0.0075756895205720707,160,3.4163968090816392,0.7742769689541289,1.0000000000000211,0,0.0029128217745094487,build/runs/a1-publication/work/nnn_tfim_expensive/checkpoints/response_j2_0p05_L12_neig160.json,9004ab544badb5a6c5c0e83b21dd54b77450575872811fe0c03356f4399fd958
NNN-TFIM,0.050000000000000003,12,5,0.0063238514753057272,0.0018510295579527954,160,3.4163968090816392,0.7742769689541289,1.0000000000000211,0,0.0029128217745094487,build/runs/a1-publication/work/nnn_tfim_expensive/checkpoints/response_j2_0p05_L12_neig160.json,9004ab544badb5a6c5c0e83b21dd54b77450575872811fe0c03356f4399fd958
NNN-TFIM,0.050000000000000003,12,6,0.00056387916939948423,0.00016505084184031317,160,3.4163968090816392,0.7742769689541289,1.0000000000000211,0,0.0029128217745094487,build/runs/a1-publication/work/nnn_tfim_expensive/checkpoints/response_j2_0p05_L12_neig160.json,9004ab544badb5a6c5c0e83b21dd54b77450575872811fe0c03356f4399fd958
NNN-TFIM,0.050000000000000003,12,7,0.00012487762671037437,3.6552436291480643e-05,160,3.4163968090816392,0.7742769689541289,1.0000000000000211,0,0.0029128217745094487,build/runs/a1-publication/work/nnn_tfim_expensive/checkpoints/response_j2_0p05_L12_neig160.json,9004ab544badb5a6c5c0e83b21dd54b77450575872811fe0c03356f4399fd958
NNN-TFIM,0.050000000000000003,12,8,5.1871672775082211e-05,1.5183152213816118e-05,160,3.4163968090816392,0.7742769689541289,1.0000000000000211,0,0.0029128217745094487,build/runs/a1-publication/work/nnn_tfim_expensive/checkpoints/response_j2_0p05_L12_neig160.json,9004ab544badb5a6c5c0e83b21dd54b77450575872811fe0c03356f4399fd958
NNN-TFIM,0.050000000000000003,12,9,3.6277607942501061e-05,1.0618675162693656e-05,160,3.4163968090816392,0.7742769689541289,1.0000000000000211,0,0.0029128217745094487,build/runs/a1-publication/work/nnn_tfim_expensive/checkpoints/response_j2_0p05_L12_neig160.json,9004ab544badb5a6c5c0e83b21dd54b77450575872811fe0c03356f4399fd958
NNN-TFIM,0.050000000000000003,12,10,2.7253984225305018e-05,7.977405947944073e-06,160,3.4163968090816392,0.7742769689541289,1.0000000000000211,0,0.0029128217745094487,build/runs/a1-publication/work/nnn_tfim_expensive/checkpoints/response_j2_0p05_L12_neig160.json,9004ab544badb5a6c5c0e83b21dd54b77450575872811fe0c03356f4399fd958
NNN-TFIM,0.050000000000000003,12,11,1.323281905909568e-05,3.8733261382048858e-06,160,3.4163968090816392,0.7742769689541289,1.0000000000000211,0,0.0029128217745094487,build/runs/a1-publication/work/nnn_tfim_expensive/checkpoints/response_j2_0p05_L12_neig160.json,9004ab544badb5a6c5c0e83b21dd54b77450575872811fe0c03356f4399fd958
NNN-TFIM,0.050000000000000003,12,12,5.8802545625007459e-06,1.7211860597895288e-06,160,3.4163968090816392,0.7742769689541289,1.0000000000000211,0,0.0029128217745094487,build/runs/a1-publication/work/nnn_tfim_expensive/checkpoints/response_j2_0p05_L12_neig160.json,9004ab544badb5a6c5c0e83b21dd54b77450575872811fe0c03356f4399fd958
NNN-TFIM,0.050000000000000003,12,13,5.7848491175265956e-06,1.6932603092676519e-06,160,3.4163968090816392,0.7742769689541289,1.0000000000000211,0,0.0029128217745094487,build/runs/a1-publication/work/nnn_tfim_expensive/checkpoints/response_j2_0p05_L12_neig160.json,9004ab544badb5a6c5c0e83b21dd54b77450575872811fe0c03356f4399fd958
NNN-TFIM,0.050000000000000003,12,14,2.2887610381996096e-06,6.6993419268965156e-07,160,3.4163968090816392,0.7742769689541289,1.0000000000000211,0,0.0029128217745094487,build/runs/a1-publication/work/nnn_tfim_expensive/checkpoints/response_j2_0p05_L12_neig160.json,9004ab544badb5a6c5c0e83b21dd54b77450575872811fe0c03356f4399fd958
NNN-TFIM,0.050000000000000003,12,15,2.2575109994149743e-06,6.6078711741386247e-07,160,3.4163968090816392,0.7742769689541289,1.0000000000000211,0,0.0029128217745094487,build/runs/a1-publication/work/nnn_tfim_expensive/checkpoints/response_j2_0p05_L12_neig160.json,9004ab544badb5a6c5c0e83b21dd54b77450575872811fe0c03356f4399fd958
NNN-TFIM,0.050000000000000003,12,16,2.1823024654408851e-06,6.3877312484304453e-07,160,3.4163968090816392,0.7742769689541289,1.0000000000000211,0,0.0029128217745094487,build/runs/a1-publication/work/nnn_tfim_expensive/checkpoints/response_j2_0p05_L12_neig160.json,9004ab544badb5a6c5c0e83b21dd54b77450575872811fe0c03356f4399fd958
NNN-TFIM,0.050000000000000003,12,17,1.3149904944829161e-06,3.8490566756980386e-07,160,3.4163968090816392,0.7742769689541289,1.0000000000000211,0,0.0029128217745094487,build/runs/a1-publication/work/nnn_tfim_expensive/checkpoints/response_j2_0p05_L12_neig160.json,9004ab544badb5a6c5c0e83b21dd54b77450575872811fe0c03356f4399fd958
NNN-TFIM,0.050000000000000003,12,18,7.120125196686492e-07,2.0841036901098299e-07,160,3.4163968090816392,0.7742769689541289,1.0000000000000211,0,0.0029128217745094487,build/runs/a1-publication/work/nnn_tfim_expensive/checkpoints/response_j2_0p05_L12_neig160.json,9004ab544badb5a6c5c0e83b21dd54b77450575872811fe0c03356f4399fd958
NNN-TFIM,0.050000000000000003,12,19,5.7602262411646024e-07,1.6860530444977811e-07,160,3.4163968090816392,0.7742769689541289,1.0000000000000211,0,0.0029128217745094487,build/runs/a1-publication/work/nnn_tfim_expensive/checkpoints/response_j2_0p05_L12_neig160.json,9004ab544badb5a6c5c0e83b21dd54b77450575872811fe0c03356f4399fd958
NNN-TFIM,0.050000000000000003,12,20,5.6892320434299018e-07,1.6652726136221931e-07,160,3.4163968090816392,0.7742769689541289,1.0000000000000211,0,0.0029128217745094487,build/runs/a1-publication/work/nnn_tfim_expensive/checkpoints/response_j2_0p05_L12_neig160.json,9004ab544badb5a6c5c0e83b21dd54b77450575872811fe0c03356f4399fd958
NNN-TFIM,0.050000000000000003,12,21,3.99034974050611e-07,1.1679994928864118e-07,160,3.4163968090816392,0.7742769689541289,1.0000000000000211,0,0.0029128217745094487,build/runs/a1-publication/work/nnn_tfim_expensive/checkpoints/response_j2_0p05_L12_neig160.json,9004ab544badb5a6c5c0e83b21dd54b77450575872811fe0c03356f4399fd958
NNN-TFIM,0.050000000000000003,12,22,3.3406174262231631e-07,9.7781891650962922e-08,160,3.4163968090816392,0.7742769689541289,1.0000000000000211,0,0.0029128217745094487,build/runs/a1-publication/work/nnn_tfim_expensive/checkpoints/response_j2_0p05_L12_neig160.json,9004ab544badb5a6c5c0e83b21dd54b77450575872811fe0c03356f4399fd958
NNN-TFIM,0.050000000000000003,12,23,2.4171405008012861e-07,7.0751163751702398e-08,160,3.4163968090816392,0.7742769689541289,1.0000000000000211,0,0.0029128217745094487,build/runs/a1-publication/work/nnn_tfim_expensive/checkpoints/response_j2_0p05_L12_neig160.json,9004ab544badb5a6c5c0e83b21dd54b77450575872811fe0c03356f4399fd958
NNN-TFIM,0.050000000000000003,12,24,2.2197934464142177e-07,6.4974696162736437e-08,160,3.4163968090816392,0.7742769689541289,1.0000000000000211,0,0.0029128217745094487,build/runs/a1-publication/work/nnn_tfim_expensive/checkpoints/response_j2_0p05_L12_neig160.json,9004ab544badb5a6c5c0e83b21dd54b77450575872811fe0c03356f4399fd958
NNN-TFIM,0.050000000000000003,12,25,8.2786127707342625e-08,2.4232000067227653e-08,160,3.4163968090816392,0.7742769689541289,1.0000000000000211,0,0.0029128217745094487,build/runs/a1-publication/work/nnn_tfim_expensive/checkpoints/response_j2_0p05_L12_neig160.json,9004ab544badb5a6c5c0e83b21dd54b77450575872811fe0c03356f4399fd958
NNN-TFIM,0.050000000000000003,12,26,7.5360003765086234e-08,2.2058328694360225e-08,160,3.4163968090816392,0.7742769689541289,1.0000000000000211,0,0.0029128217745094487,build/runs/a1-publication/work/nnn_tfim_expensive/checkpoints/response_j2_0p05_L12_neig160.json,9004ab544badb5a6c5c0e83b21dd54b77450575872811fe0c03356f4399fd958
NNN-TFIM,0.050000000000000003,12,27,4.1894618750828834e-08,1.2262808184184704e-08,160,3.4163968090816392,0.7742769689541289,1.0000000000000211,0,0.0029128217745094487,build/runs/a1-publication/work/nnn_tfim_expensive/checkpoints/response_j2_0p05_L12_neig160.json,9004ab544badb5a6c5c0e83b21dd54b77450575872811fe0c03356f4399fd958
NNN-TFIM,0.050000000000000003,12,28,3.110886925302531e-08,9.1057541004400121e-09,160,3.4163968090816392,0.7742769689541289,1.0000000000000211,0,0.0029128217745094487,build/runs/a1-publication/work/nnn_tfim_expensive/checkpoints/response_j2_0p05_L12_neig160.json,9004ab544badb5a6c5c0e83b21dd54b77450575872811fe0c03356f4399fd958
NNN-TFIM,0.050000000000000003,12,29,1.751163413787243e-08,5.125761179533395e-09,160,3.4163968090816392,0.7742769689541289,1.0000000000000211,0,0.0029128217745094487,build/runs/a1-publication/work/nnn_tfim_expensive/checkpoints/response_j2_0p05_L12_neig160.json,9004ab544badb5a6c5c0e83b21dd54b77450575872811fe0c03356f4399fd958
NNN-TFIM,0.050000000000000003,12,30,1.6350749389583065e-08,4.7859631955277186e-09,160,3.4163968090816392,0.7742769689541289,1.0000000000000211,0,0.0029128217745094487,build/runs/a1-publication/work/nnn_tfim_expensive/checkpoints/response_j2_0p05_L12_neig160.json,9004ab544badb5a6c5c0e83b21dd54b77450575872811fe0c03356f4399fd958
NNN-TFIM,0.050000000000000003,12,31,7.798246601454429e-09,2.2825939248991027e-09,160,3.4163968090816392,0.7742769689541289,1.0000000000000211,0,0.0029128217745094487,build/runs/a1-publication/work/nnn_tfim_expensive/checkpoints/response_j2_0p05_L12_neig160.json,9004ab544badb5a6c5c0e83b21dd54b77450575872811fe0c03356f4399fd958
NNN-TFIM,0.050000000000000003,12,32,6.8364035399176622e-09,2.0010566459214539e-09,160,3.4163968090816392,0.7742769689541289,1.0000000000000211,0,0.0029128217745094487,build/runs/a1-publication/work/nnn_tfim_expensive/checkpoints/response_j2_0p05_L12_neig160.json,9004ab544badb5a6c5c0e83b21dd54b77450575872811fe0c03356f4399fd958
NNN-TFIM,0.050000000000000003,12,33,5.3941462247763321e-09,1.5788992105475977e-09,160,3.4163968090816392,0.7742769689541289,1.0000000000000211,0,0.0029128217745094487,build/runs/a1-publication/work/nnn_tfim_expensive/checkpoints/response_j2_0p05_L12_neig160.json,9004ab544badb5a6c5c0e83b21dd54b77450575872811fe0c03356f4399fd958
NNN-TFIM,0.050000000000000003,12,34,2.4520044317196488e-09,7.1771652086830378e-10,160,3.4163968090816392,0.7742769689541289,1.0000000000000211,0,0.0029128217745094487,build/runs/a1-publication/work/nnn_tfim_expensive/checkpoints/response_j2_0p05_L12_neig160.json,9004ab544badb5a6c5c0e83b21dd54b77450575872811fe0c03356f4399fd958
NNN-TFIM,0.050000000000000003,12,35,2.321138597409083e-09,6.7941130001026659e-10,160,3.4163968090816392,0.7742769689541289,1.0000000000000211,0,0.0029128217745094487,build/runs/a1-publication/work/nnn_tfim_expensive/checkpoints/response_j2_0p05_L12_neig160.json,9004ab544badb5a6c5c0e83b21dd54b77450575872811fe0c03356f4399fd958
NNN-TFIM,0.050000000000000003,12,36,1.9322633300377003e-09,5.6558515828760291e-10,160,3.4163968090816392,0.7742769689541289,1.0000000000000211,0,0.0029128217745094487,build/runs/a1-publication/work/nnn_tfim_expensive/checkpoints/response_j2_0p05_L12_neig160.json,9004ab544badb5a6c5c0e83b21dd54b77450575872811fe0c03356f4399fd958
NNN-TFIM,0.050000000000000003,12,37,1.4121565084554277e-09,4.1334674728110088e-10,160,3.4163968090816392,0.7742769689541289,1.0000000000000211,0,0.0029128217745094487,build/runs/a1-publication/work/nnn_tfim_expensive/checkpoints/response_j2_0p05_L12_neig160.json,9004ab544badb5a6c5c0e83b21dd54b77450575872811fe0c03356f4399fd958
NNN-TFIM,0.050000000000000003,12,38,1.2759930357629805e-09,3.7349087564157394e-10,160,3.4163968090816392,0.7742769689541289,1.0000000000000211,0,0.0029128217745094487,build/runs/a1-publication/work/nnn_tfim_expensive/checkpoints/response_j2_0p05_L12_neig160.json,9004ab544badb5a6c5c0e83b21dd54b77450575872811fe0c03356f4399fd958
NNN-TFIM,0.050000000000000003,12,39,1.0541555075637968e-09,3.0855769000883834e-10,160,3.4163968090816392,0.7742769689541289,1.0000000000000211,0,0.0029128217745094487,build/runs/a1-publication/work/nnn_tfim_expensive/checkpoints/response_j2_0p05_L12_neig160.json,9004ab544badb5a6c5c0e83b21dd54b77450575872811fe0c03356f4399fd958
NNN-TFIM,0.050000000000000003,12,40,6.9041846931359125e-10,2.0208965992424704e-10,160,3.4163968090816392,0.7742769689541289,1.0000000000000211,0,0.0029128217745094487,build/runs/a1-publication/work/nnn_tfim_expensive/checkpoints/response_j2_0p05_L12_neig160.json,9004ab544badb5a6c5c0e83b21dd54b77450575872811fe0c03356f4399fd958
NNN-TFIM,0.050000000000000003,12,41,6.0879733883985722e-10,1.7819866159034023e-10,160,3.4163968090816392,0.7742769689541289,1.0000000000000211,0,0.0029128217745094487,build/runs/a1-publication/work/nnn_tfim_expensive/checkpoints/response_j2_0p05_L12_neig160.json,9004ab544badb5a6c5c0e83b21dd54b77450575872811fe0c03356f4399fd958
NNN-TFIM,0.050000000000000003,12,42,3.3575030308287986e-10,9.8276143506038698e-11,160,3.4163968090816392,0.7742769689541289,1.0000000000000211,0,0.0029128217745094487,build/runs/a1-publication/work/nnn_tfim_expensive/checkpoints/response_j2_0p05_L12_neig160.json,9004ab544badb5a6c5c0e83b21dd54b77450575872811fe0c03356f4399fd958
NNN-TFIM,0.050000000000000003,12,43,2.962347023077053e-10,8.6709688265789033e-11,160,3.4163968090816392,0.7742769689541289,1.0000000000000211,0,0.0029128217745094487,build/runs/a1-publication/work/nnn_tfim_expensive/checkpoints/response_j2_0p05_L12_neig160.json,9004ab544badb5a6c5c0e83b21dd54b77450575872811fe0c03356f4399fd958
NNN-TFIM,0.050000000000000003,12,44,1.9502294223973457e-10,5.7084394213609701e-11,160,3.4163968090816392,0.7742769689541289,1.0000000000000211,0,0.0029128217745094487,build/runs/a1-publication/work/nnn_tfim_expensive/checkpoints/response_j2_0p05_L12_neig160.json,9004ab544badb5a6c5c0e83b21dd54b77450575872811fe0c03356f4399fd958
NNN-TFIM,0.050000000000000003,12,45,9.5413597415662018e-11,2.7928136790793374e-11,160,3.4163968090816392,0.7742769689541289,1.0000000000000211,0,0.0029128217745094487,build/runs/a1-publication/work/nnn_tfim_expensive/checkpoints/response_j2_0p05_L12_neig160.json,9004ab544badb5a6c5c0e83b21dd54b77450575872811fe0c03356f4399fd958
NNN-TFIM,0.050000000000000003,12,46,8.3945359132837666e-11,2.4571314113656194e-11,160,3.4163968090816392,0.7742769689541289,1.0000000000000211,0,0.0029128217745094487,build/runs/a1-publication/work/nnn_tfim_expensive/checkpoints/response_j2_0p05_L12_neig160.json,9004ab544badb5a6c5c0e83b21dd54b77450575872811fe0c03356f4399fd958
NNN-TFIM,0.050000000000000003,12,47,7.1176575729991182e-11,2.0833814017384046e-11,160,3.4163968090816392,0.7742769689541289,1.0000000000000211,0,0.0029128217745094487,build/runs/a1-publication/work/nnn_tfim_expensive/checkpoints/response_j2_0p05_L12_neig160.json,9004ab544badb5a6c5c0e83b21dd54b77450575872811fe0c03356f4399fd958
NNN-TFIM,0.050000000000000003,12,48,5.980506636098845e-11,1.7505304478101485e-11,160,3.4163968090816392,0.7742769689541289,1.0000000000000211,0,0.0029128217745094487,build/runs/a1-publication/work/nnn_tfim_expensive/checkpoints/response_j2_0p05_L12_neig160.json,9004ab544badb5a6c5c0e83b21dd54b77450575872811fe0c03356f4399fd958
NNN-TFIM,0.050000000000000003,12,49,3.3648106016950579e-11,9.8490040523119202e-12,160,3.4163968090816392,0.7742769689541289,1.0000000000000211,0,0.0029128217745094487,build/runs/a1-publication/work/nnn_tfim_expensive/checkpoints/response_j2_0p05_L12_neig160.json,9004ab544badb5a6c5c0e83b21dd54b77450575872811fe0c03356f4399fd958
NNN-TFIM,0.050000000000000003,12,50,2.8379559144249746e-11,8.3068685314333981e-12,160,3.4163968090816392,0.7742769689541289,1.0000000000000211,0,0.0029128217745094487,build/runs/a1-publication/work/nnn_tfim_expensive/checkpoints/response_j2_0p05_L12_neig160.json,9004ab544badb5a6c5c0e83b21dd54b77450575872811fe0c03356f4399fd958
NNN-TFIM,0.050000000000000003,12,51,1.9623863972110656e-11,5.7440236215961523e-12,160,3.4163968090816392,0.7742769689541289,1.0000000000000211,0,0.0029128217745094487,build/runs/a1-publication/work/nnn_tfim_expensive/checkpoints/response_j2_0p05_L12_neig160.json,9004ab544badb5a6c5c0e83b21dd54b77450575872811fe0c03356f4399fd958
NNN-TFIM,0.050000000000000003,12,52,1.8034311836642863e-11,5.2787521018352257e-12,160,3.4163968090816392,0.7742769689541289,1.0000000000000211,0,0.0029128217745094487,build/runs/a1-publication/work/nnn_tfim_expensive/checkpoints/response_j2_0p05_L12_neig160.json,9004ab544badb5a6c5c0e83b21dd54b77450575872811fe0c03356f4399fd958
NNN-TFIM,0.050000000000000003,12,53,1.3422793956330311e-11,3.9289329391273167e-12,160,3.4163968090816392,0.7742769689541289,1.0000000000000211,0,0.0029128217745094487,build/runs/a1-publication/work/nnn_tfim_expensive/checkpoints/response_j2_0p05_L12_neig160.json,9004ab544badb5a6c5c0e83b21dd54b77450575872811fe0c03356f4399fd958
NNN-TFIM,0.050000000000000003,12,54,1.3285841481683457e-11,3.8888461218457876e-12,160,3.4163968090816392,0.7742769689541289,1.0000000000000211,0,0.0029128217745094487,build/runs/a1-publication/work/nnn_tfim_expensive/checkpoints/response_j2_0p05_L12_neig160.json,9004ab544badb5a6c5c0e83b21dd54b77450575872811fe0c03356f4399fd958
NNN-TFIM,0.050000000000000003,12,55,9.4602489975164892e-12,2.769072073937306e-12,160,3.4163968090816392,0.7742769689541289,1.0000000000000211,0,0.0029128217745094487,build/runs/a1-publication/work/nnn_tfim_expensive/checkpoints/response_j2_0p05_L12_neig160.json,9004ab544badb5a6c5c0e83b21dd54b77450575872811fe0c03356f4399fd958
NNN-TFIM,0.050000000000000003,12,56,9.0462444480391447e-12,2.6478904394220129e-12,160,3.4163968090816392,0.7742769689541289,1.0000000000000211,0,0.0029128217745094487,build/runs/a1-publication/work/nnn_tfim_expensive/checkpoints/response_j2_0p05_L12_neig160.json,9004ab544badb5a6c5c0e83b21dd54b77450575872811fe0c03356f4399fd958
NNN-TFIM,0.050000000000000003,12,57,5.2856437592131161e-12,1.5471398829206695e-12,160,3.4163968090816392,0.7742769689541289,1.0000000000000211,0,0.0029128217745094487,build/runs/a1-publication/work/nnn_tfim_expensive/checkpoints/response_j2_0p05_L12_neig160.json,9004ab544badb5a6c5c0e83b21dd54b77450575872811fe0c03356f4399fd958
NNN-TFIM,0.050000000000000003,12,58,4.7599288588619236e-12,1.3932599533546102e-12,160,3.4163968090816392,0.7742769689541289,1.0000000000000211,0,0.0029128217745094487,build/runs/a1-publication/work/nnn_tfim_expensive/checkpoints/response_j2_0p05_L12_neig160.json,9004ab544badb5a6c5c0e83b21dd54b77450575872811fe0c03356f4399fd958
NNN-TFIM,0.050000000000000003,12,59,4.2888729666953185e-12,1.2553790459276916e-12,160,3.4163968090816392,0.7742769689541289,1.0000000000000211,0,0.0029128217745094487,build/runs/a1-publication/work/nnn_tfim_expensive/checkpoints/response_j2_0p05_L12_neig160.json,9004ab544badb5a6c5c0e83b21dd54b77450575872811fe0c03356f4399fd958
NNN-TFIM,0.050000000000000003,12,60,3.3751893910626232e-12,9.8793833962452008e-13,160,3.4163968090816392,0.7742769689541289,1.0000000000000211,0,0.0029128217745094487,build/runs/a1-publication/work/nnn_tfim_expensive/checkpoints/response_j2_0p05_L12_neig160.json,9004ab544badb5a6c5c0e83b21dd54b77450575872811fe0c03356f4399fd958
NNN-TFIM,0.050000000000000003,12,61,2.6064794390656365e-12,7.62932289404135e-13,160,3.4163968090816392,0.7742769689541289,1.0000000000000211,0,0.0029128217745094487,build/runs/a1-publication/work/nnn_tfim_expensive/checkpoints/response_j2_0p05_L12_neig160.json,9004ab544badb5a6c5c0e83b21dd54b77450575872811fe0c03356f4399fd958
NNN-TFIM,0.050000000000000003,12,62,2.245812326129643e-12,6.5736284501838632e-13,160,3.4163968090816392,0.7742769689541289,1.0000000000000211,0,0.0029128217745094487,build/runs/a1-publication/work/nnn_tfim_expensive/checkpoints/response_j2_0p05_L12_neig160.json,9004ab544badb5a6c5c0e83b21dd54b77450575872811fe0c03356f4399fd958
NNN-TFIM,0.050000000000000003,12,63,2.1341811645694257e-12,6.2468772915846225e-13,160,3.4163968090816392,0.7742769689541289,1.0000000000000211,0,0.0029128217745094487,build/runs/a1-publication/work/nnn_tfim_expensive/checkpoints/response_j2_0p05_L12_neig160.json,9004ab544badb5a6c5c0e83b21dd54b77450575872811fe0c03356f4399fd958
NNN-TFIM,0.050000000000000003,12,64,2.0197855100048239e-12,5.9120342948328712e-13,160,3.4163968090816392,0.7742769689541289,1.0000000000000211,0,0.0029128217745094487,build/runs/a1-publication/work/nnn_tfim_expensive/checkpoints/response_j2_0p05_L12_neig160.json,9004ab544badb5a6c5c0e83b21dd54b77450575872811fe0c03356f4399fd958
NNN-TFIM,0.050000000000000003,12,65,7.6301352119740126e-13,2.2333867048731577e-13,160,3.4163968090816392,0.7742769689541289,1.0000000000000211,0,0.0029128217745094487,build/runs/a1-publication/work/nnn_tfim_expensive/checkpoints/response_j2_0p05_L12_neig160.json,9004ab544badb5a6c5c0e83b21dd54b77450575872811fe0c03356f4399fd958
NNN-TFIM,0.050000000000000003,12,66,6.8160485439199333e-13,1.9950986155358673e-13,160,3.4163968090816392,0.7742769689541289,1.0000000000000211,0,0.0029128217745094487,build/runs/a1-publication/work/nnn_tfim_expensive/checkpoints/response_j2_0p05_L12_neig160.json,9004ab544badb5a6c5c0e83b21dd54b77450575872811fe0c03356f4399fd958
NNN-TFIM,0.050000000000000003,12,67,5.6325884424802867e-13,1.6486926891827831e-13,160,3.4163968090816392,0.7742769689541289,1.0000000000000211,0,0.0029128217745094487,build/runs/a1-publication/work/nnn_tfim_expensive/checkpoints/response_j2_0p05_L12_neig160.json,9004ab544badb5a6c5c0e83b21dd54b77450575872811fe0c03356f4399fd958
NNN-TFIM,0.050000000000000003,12,68,5.042564922524296e-13,1.4759892378777237e-13,160,3.4163968090816392,0.7742769689541289,1.0000000000000211,0,0.0029128217745094487,build/runs/a1-publication/work/nnn_tfim_expensive/checkpoints/response_j2_0p05_L12_neig160.json,9004ab544badb5a6c5c0e83b21dd54b77450575872811fe0c03356f4399fd958
NNN-TFIM,0.050000000000000003,12,69,3.54095082290959e-13,1.0364577128443789e-13,160,3.4163968090816392,0.7742769689541289,1.0000000000000211,0,0.0029128217745094487,build/runs/a1-publication/work/nnn_tfim_expensive/checkpoints/response_j2_0p05_L12_neig160.json,9004ab544badb5a6c5c0e83b21dd54b77450575872811fe0c03356f4399fd958
NNN-TFIM,0.050000000000000003,12,70,2.4481555273733297e-13,7.1658992329741043e-14,160,3.4163968090816392,0.7742769689541289,1.0000000000000211,0,0.0029128217745094487,build/runs/a1-publication/work/nnn_tfim_expensive/checkpoints/response_j2_0p05_L12_neig160.json,9004ab544badb5a6c5c0e83b21dd54b77450575872811fe0c03356f4399fd958
NNN-TFIM,0.050000000000000003,12,71,1.9628618974317537e-13,5.7454154394886876e-14,160,3.4163968090816392,0.7742769689541289,1.0000000000000211,0,0.0029128217745094487,build/runs/a1-publication/work/nnn_tfim_expensive/checkpoints/response_j2_0p05_L12_neig160.json,9004ab544badb5a6c5c0e83b21dd54b77450575872811fe0c03356f4399fd958
NNN-TFIM,0.050000000000000003,12,72,1.90689987585525e-13,5.5816112191248745e-14,160,3.4163968090816392,0.7742769689541289,1.0000000000000211,0,0.0029128217745094487,build/runs/a1-publication/work/nnn_tfim_expensive/checkpoints/response_j2_0p05_L12_neig160.json,9004ab544badb5a6c5c0e83b21dd54b77450575872811fe0c03356f4399fd958
NNN-TFIM,0.050000000000000003,12,73,1.5826676598374773e-13,4.6325639212352318e-14,160,3.4163968090816392,0.7742769689541289,1.0000000000000211,0,0.0029128217745094487,build/runs/a1-publication/work/nnn_tfim_expensive/checkpoints/response_j2_0p05_L12_neig160.json,9004ab544badb5a6c5c0e83b21dd54b77450575872811fe0c03356f4399fd958
NNN-TFIM,0.050000000000000003,12,74,7.8544244064538382e-14,2.2990375080478968e-14,160,3.4163968090816392,0.7742769689541289,1.0000000000000211,0,0.0029128217745094487,build/runs/a1-publication/work/nnn_tfim_expensive/checkpoints/response_j2_0p05_L12_neig160.json,9004ab544badb5a6c5c0e83b21dd54b77450575872811fe0c03356f4399fd958
NNN-TFIM,0.050000000000000003,12,75,4.5347788961898736e-14,1.3273571981261938e-14,160,3.4163968090816392,0.7742769689541289,1.0000000000000211,0,0.0029128217745094487,build/runs/a1-publication/work/nnn_tfim_expensive/checkpoints/response_j2_0p05_L12_neig160.json,9004ab544badb5a6c5c0e83b21dd54b77450575872811fe0c03356f4399fd958
NNN-TFIM,0.050000000000000003,12,76,2.6270194565316302e-14,7.6894447669203822e-15,160,3.4163968090816392,0.7742769689541289,1.0000000000000211,0,0.0029128217745094487,build/runs/a1-publication/work/nnn_tfim_expensive/checkpoints/response_j2_0p05_L12_neig160.json,9004ab544badb5a6c5c0e83b21dd54b77450575872811fe0c03356f4399fd958
NNN-TFIM,0.050000000000000003,12,77,2.4425073489013894e-14,7.1493666731235455e-15,160,3.4163968090816392,0.7742769689541289,1.0000000000000211,0,0.0029128217745094487,build/runs/a1-publication/work/nnn_tfim_expensive/checkpoints/response_j2_0p05_L12_neig160.json,9004ab544badb5a6c5c0e83b21dd54b77450575872811fe0c03356f4399fd958
NNN-TFIM,0.050000000000000003,12,78,2.2143445692059937e-14,6.4815204232708291e-15,160,3.4163968090816392,0.7742769689541289,1.0000000000000211,0,0.0029128217745094487,build/runs/a1-publication/work/nnn_tfim_expensive/checkpoints/response_j2_0p05_L12_neig160.json,9004ab544badb5a6c5c0e83b21dd54b77450575872811fe0c03356f4399fd958
NNN-TFIM,0.050000000000000003,12,79,2.2049921406162859e-14,6.4541452993834439e-15,160,3.4163968090816392,0.7742769689541289,1.0000000000000211,0,0.0029128217745094487,build/runs/a1-publication/work/nnn_tfim_expensive/checkpoints/response_j2_0p05_L12_neig160.json,9004ab544badb5a6c5c0e83b21dd54b77450575872811fe0c03356f4399fd958
NNN-TFIM,0.050000000000000003,12,80,1.06918876650876e-14,3.1295801578627757e-15,160,3.4163968090816392,0.7742769689541289,1.0000000000000211,0,0.0029128217745094487,build/runs/a1-publication/work/nnn_tfim_expensive/checkpoints/response_j2_0p05_L12_neig160.json,9004ab544badb5a6c5c0e83b21dd54b77450575872811fe0c03356f4399fd958
NNN-TFIM,0.050000000000000003,12,81,8.2568798667041165e-15,2.4168386543258851e-15,160,3.4163968090816392,0.7742769689541289,1.0000000000000211,0,0.0029128217745094487,build/runs/a1-publication/work/nnn_tfim_expensive/checkpoints/response_j2_0p05_L12_neig160.json,9004ab544badb5a6c5c0e83b21dd54b77450575872811fe0c03356f4399fd958
NNN-TFIM,0.050000000000000003,12,82,7.0676778138452765e-15,2.0687520240791753e-15,160,3.4163968090816392,0.7742769689541289,1.0000000000000211,0,0.0029128217745094487,build/runs/a1-publication/work/nnn_tfim_expensive/checkpoints/response_j2_0p05_L12_neig160.json,9004ab544badb5a6c5c0e83b21dd54b77450575872811fe0c03356f4399fd958
NNN-TFIM,0.050000000000000003,12,83,6.7100137906939567e-15,1.9640616022287158e-15,160,3.4163968090816392,0.7742769689541289,1.0000000000000211,0,0.0029128217745094487,build/runs/a1-publication/work/nnn_tfim_expensive/checkpoints/response_j2_0p05_L12_neig160.json,9004ab544badb5a6c5c0e83b21dd54b77450575872811fe0c03356f4399fd958
NNN-TFIM,0.050000000000000003,12,84,6.382895544559293e-15,1.8683121139769119e-15,160,3.4163968090816392,0.7742769689541289,1.0000000000000211,0,0.0029128217745094487,build/runs/a1-publication/work/nnn_tfim_expensive/checkpoints/response_j2_0p05_L12_neig160.json,9004ab544badb5a6c5c0e83b21dd54b77450575872811fe0c03356f4399fd958
NNN-TFIM,0.050000000000000003,12,85,4.2556905102308359e-15,1.2456663403144927e-15,160,3.4163968090816392,0.7742769689541289,1.0000000000000211,0,0.0029128217745094487,build/runs/a1-publication/work/nnn_tfim_expensive/checkpoints/response_j2_0p05_L12_neig160.json,9004ab544badb5a6c5c0e83b21dd54b77450575872811fe0c03356f4399fd958
NNN-TFIM,0.050000000000000003,12,86,3.3897580291111656e-15,9.9220266805669021e-16,160,3.4163968090816392,0.7742769689541289,1.0000000000000211,0,0.0029128217745094487,build/runs/a1-publication/work/nnn_tfim_expensive/checkpoints/response_j2_0p05_L12_neig160.json,9004ab544badb5a6c5c0e83b21dd54b77450575872811fe0c03356f4399fd958
NNN-TFIM,0.050000000000000003,12,87,2.3555858391376465e-15,6.8949421591657879e-16,160,3.4163968090816392,0.7742769689541289,1.0000000000000211,0,0.0029128217745094487,build/runs/a1-publication/work/nnn_tfim_expensive/checkpoints/response_j2_0p05_L12_neig160.json,9004ab544badb5a6c5c0e83b21dd54b77450575872811fe0c03356f4399fd958
NNN-TFIM,0.050000000000000003,12,88,2.0041790057732217e-15,5.8663531134486818e-16,160,3.4163968090816392,0.7742769689541289,1.0000000000000211,0,0.0029128217745094487,build/runs/a1-publication/work/nnn_tfim_expensive/checkpoints/response_j2_0p05_L12_neig160.json,9004ab544badb5a6c5c0e83b21dd54b77450575872811fe0c03356f4399fd958
NNN-TFIM,0.050000000000000003,12,89,1.8412899318289681e-15,5.3895669464810344e-16,160,3.4163968090816392,0.7742769689541289,1.0000000000000211,0,0.0029128217745094487,build/runs/a1-publication/work/nnn_tfim_expensive/checkpoints/response_j2_0p05_L12_neig160.json,9004ab544badb5a6c5c0e83b21dd54b77450575872811fe0c03356f4399fd958
NNN-TFIM,0.050000000000000003,12,90,5.1000659773968651e-16,1.492820144264159e-16,160,3.4163968090816392,0.7742769689541289,1.0000000000000211,0,0.0029128217745094487,build/runs/a1-publication/work/nnn_tfim_expensive/checkpoints/response_j2_0p05_L12_neig160.json,9004ab544badb5a6c5c0e83b21dd54b77450575872811fe0c03356f4399fd958
NNN-TFIM,0.050000000000000003,12,91,2.7603773912405625e-16,8.079791504027832e-17,160,3.4163968090816392,0.7742769689541289,1.0000000000000211,0,0.0029128217745094487,build/runs/a1-publication/work/nnn_tfim_expensive/checkpoints/response_j2_0p05_L12_neig160.json,9004ab544badb5a6c5c0e83b21dd54b77450575872811fe0c03356f4399fd958
NNN-TFIM,0.050000000000000003,12,92,1.7298993658710444e-16,5.0635200257550239e-17,160,3.4163968090816392,0.7742769689541289,1.0000000000000211,0,0.0029128217745094487,build/runs/a1-publication/work/nnn_tfim_expensive/checkpoints/response_j2_0p05_L12_neig160.json,9004ab544badb5a6c5c0e83b21dd54b77450575872811fe0c03356f4399fd958
NNN-TFIM,0.050000000000000003,12,93,1.2535274315328952e-16,3.6691505746659902e-17,160,3.4163968090816392,0.7742769689541289,1.0000000000000211,0,0.0029128217745094487,build/runs/a1-publication/work/nnn_tfim_expensive/checkpoints/response_j2_0p05_L12_neig160.json,9004ab544badb5a6c5c0e83b21dd54b77450575872811fe0c03356f4399fd958
NNN-TFIM,0.050000000000000003,12,94,8.6291583327999454e-17,2.5258068119784797e-17,160,3.4163968090816392,0.7742769689541289,1.0000000000000211,0,0.0029128217745094487,build/runs/a1-publication/work/nnn_tfim_expensive/checkpoints/response_j2_0p05_L12_neig160.json,9004ab544badb5a6c5c0e83b21dd54b77450575872811fe0c03356f4399fd958
NNN-TFIM,0.050000000000000003,12,95,5.4227144861280244e-17,1.5872613133559573e-17,160,3.4163968090816392,0.7742769689541289,1.0000000000000211,0,0.0029128217745094487,build/runs/a1-publication/work/nnn_tfim_expensive/checkpoints/response_j2_0p05_L12_neig160.json,9004ab544badb5a6c5c0e83b21dd54b77450575872811fe0c03356f4399fd958
NNN-TFIM,0.050000000000000003,12,96,3.8495439788161571e-17,1.1267847951921463e-17,160,3.4163968090816392,0.7742769689541289,1.0000000000000211,0,0.0029128217745094487,build/runs/a1-publication/work/nnn_tfim_expensive/checkpoints/response_j2_0p05_L12_neig160.json,9004ab544badb5a6c5c0e83b21dd54b77450575872811fe0c03356f4399fd958
NNN-TFIM,0.050000000000000003,12,97,1.888849601649609e-17,5.5287769752874529e-18,160,3.4163968090816392,0.7742769689541289,1.0000000000000211,0,0.0029128217745094487,build/runs/a1-publication/work/nnn_tfim_expensive/checkpoints/response_j2_0p05_L12_neig160.json,9004ab544badb5a6c5c0e83b21dd54b77450575872811fe0c03356f4399fd958
NNN-TFIM,0.050000000000000003,12,98,1.2809171201543728e-17,3.749321849117099e-18,160,3.4163968090816392,0.7742769689541289,1.0000000000000211,0,0.0029128217745094487,build/runs/a1-publication/work/nnn_tfim_expensive/checkpoints/response_j2_0p05_L12_neig160.json,9004ab544badb5a6c5c0e83b21dd54b77450575872811fe0c03356f4399fd958
NNN-TFIM,0.050000000000000003,12,99,1.0448117821357087e-17,3.0582272508812121e-18,160,3.4163968090816392,0.7742769689541289,1.0000000000000211,0,0.0029128217745094487,build/runs/a1-publication/work/nnn_tfim_expensive/checkpoints/response_j2_0p05_L12_neig160.json,9004ab544badb5a6c5c0e83b21dd54b77450575872811fe0c03356f4399fd958
NNN-TFIM,0.050000000000000003,12,100,9.9577016844624152e-18,2.9146794827791514e-18,160,3.4163968090816392,0.7742769689541289,1.0000000000000211,0,0.0029128217745094487,build/runs/a1-publication/work/nnn_tfim_expensive/checkpoints/response_j2_0p05_L12_neig160.json,9004ab544badb5a6c5c0e83b21dd54b77450575872811fe0c03356f4399fd958
NNN-TFIM,0.050000000000000003,12,101,9.8178435982736737e-18,2.8737421754333056e-18,160,3.4163968090816392,0.7742769689541289,1.0000000000000211,0,0.0029128217745094487,build/runs/a1-publication/work/nnn_tfim_expensive/checkpoints/response_j2_0p05_L12_neig160.json,9004ab544badb5a6c5c0e83b21dd54b77450575872811fe0c03356f4399fd958
NNN-TFIM,0.050000000000000003,12,102,7.5557987692576922e-18,2.2116279786857561e-18,160,3.4163968090816392,0.7742769689541289,1.0000000000000211,0,0.0029128217745094487,build/runs/a1-publication/work/nnn_tfim_expensive/checkpoints/response_j2_0p05_L12_neig160.json,9004ab544badb5a6c5c0e83b21dd54b77450575872811fe0c03356f4399fd958
NNN-TFIM,0.050000000000000003,12,103,5.0905495852874184e-18,1.4900346387619439e-18,160,3.4163968090816392,0.7742769689541289,1.0000000000000211,0,0.0029128217745094487,build/runs/a1-publication/work/nnn_tfim_expensive/checkpoints/response_j2_0p05_L12_neig160.json,9004ab544badb5a6c5c0e83b21dd54b77450575872811fe0c03356f4399fd958
NNN-TFIM,0.050000000000000003,12,104,6.3664924478485556e-19,1.863510828404014e-19,160,3.4163968090816392,0.7742769689541289,1.0000000000000211,0,0.0029128217745094487,build/runs/a1-publication/work/nnn_tfim_expensive/checkpoints/response_j2_0p05_L12_neig160.json,9004ab544badb5a6c5c0e83b21dd54b77450575872811fe0c03356f4399fd958
NNN-TFIM,0.050000000000000003,12,105,2.9770246203009085e-27,8.713931040993922e-28,160,3.4163968090816392,0.7742769689541289,1.0000000000000211,0,0.0029128217745094487,build/runs/a1-publication/work/nnn_tfim_expensive/checkpoints/response_j2_0p05_L12_neig160.json,9004ab544badb5a6c5c0e83b21dd54b77450575872811fe0c03356f4399fd958
NNN-TFIM,0.050000000000000003,12,106,1.4843552844109002e-27,4.3447976548424106e-28,160,3.4163968090816392,0.7742769689541289,1.0000000000000211,0,0.0029128217745094487,build/runs/a1-publication/work/nnn_tfim_expensive/checkpoints/response_j2_0p05_L12_neig160.json,9004ab544badb5a6c5c0e83b21dd54b77450575872811fe0c03356f4399fd958
NNN-TFIM,0.050000000000000003,12,107,1.1414940324439392e-27,3.3412220425026794e-28,160,3.4163968090816392,0.7742769689541289,1.0000000000000211,0,0.0029128217745094487,build/runs/a1-publication/work/nnn_tfim_expensive/checkpoints/response_j2_0p05_L12_neig160.json,9004ab544badb5a6c5c0e83b21dd54b77450575872811fe0c03356f4399fd958
NNN-TFIM,0.050000000000000003,12,108,2.0574177847830046e-29,6.0221862381848393e-30,160,3.4163968090816392,0.7742769689541289,1.0000000000000211,0,0.0029128217745094487,build/runs/a1-publication/work/nnn_tfim_expensive/checkpoints/response_j2_0p05_L12_neig160.json,9004ab544badb5a6c5c0e83b21dd54b77450575872811fe0c03356f4399fd958
NNN-TFIM,0.050000000000000003,12,109,6.7687054567123837e-30,1.9812410076954374e-30,160,3.4163968090816392,0.7742769689541289,1.0000000000000211,0,0.0029128217745094487,build/runs/a1-publication/work/nnn_tfim_expensive/checkpoints/response_j2_0p05_L12_neig160.json,9004ab544badb5a6c5c0e83b21dd54b77450575872811fe0c03356f4399fd958
NNN-TFIM,0.050000000000000003,12,110,5.1303624393761927e-30,1.5016881018441426e-30,160,3.4163968090816392,0.7742769689541289,1.0000000000000211,0,0.0029128217745094487,build/runs/a1-publication/work/nnn_tfim_expensive/checkpoints/response_j2_0p05_L12_neig160.json,9004ab544badb5a6c5c0e83b21dd54b77450575872811fe0c03356f4399fd958
NNN-TFIM,0.050000000000000003,12,111,9.0161487946831381e-31,2.6390812597400728e-31,160,3.4163968090816392,0.7742769689541289,1.0000000000000211,0,0.0029128217745094487,build/runs/a1-publication/work/nnn_tfim_expensive/checkpoints/response_j2_0p05_L12_neig160.json,9004ab544badb5a6c5c0e83b21dd54b77450575872811fe0c03356f4399fd958
NNN-TFIM,0.050000000000000003,12,112,2.5002076378310536e-31,7.3182589071177994e-32,160,3.4163968090816392,0.7742769689541289,1.0000000000000211,0,0.0029128217745094487,build/runs/a1-publication/work/nnn_tfim_expensive/checkpoints/response_j2_0p05_L12_neig160.json,9004ab544badb5a6c5c0e83b21dd54b77450575872811fe0c03356f4399fd958
NNN-TFIM,0.050000000000000003,12,113,2.4148340418441089e-31,7.0683652303645608e-32,160,3.4163968090816392,0.7742769689541289,1.0000000000000211,0,0.0029128217745094487,build/runs/a1-publication/work/nnn_tfim_expensive/checkpoints/response_j2_0p05_L12_neig160.json,9004ab544badb5a6c5c0e83b21dd54b77450575872811fe0c03356f4399fd958
NNN-TFIM,0.050000000000000003,12,114,4.4644446814135332e-32,1.3067699482524745e-32,160,3.4163968090816392,0.7742769689541289,1.0000000000000211,0,0.0029128217745094487,build/runs/a1-publication/work/nnn_tfim_expensive/checkpoints/response_j2_0p05_L12_neig160.json,9004ab544badb5a6c5c0e83b21dd54b77450575872811fe0c03356f4399fd958
NNN-TFIM,0.050000000000000003,12,115,4.1989536895272464e-32,1.22905912988953e-32,160,3.4163968090816392,0.7742769689541289,1.0000000000000211,0,0.0029128217745094487,build/runs/a1-publication/work/nnn_tfim_expensive/checkpoints/response_j2_0p05_L12_neig160.json,9004ab544badb5a6c5c0e83b21dd54b77450575872811fe0c03356f4399fd958
NNN-TFIM,0.050000000000000003,12,116,3.2390255973659553e-32,9.4808237402511714e-33,160,3.4163968090816392,0.7742769689541289,1.0000000000000211,0,0.0029128217745094487,build/runs/a1-publication/work/nnn_tfim_expensive/checkpoints/response_j2_0p05_L12_neig160.json,9004ab544badb5a6c5c0e83b21dd54b77450575872811fe0c03356f4399fd958
NNN-TFIM,0.050000000000000003,12,117,1.0166222885850472e-32,2.9757148990498125e-33,160,3.4163968090816392,0.7742769689541289,1.0000000000000211,0,0.0029128217745094487,build/runs/a1-publication/work/nnn_tfim_expensive/checkpoints/response_j2_0p05_L12_neig160.json,9004ab544badb5a6c5c0e83b21dd54b77450575872811fe0c03356f4399fd958
NNN-TFIM,0.050000000000000003,12,118,1.0054678237528653e-32,2.9430651061377875e-33,160,3.4163968090816392,0.7742769689541289,1.0000000000000211,0,0.0029128217745094487,build/runs/a1-publication/work/nnn_tfim_expensive/checkpoints/response_j2_0p05_L12_neig160.json,9004ab544badb5a6c5c0e83b21dd54b77450575872811fe0c03356f4399fd958
NNN-TFIM,0.050000000000000003,12,119,8.3907735712039387e-33,2.4560301510934441e-33,160,3.4163968090816392,0.7742769689541289,1.0000000000000211,0,0.0029128217745094487,build/runs/a1-publication/work/nnn_tfim_expensive/checkpoints/response_j2_0p05_L12_neig160.json,9004ab544badb5a6c5c0e83b21dd54b77450575872811fe0c03356f4399fd958
NNN-TFIM,0.050000000000000003,12,120,3.7749689200901263e-33,1.1049562246561384e-33,160,3.4163968090816392,0.7742769689541289,1.0000000000000211,0,0.0029128217745094487,build/runs/a1-publication/work/nnn_tfim_expensive/checkpoints/response_j2_0p05_L12_neig160.json,9004ab544badb5a6c5c0e83b21dd54b77450575872811fe0c03356f4399fd958
NNN-TFIM,0.050000000000000003,12,121,3.148928539517981e-33,9.2171042050716693e-34,160,3.4163968090816392,0.7742769689541289,1.0000000000000211,0,0.0029128217745094487,build/runs/a1-publication/work/nnn_tfim_expensive/checkpoints/response_j2_0p05_L12_neig160.json,9004ab544badb5a6c5c0e83b21dd54b77450575872811fe0c03356f4399fd958
NNN-TFIM,0.050000000000000003,12,122,2.2782085417115357e-33,6.6684541317199635e-34,160,3.4163968090816392,0.7742769689541289,1.0000000000000211,0,0.0029128217745094487,build/runs/a1-publication/work/nnn_tfim_expensive/checkpoints/response_j2_0p05_L12_neig160.json,9004ab544badb5a6c5c0e83b21dd54b77450575872811fe0c03356f4399fd958
NNN-TFIM,0.050000000000000003,12,123,2.2346113632027058e-33,6.5408425545374251e-34,160,3.4163968090816392,0.7742769689541289,1.0000000000000211,0,0.0029128217745094487,build/runs/a1-publication/work/nnn_tfim_expensive/checkpoints/response_j2_0p05_L12_neig160.json,9004ab544badb5a6c5c0e83b21dd54b77450575872811fe0c03356f4399fd958
NNN-TFIM,0.050000000000000003,12,124,1.1315187763526604e-33,3.3120238648648772e-34,160,3.4163968090816392,0.7742769689541289,1.0000000000000211,0,0.0029128217745094487,build/runs/a1-publication/work/nnn_tfim_expensive/checkpoints/response_j2_0p05_L12_neig160.json,9004ab544badb5a6c5c0e83b21dd54b77450575872811fe0c03356f4399fd958
NNN-TFIM,0.050000000000000003,12,125,8.5275145655049705e-34,2.4960550667992367e-34,160,3.4163968090816392,0.7742769689541289,1.0000000000000211,0,0.0029128217745094487,build/runs/a1-publication/work/nnn_tfim_expensive/checkpoints/response_j2_0p05_L12_neig160.json,9004ab544badb5a6c5c0e83b21dd54b77450575872811fe0c03356f4399fd958
NNN-TFIM,0.050000000000000003,12,126,8.2887733010184191e-34,2.4261740553628846e-34,160,3.4163968090816392,0.7742769689541289,1.0000000000000211,0,0.0029128217745094487,build/runs/a1-publication/work/nnn_tfim_expensive/checkpoints/response_j2_0p05_L12_neig160.json,9004ab544badb5a6c5c0e83b21dd54b77450575872811fe0c03356f4399fd958
NNN-TFIM,0.050000000000000003,12,127,5.6994194847161172e-34,1.6682545392753065e-34,160,3.4163968090816392,0.7742769689541289,1.0000000000000211,0,0.0029128217745094487,build/runs/a1-publication/work/nnn_tfim_expensive/checkpoints/response_j2_0p05_L12_neig160.json,9004ab544badb5a6c5c0e83b21dd54b77450575872811fe0c03356f4399fd958
NNN-TFIM,0.050000000000000003,12,128,4.7853902350533711e-34,1.400712652093751e-34,160,3.4163968090816392,0.7742769689541289,1.0000000000000211,0,0.0029128217745094487,build/runs/a1-publication/work/nnn_tfim_expensive/checkpoints/response_j2_0p05_L12_neig160.json,9004ab544badb5a6c5c0e83b21dd54b77450575872811fe0c03356f4399fd958
NNN-TFIM,0.050000000000000003,12,129,4.7206416659619483e-34,1.3817603544802816e-34,160,3.4163968090816392,0.7742769689541289,1.0000000000000211,0,0.0029128217745094487,build/runs/a1-publication/work/nnn_tfim_expensive/checkpoints/response_j2_0p05_L12_neig160.json,9004ab544badb5a6c5c0e83b21dd54b77450575872811fe0c03356f4399fd958
NNN-TFIM,0.050000000000000003,12,130,3.6038641873668495e-34,1.054872834966616e-34,160,3.4163968090816392,0.7742769689541289,1.0000000000000211,0,0.0029128217745094487,build/runs/a1-publication/work/nnn_tfim_expensive/checkpoints/response_j2_0p05_L12_neig160.json,9004ab544badb5a6c5c0e83b21dd54b77450575872811fe0c03356f4399fd958
NNN-TFIM,0.050000000000000003,12,131,3.5894595768838886e-34,1.0506565183945275e-34,160,3.4163968090816392,0.7742769689541289,1.0000000000000211,0,0.0029128217745094487,build/runs/a1-publication/work/nnn_tfim_expensive/checkpoints/response_j2_0p05_L12_neig160.json,9004ab544badb5a6c5c0e83b21dd54b77450575872811fe0c03356f4399fd958
NNN-TFIM,0.050000000000000003,12,132,2.4731350002981146e-34,7.2390156603703105e-35,160,3.4163968090816392,0.7742769689541289,1.0000000000000211,0,0.0029128217745094487,build/runs/a1-publication/work/nnn_tfim_expensive/checkpoints/response_j2_0p05_L12_neig160.json,9004ab544badb5a6c5c0e83b21dd54b77450575872811fe0c03356f4399fd958
NNN-TFIM,0.050000000000000003,12,133,2.1800690567681161e-34,6.3811939262235169e-35,160,3.4163968090816392,0.7742769689541289,1.0000000000000211,0,0.0029128217745094487,build/runs/a1-publication/work/nnn_tfim_expensive/checkpoints/response_j2_0p05_L12_neig160.json,9004ab544badb5a6c5c0e83b21dd54b77450575872811fe0c03356f4399fd958
NNN-TFIM,0.050000000000000003,12,134,1.9800930974154552e-34,5.7958522035609895e-35,160,3.4163968090816392,0.7742769689541289,1.0000000000000211,0,0.0029128217745094487,build/runs/a1-publication/work/nnn_tfim_expensive/checkpoints/response_j2_0p05_L12_neig160.json,9004ab544badb5a6c5c0e83b21dd54b77450575872811fe0c03356f4399fd958
NNN-TFIM,0.050000000000000003,12,135,1.8749509216173656e-34,5.4880946985820734e-35,160,3.4163968090816392,0.7742769689541289,1.0000000000000211,0,0.0029128217745094487,build/runs/a1-publication/work/nnn_tfim_expensive/checkpoints/response_j2_0p05_L12_neig160.json,9004ab544badb5a6c5c0e83b21dd54b77450575872811fe0c03356f4399fd958
NNN-TFIM,0.050000000000000003,12,136,1.734406839953476e-34,5.076713674895691e-35,160,3.4163968090816392,0.7742769689541289,1.0000000000000211,0,0.0029128217745094487,build/runs/a1-publication/work/nnn_tfim_expensive/checkpoints/response_j2_0p05_L12_neig160.json,9004ab544badb5a6c5c0e83b21dd54b77450575872811fe0c03356f4399fd958
NNN-TFIM,0.050000000000000003,12,137,1.5389606128593174e-34,4.5046307524008165e-35,160,3.4163968090816392,0.7742769689541289,1.0000000000000211,0,0.0029128217745094487,build/runs/a1-publication/work/nnn_tfim_expensive/checkpoints/response_j2_0p05_L12_neig160.json,9004ab544badb5a6c5c0e83b21dd54b77450575872811fe0c03356f4399fd958
NNN-TFIM,0.050000000000000003,12,138,1.4033710974322816e-34,4.1077520436202531e-35,160,3.4163968090816392,0.7742769689541289,1.0000000000000211,0,0.0029128217745094487,build/runs/a1-publication/work/nnn_tfim_expensive/checkpoints/response_j2_0p05_L12_neig160.json,9004ab544badb5a6c5c0e83b21dd54b77450575872811fe0c03356f4399fd958
NNN-TFIM,0.050000000000000003,12,139,1.2812860177155105e-34,3.7504016345804182e-35,160,3.4163968090816392,0.7742769689541289,1.0000000000000211,0,0.0029128217745094487,build/runs/a1-publication/work/nnn_tfim_expensive/checkpoints/response_j2_0p05_L12_neig160.json,9004ab544badb5a6c5c0e83b21dd54b77450575872811fe0c03356f4399fd958
NNN-TFIM,0.050000000000000003,12,140,9.3524000712062832e-35,2.7375040412007348e-35,160,3.4163968090816392,0.7742769689541289,1.0000000000000211,0,0.0029128217745094487,build/runs/a1-publication/work/nnn_tfim_expensive/checkpoints/response_j2_0p05_L12_neig160.json,9004ab544badb5a6c5c0e83b21dd54b77450575872811fe0c03356f4399fd958
NNN-TFIM,0.050000000000000003,12,141,7.6157159531540563e-35,2.2291661006442735e-35,160,3.4163968090816392,0.7742769689541289,1.0000000000000211,0,0.0029128217745094487,build/runs/a1-publication/work/nnn_tfim_expensive/checkpoints/response_j2_0p05_L12_neig160.json,9004ab544badb5a6c5c0e83b21dd54b77450575872811fe0c03356f4399fd958
NNN-TFIM,0.050000000000000003,12,142,5.9661288529991856e-35,1.7463219837753388e-35,160,3.4163968090816392,0.7742769689541289,1.0000000000000211,0,0.0029128217745094487,build/runs/a1-publication/work/nnn_tfim_expensive/checkpoints/response_j2_0p05_L12_neig160.json,9004ab544badb5a6c5c0e83b21dd54b77450575872811fe0c03356f4399fd958
NNN-TFIM,0.050000000000000003,12,143,5.8247366477615405e-35,1.7049356305092927e-35,160,3.4163968090816392,0.7742769689541289,1.0000000000000211,0,0.0029128217745094487,build/runs/a1-publication/work/nnn_tfim_expensive/checkpoints/response_j2_0p05_L12_neig160.json,9004ab544badb5a6c5c0e83b21dd54b77450575872811fe0c03356f4399fd958
NNN-TFIM,0.050000000000000003,12,144,5.4446584088368576e-35,1.5936844321958123e-35,160,3.4163968090816392,0.7742769689541289,1.0000000000000211,0,0.0029128217745094487,build/runs/a1-publication/work/nnn_tfim_expensive/checkpoints/response_j2_0p05_L12_neig160.json,9004ab544badb5a6c5c0e83b21dd54b77450575872811fe0c03356f4399fd958
NNN-TFIM,0.050000000000000003,12,145,3.9095304465731544e-35,1.1443431969555299e-35,160,3.4163968090816392,0.7742769689541289,1.0000000000000211,0,0.0029128217745094487,build/runs/a1-publication/work/nnn_tfim_expensive/checkpoints/response_j2_0p05_L12_neig160.json,9004ab544badb5a6c5c0e83b21dd54b77450575872811fe0c03356f4399fd958
NNN-TFIM,0.050000000000000003,12,146,3.6151206593397725e-35,1.0581676723646022e-35,160,3.4163968090816392,0.7742769689541289,1.0000000000000211,0,0.0029128217745094487,build/runs/a1-publication/work/nnn_tfim_expensive/checkpoints/response_j2_0p05_L12_neig160.json,9004ab544badb5a6c5c0e83b21dd54b77450575872811fe0c03356f4399fd958
NNN-TFIM,0.050000000000000003,12,147,3.4742163565975142e-35,1.0169241311085926e-35,160,3.4163968090816392,0.7742769689541289,1.0000000000000211,0,0.0029128217745094487,build/runs/a1-publication/work/nnn_tfim_expensive/checkpoints/response_j2_0p05_L12_neig160.json,9004ab544badb5a6c5c0e83b21dd54b77450575872811fe0c03356f4399fd958
NNN-TFIM,0.050000000000000003,12,148,3.2645723232855116e-35,9.5556005514566111e-36,160,3.4163968090816392,0.7742769689541289,1.0000000000000211,0,0.0029128217745094487,build/runs/a1-publication/work/nnn_tfim_expensive/checkpoints/response_j2_0p05_L12_neig160.json,9004ab544badb5a6c5c0e83b21dd54b77450575872811fe0c03356f4399fd958
NNN-TFIM,0.050000000000000003,12,149,2.8791288094375424e-35,8.4273840842612194e-36,160,3.4163968090816392,0.7742769689541289,1.0000000000000211,0,0.0029128217745094487,build/runs/a1-publication/work/nnn_tfim_expensive/checkpoints/response_j2_0p05_L12_neig160.json,9004ab544badb5a6c5c0e83b21dd54b77450575872811fe0c03356f4399fd958
NNN-TFIM,0.050000000000000003,12,150,2.8730150719327665e-35,8.409488804975968e-36,160,3.4163968090816392,0.7742769689541289,1.0000000000000211,0,0.0029128217745094487,build/runs/a1-publication/work/nnn_tfim_expensive/checkpoints/response_j2_0p05_L12_neig160.json,9004ab544badb5a6c5c0e83b21dd54b77450575872811fe0c03356f4399fd958
NNN-TFIM,0.050000000000000003,12,151,2.7022887981958641e-35,7.909762680413771e-36,160,3.4163968090816392,0.7742769689541289,1.0000000000000211,0,0.0029128217745094487,build/runs/a1-publication/work/nnn_tfim_expensive/checkpoints/response_j2_0p05_L12_neig160.json,9004ab544badb5a6c5c0e83b21dd54b77450575872811fe0c03356f4399fd958
NNN-TFIM,0.050000000000000003,12,152,2.4969214171760359e-35,7.3086399405906029e-36,160,3.4163968090816392,0.7742769689541289,1.0000000000000211,0,0.0029128217745094487,build/runs/a1-publication/work/nnn_tfim_expensive/checkpoints/response_j2_0p05_L12_neig160.json,9004ab544badb5a6c5c0e83b21dd54b77450575872811fe0c03356f4399fd958
NNN-TFIM,0.050000000000000003,12,153,1.920660826212706e-35,5.6218903527456409e-36,160,3.4163968090816392,0.7742769689541289,1.0000000000000211,0,0.0029128217745094487,build/runs/a1-publication/work/nnn_tfim_expensive/checkpoints/response_j2_0p05_L12_neig160.json,9004ab544badb5a6c5c0e83b21dd54b77450575872811fe0c03356f4399fd958
NNN-TFIM,0.050000000000000003,12,154,1.8053581128168218e-35,5.2843923399580733e-36,160,3.4163968090816392,0.7742769689541289,1.0000000000000211,0,0.0029128217745094487,build/runs/a1-publication/work/nnn_tfim_expensive/checkpoints/response_j2_0p05_L12_neig160.json,9004ab544badb5a6c5c0e83b21dd54b77450575872811fe0c03356f4399fd958
NNN-TFIM,0.050000000000000003,12,155,1.3523158369271523e-35,3.9583102095528182e-36,160,3.4163968090816392,0.7742769689541289,1.0000000000000211,0,0.0029128217745094487,build/runs/a1-publication/work/nnn_tfim_expensive/checkpoints/response_j2_0p05_L12_neig160.json,9004ab544badb5a6c5c0e83b21dd54b77450575872811fe0c03356f4399fd958
NNN-TFIM,0.050000000000000003,12,156,7.5699864138111512e-36,2.2157807880186019e-36,160,3.4163968090816392,0.7742769689541289,1.0000000000000211,0,0.0029128217745094487,build/runs/a1-publication/work/nnn_tfim_expensive/checkpoints/response_j2_0p05_L12_neig160.json,9004ab544badb5a6c5c0e83b21dd54b77450575872811fe0c03356f4399fd958
NNN-TFIM,0.050000000000000003,12,157,7.113969871171195e-36,2.0823019891192028e-36,160,3.4163968090816392,0.7742769689541289,1.0000000000000211,0,0.0029128217745094487,build/runs/a1-publication/work/nnn_tfim_expensive/checkpoints/response_j2_0p05_L12_neig160.json,9004ab544badb5a6c5c0e83b21dd54b77450575872811fe0c03356f4399fd958
NNN-TFIM,0.050000000000000003,12,158,4.5287673144505857e-36,1.3255975718078143e-36,160,3.4163968090816392,0.7742769689541289,1.0000000000000211,0,0.0029128217745094487,build/runs/a1-publication/work/nnn_tfim_expensive/checkpoints/response_j2_0p05_L12_neig160.json,9004ab544badb5a6c5c0e83b21dd54b77450575872811fe0c03356f4399fd958
NNN-TFIM,0.050000000000000003,12,159,3.5853068725724525e-37,1.0494409967372081e-37,160,3.4163968090816392,0.7742769689541289,1.0000000000000211,0,0.0029128217745094487,build/runs/a1-publication/work/nnn_tfim_expensive/checkpoints/response_j2_0p05_L12_neig160.json,9004ab544badb5a6c5c0e83b21dd54b77450575872811fe0c03356f4399fd958
NNN-TFIM,0.050000000000000003,14,1,4.0728469444272335,0.86558467947964002,160,4.7053131149175265,0.75859452317807219,0.9999999999618856,3.8114400524591474e-11,0.0023608549221671099,build/runs/a1-publication/work/nnn_tfim_expensive/checkpoints/response_j2_0p05_L14_neig160.json,e484ded2832df0bd837a43508371f950a0c9dd7476a1df39f6d01d30283c85bd
NNN-TFIM,0.050000000000000003,14,2,0.43301295689155161,0.092026385134444208,160,4.7053131149175265,0.75859452317807219,0.9999999999618856,3.8114400524591474e-11,0.0023608549221671099,build/runs/a1-publication/work/nnn_tfim_expensive/checkpoints/response_j2_0p05_L14_neig160.json,e484ded2832df0bd837a43508371f950a0c9dd7476a1df39f6d01d30283c85bd
NNN-TFIM,0.050000000000000003,14,3,0.13104350172925272,0.027850112952908047,160,4.7053131149175265,0.75859452317807219,0.9999999999618856,3.8114400524591474e-11,0.0023608549221671099,build/runs/a1-publication/work/nnn_tfim_expensive/checkpoints/response_j2_0p05_L14_neig160.json,e484ded2832df0bd837a43508371f950a0c9dd7476a1df39f6d01d30283c85bd
NNN-TFIM,0.050000000000000003,14,4,0.047171027483827517,0.010025056001964775,160,4.7053131149175265,0.75859452317807219,0.9999999999618856,3.8114400524591474e-11,0.0023608549221671099,build/runs/a1-publication/work/nnn_tfim_expensive/checkpoints/response_j2_0p05_L14_neig160.json,e484ded2832df0bd837a43508371f950a0c9dd7476a1df39f6d01d30283c85bd
NNN-TFIM,0.050000000000000003,14,5,0.016195643253278356,0.0034419905450994051,160,4.7053131149175265,0.75859452317807219,0.9999999999618856,3.8114400524591474e-11,0.0023608549221671099,build/runs/a1-publication/work/nnn_tfim_expensive/checkpoints/response_j2_0p05_L14_neig160.json,e484ded2832df0bd837a43508371f950a0c9dd7476a1df39f6d01d30283c85bd
NNN-TFIM,0.050000000000000003,14,6,0.0043240557897178383,0.00091897301712165209,160,4.7053131149175265,0.75859452317807219,0.9999999999618856,3.8114400524591474e-11,0.0023608549221671099,build/runs/a1-publication/work/nnn_tfim_expensive/checkpoints/response_j2_0p05_L14_neig160.json,e484ded2832df0bd837a43508371f950a0c9dd7476a1df39f6d01d30283c85bd
NNN-TFIM,0.050000000000000003,14,7,0.00040123630586203445,8.5273029884020207e-05,160,4.7053131149175265,0.75859452317807219,0.9999999999618856,3.8114400524591474e-11,0.0023608549221671099,build/runs/a1-publication/work/nnn_tfim_expensive/checkpoints/response_j2_0p05_L14_neig160.json,e484ded2832df0bd837a43508371f950a0c9dd7476a1df39f6d01d30283c85bd
NNN-TFIM,0.050000000000000003,14,8,8.7813850958921662e-05,1.866270082654443e-05,160,4.7053131149175265,0.75859452317807219,0.9999999999618856,3.8114400524591474e-11,0.0023608549221671099,build/runs/a1-publication/work/nnn_tfim_expensive/checkpoints/response_j2_0p05_L14_neig160.json,e484ded2832df0bd837a43508371f950a0c9dd7476a1df39f6d01d30283c85bd
NNN-TFIM,0.050000000000000003,14,9,4.7927309224282597e-05,1.0185785314124127e-05,160,4.7053131149175265,0.75859452317807219,0.9999999999618856,3.8114400524591474e-11,0.0023608549221671099,build/runs/a1-publication/work/nnn_tfim_expensive/checkpoints/response_j2_0p05_L14_neig160.json,e484ded2832df0bd837a43508371f950a0c9dd7476a1df39f6d01d30283c85bd
NNN-TFIM,0.050000000000000003,14,10,3.5845206053018432e-05,7.618027786371177e-06,160,4.7053131149175265,0.75859452317807219,0.9999999999618856,3.8114400524591474e-11,0.0023608549221671099,build/runs/a1-publication/work/nnn_tfim_expensive/checkpoints/response_j2_0p05_L14_neig160.json,e484ded2832df0bd837a43508371f950a0c9dd7476a1df39f6d01d30283c85bd
NNN-TFIM,0.050000000000000003,14,11,2.9358661306167374e-05,6.2394702731025302e-06,160,4.7053131149175265,0.75859452317807219,0.9999999999618856,3.8114400524591474e-11,0.0023608549221671099,build/runs/a1-publication/work/nnn_tfim_expensive/checkpoints/response_j2_0p05_L14_neig160.json,e484ded2832df0bd837a43508371f950a0c9dd7476a1df39f6d01d30283c85bd
NNN-TFIM,0.050000000000000003,14,12,2.6926211081886764e-05,5.7225120675861168e-06,160,4.7053131149175265,0.75859452317807219,0.9999999999618856,3.8114400524591474e-11,0.0023608549221671099,build/runs/a1-publication/work/nnn_tfim_expensive/checkpoints/response_j2_0p05_L14_neig160.json,e484ded2832df0bd837a43508371f950a0c9dd7476a1df39f6d01d30283c85bd
NNN-TFIM,0.050000000000000003,14,13,2.6849418961569962e-05,5.7061917678650747e-06,160,4.7053131149175265,0.75859452317807219,0.9999999999618856,3.8114400524591474e-11,0.0023608549221671099,build/runs/a1-publication/work/nnn_tfim_expensive/checkpoints/response_j2_0p05_L14_neig160.json,e484ded2832df0bd837a43508371f950a0c9dd7476a1df39f6d01d30283c85bd
NNN-TFIM,0.050000000000000003,14,14,2.2985389112844099e-05,4.8849860894426328e-06,160,4.7053131149175265,0.75859452317807219,0.9999999999618856,3.8114400524591474e-11,0.0023608549221671099,build/runs/a1-publication/work/nnn_tfim_expensive/checkpoints/response_j2_0p05_L14_neig160.json,e484ded2832df0bd837a43508371f950a0c9dd7476a1df39f6d01d30283c85bd
NNN-TFIM,0.050000000000000003,14,15,9.0882923286942087e-06,1.9314957595236477e-06,160,4.7053131149175265,0.75859452317807219,0.9999999999618856,3.8114400524591474e-11,0.0023608549221671099,build/runs/a1-publication/work/nnn_tfim_expensive/checkpoints/response_j2_0p05_L14_neig160.json,e484ded2832df0bd837a43508371f950a0c9dd7476a1df39f6d01d30283c85bd
NNN-TFIM,0.050000000000000003,14,16,5.5984473101346523e-06,1.1898139769669251e-06,160,4.7053131149175265,0.75859452317807219,0.9999999999618856,3.8114400524591474e-11,0.0023608549221671099,build/runs/a1-publication/work/nnn_tfim_expensive/checkpoints/response_j2_0p05_L14_neig160.json,e484ded2832df0bd837a43508371f950a0c9dd7476a1df39f6d01d30283c85bd
NNN-TFIM,0.050000000000000003,14,17,4.2309852338310112e-06,8.9919313135979701e-07,160,4.7053131149175265,0.75859452317807219,0.9999999999618856,3.8114400524591474e-11,0.0023608549221671099,build/runs/a1-publication/work/nnn_tfim_expensive/checkpoints/response_j2_0p05_L14_neig160.json,e484ded2832df0bd837a43508371f950a0c9dd7476a1df39f6d01d30283c85bd
NNN-TFIM,0.050000000000000003,14,18,3.5724922874708154e-06,7.5924645187686578e-07,160,4.7053131149175265,0.75859452317807219,0.9999999999618856,3.8114400524591474e-11,0.0023608549221671099,build/runs/a1-publication/work/nnn_tfim_expensive/checkpoints/response_j2_0p05_L14_neig160.json,e484ded2832df0bd837a43508371f950a0c9dd7476a1df39f6d01d30283c85bd
NNN-TFIM,0.050000000000000003,14,19,3.3987522234342844e-06,7.2232222180050541e-07,160,4.7053131149175265,0.75859452317807219,0.9999999999618856,3.8114400524591474e-11,0.0023608549221671099,build/runs/a1-publication/work/nnn_tfim_expensive/checkpoints/response_j2_0p05_L14_neig160.json,e484ded2832df0bd837a43508371f950a0c9dd7476a1df39f6d01d30283c85bd
NNN-TFIM,0.050000000000000003,14,20,2.4870838442450785e-06,5.2856925426708216e-07,160,4.7053131149175265,0.75859452317807219,0.9999999999618856,3.8114400524591474e-11,0.0023608549221671099,build/runs/a1-publication/work/nnn_tfim_expensive/checkpoints/response_j2_0p05_L14_neig160.json,e484ded2832df0bd837a43508371f950a0c9dd7476a1df39f6d01d30283c85bd
NNN-TFIM,0.050000000000000003,14,21,2.1020992926758846e-06,4.4675013996655769e-07,160,4.7053131149175265,0.75859452317807219,0.9999999999618856,3.8114400524591474e-11,0.0023608549221671099,build/runs/a1-publication/work/nnn_tfim_expensive/checkpoints/response_j2_0p05_L14_neig160.json,e484ded2832df0bd837a43508371f950a0c9dd7476a1df39f6d01d30283c85bd
NNN-TFIM,0.050000000000000003,14,22,1.9415191475236324e-06,4.1262273096519802e-07,160,4.7053131149175265,0.75859452317807219,0.9999999999618856,3.8114400524591474e-11,0.0023608549221671099,build/runs/a1-publication/work/nnn_tfim_expensive/checkpoints/response_j2_0p05_L14_neig160.json,e484ded2832df0bd837a43508371f950a0c9dd7476a1df39f6d01d30283c85bd
NNN-TFIM,0.050000000000000003,14,23,1.3846070061280954e-06,2.9426458395263762e-07,160,4.7053131149175265,0.75859452317807219,0.9999999999618856,3.8114400524591474e-11,0.0023608549221671099,build/runs/a1-publication/work/nnn_tfim_expensive/checkpoints/response_j2_0p05_L14_neig160.json,e484ded2832df0bd837a43508371f950a0c9dd7476a1df39f6d01d30283c85bd
NNN-TFIM,0.050000000000000003,14,24,1.2614592140025178e-06,2.6809251227155121e-07,160,4.7053131149175265,0.75859452317807219,0.9999999999618856,3.8114400524591474e-11,0.0023608549221671099,build/runs/a1-publication/work/nnn_tfim_expensive/checkpoints/response_j2_0p05_L14_neig160.json,e484ded2832df0bd837a43508371f950a0c9dd7476a1df39f6d01d30283c85bd
NNN-TFIM,0.050000000000000003,14,25,9.2489562482277894e-07,1.9656409727346919e-07,160,4.7053131149175265,0.75859452317807219,0.9999999999618856,3.8114400524591474e-11,0.0023608549221671099,build/runs/a1-publication/work/nnn_tfim_expensive/checkpoints/response_j2_0p05_L14_neig160.json,e484ded2832df0bd837a43508371f950a0c9dd7476a1df39f6d01d30283c85bd
NNN-TFIM,0.050000000000000003,14,26,5.7967000135924515e-07,1.2319477730854591e-07,160,4.7053131149175265,0.75859452317807219,0.9999999999618856,3.8114400524591474e-11,0.0023608549221671099,build/runs/a1-publication/work/nnn_tfim_expensive/checkpoints/response_j2_0p05_L14_neig160.json,e484ded2832df0bd837a43508371f950a0c9dd7476a1df39f6d01d30283c85bd
NNN-TFIM,0.050000000000000003,14,27,5.6205292519008108e-07,1.1945069572695857e-07,160,4.7053131149175265,0.75859452317807219,0.9999999999618856,3.8114400524591474e-11,0.0023608549221671099,build/runs/a1-publication/work/nnn_tfim_expensive/checkpoints/response_j2_0p05_L14_neig160.json,e484ded2832df0bd837a43508371f950a0c9dd7476a1df39f6d01d30283c85bd
NNN-TFIM,0.050000000000000003,14,28,5.3276338897623551e-07,1.13225916313026e-07,160,4.7053131149175265,0.75859452317807219,0.9999999999618856,3.8114400524591474e-11,0.0023608549221671099,build/runs/a1-publication/work/nnn_tfim_expensive/checkpoints/response_j2_0p05_L14_neig160.json,e484ded2832df0bd837a43508371f950a0c9dd7476a1df39f6d01d30283c85bd
NNN-TFIM,0.050000000000000003,14,29,3.3731229188581413e-07,7.1687533570595645e-08,160,4.7053131149175265,0.75859452317807219,0.9999999999618856,3.8114400524591474e-11,0.0023608549221671099,build/runs/a1-publication/work/nnn_tfim_expensive/checkpoints/response_j2_0p05_L14_neig160.json,e484ded2832df0bd837a43508371f950a0c9dd7476a1df39f6d01d30283c85bd
NNN-TFIM,0.050000000000000003,14,30,3.097007760650969e-07,6.581937662835542e-08,160,4.7053131149175265,0.75859452317807219,0.9999999999618856,3.8114400524591474e-11,0.0023608549221671099,build/runs/a1-publication/work/nnn_tfim_expensive/checkpoints/response_j2_0p05_L14_neig160.json,e484ded2832df0bd837a43508371f950a0c9dd7476a1df39f6d01d30283c85bd
NNN-TFIM,0.050000000000000003,14,31,2.7602312796674244e-07,5.8662010630419123e-08,160,4.7053131149175265,0.75859452317807219,0.9999999999618856,3.8114400524591474e-11,0.0023608549221671099,build/runs/a1-publication/work/nnn_tfim_expensive/checkpoints/response_j2_0p05_L14_neig160.json,e484ded2832df0bd837a43508371f950a0c9dd7476a1df39f6d01d30283c85bd
NNN-TFIM,0.050000000000000003,14,32,2.5384025925882239e-07,5.3947580758028181e-08,160,4.7053131149175265,0.75859452317807219,0.9999999999618856,3.8114400524591474e-11,0.0023608549221671099,build/runs/a1-publication/work/nnn_tfim_expensive/checkpoints/response_j2_0p05_L14_neig160.json,e484ded2832df0bd837a43508371f950a0c9dd7476a1df39f6d01d30283c85bd
NNN-TFIM,0.050000000000000003,14,33,2.438798520786194e-07,5.1830738172435962e-08,160,4.7053131149175265,0.75859452317807219,0.9999999999618856,3.8114400524591474e-11,0.0023608549221671099,build/runs/a1-publication/work/nnn_tfim_expensive/checkpoints/response_j2_0p05_L14_neig160.json,e484ded2832df0bd837a43508371f950a0c9dd7476a1df39f6d01d30283c85bd
NNN-TFIM,0.050000000000000003,14,34,1.7929521225332484e-07,3.810484188286957e-08,160,4.7053131149175265,0.75859452317807219,0.9999999999618856,3.8114400524591474e-11,0.0023608549221671099,build/runs/a1-publication/work/nnn_tfim_expensive/checkpoints/response_j2_0p05_L14_neig160.json,e484ded2832df0bd837a43508371f950a0c9dd7476a1df39f6d01d30283c85bd
NNN-TFIM,0.050000000000000003,14,35,1.7576650088400099e-07,3.7354900001608457e-08,160,4.7053131149175265,0.75859452317807219,0.9999999999618856,3.8114400524591474e-11,0.0023608549221671099,build/runs/a1-publication/work/nnn_tfim_expensive/checkpoints/response_j2_0p05_L14_neig160.json,e484ded2832df0bd837a43508371f950a0c9dd7476a1df39f6d01d30283c85bd
NNN-TFIM,0.050000000000000003,14,36,1.2594413129514461e-07,2.676636564224741e-08,160,4.7053131149175265,0.75859452317807219,0.9999999999618856,3.8114400524591474e-11,0.0023608549221671099,build/runs/a1-publication/work/nnn_tfim_expensive/checkpoints/response_j2_0p05_L14_neig160.json,e484ded2832df0bd837a43508371f950a0c9dd7476a1df39f6d01d30283c85bd
NNN-TFIM,0.050000000000000003,14,37,8.5743189204853806e-08,1.8222631971720907e-08,160,4.7053131149175265,0.75859452317807219,0.9999999999618856,3.8114400524591474e-11,0.0023608549221671099,build/runs/a1-publication/work/nnn_tfim_expensive/checkpoints/response_j2_0p05_L14_neig160.json,e484ded2832df0bd837a43508371f950a0c9dd7476a1df39f6d01d30283c85bd
NNN-TFIM,0.050000000000000003,14,38,6.5118242754627111e-08,1.3839300629787841e-08,160,4.7053131149175265,0.75859452317807219,0.9999999999618856,3.8114400524591474e-11,0.0023608549221671099,build/runs/a1-publication/work/nnn_tfim_expensive/checkpoints/response_j2_0p05_L14_neig160.json,e484ded2832df0bd837a43508371f950a0c9dd7476a1df39f6d01d30283c85bd
NNN-TFIM,0.050000000000000003,14,39,5.5482207219962853e-08,1.1791395357742378e-08,160,4.7053131149175265,0.75859452317807219,0.9999999999618856,3.8114400524591474e-11,0.0023608549221671099,build/runs/a1-publication/work/nnn_tfim_expensive/checkpoints/response_j2_0p05_L14_neig160.json,e484ded2832df0bd837a43508371f950a0c9dd7476a1df39f6d01d30283c85bd
NNN-TFIM,0.050000000000000003,14,40,4.8278040729390398e-08,1.0260324775482365e-08,160,4.7053131149175265,0.75859452317807219,0.9999999999618856,3.8114400524591474e-11,0.0023608549221671099,build/runs/a1-publication/work/nnn_tfim_expensive/checkpoints/response_j2_0p05_L14_neig160.json,e484ded2832df0bd837a43508371f950a0c9dd7476a1df39f6d01d30283c85bd
NNN-TFIM,0.050000000000000003,14,41,4.6076498495570253e-08,9.7924404540669707e-09,160,4.7053131149175265,0.75859452317807219,0.9999999999618856,3.8114400524591474e-11,0.0023608549221671099,build/runs/a1-publication/work/nnn_tfim_expensive/checkpoints/response_j2_0p05_L14_neig160.json,e484ded2832df0bd837a43508371f950a0c9dd7476a1df39f6d01d30283c85bd
NNN-TFIM,0.050000000000000003,14,42,3.2114906044936001e-08,6.8252431369806731e-09,160,4.7053131149175265,0.75859452317807219,0.9999999999618856,3.8114400524591474e-11,0.0023608549221671099,build/runs/a1-publication/work/nnn_tfim_expensive/checkpoints/response_j2_0p05_L14_neig160.json,e484ded2832df0bd837a43508371f950a0c9dd7476a1df39f6d01d30283c85bd
NNN-TFIM,0.050000000000000003,14,43,3.0609002122418774e-08,6.5051998400228206e-09,160,4.7053131149175265,0.75859452317807219,0.9999999999618856,3.8114400524591474e-11,0.0023608549221671099,build/runs/a1-publication/work/nnn_tfim_expensive/checkpoints/response_j2_0p05_L14_neig160.json,e484ded2832df0bd837a43508371f950a0c9dd7476a1df39f6d01d30283c85bd
NNN-TFIM,0.050000000000000003,14,44,2.6649694353524545e-08,5.6637451541822956e-09,160,4.7053131149175265,0.75859452317807219,0.9999999999618856,3.8114400524591474e-11,0.0023608549221671099,build/runs/a1-publication/work/nnn_tfim_expensive/checkpoints/response_j2_0p05_L14_neig160.json,e484ded2832df0bd837a43508371f950a0c9dd7476a1df39f6d01d30283c85bd
NNN-TFIM,0.050000000000000003,14,45,2.2688754346052829e-08,4.8219435756828507e-09,160,4.7053131149175265,0.75859452317807219,0.9999999999618856,3.8114400524591474e-11,0.0023608549221671099,build/runs/a1-publication/work/nnn_tfim_expensive/checkpoints/response_j2_0p05_L14_neig160.json,e484ded2832df0bd837a43508371f950a0c9dd7476a1df39f6d01d30283c85bd
NNN-TFIM,0.050000000000000003,14,46,1.9615234035163755e-08,4.1687414962835192e-09,160,4.7053131149175265,0.75859452317807219,0.9999999999618856,3.8114400524591474e-11,0.0023608549221671099,build/runs/a1-publication/work/nnn_tfim_expensive/checkpoints/response_j2_0p05_L14_neig160.json,e484ded2832df0bd837a43508371f950a0c9dd7476a1df39f6d01d30283c85bd
NNN-TFIM,0.050000000000000003,14,47,8.5369508819057995e-09,1.8143215283252053e-09,160,4.7053131149175265,0.75859452317807219,0.9999999999618856,3.8114400524591474e-11,0.0023608549221671099,build/runs/a1-publication/work/nnn_tfim_expensive/checkpoints/response_j2_0p05_L14_neig160.json,e484ded2832df0bd837a43508371f950a0c9dd7476a1df39f6d01d30283c85bd
NNN-TFIM,0.050000000000000003,14,48,6.8245045796836277e-09,1.4503826659372584e-09,160,4.7053131149175265,0.75859452317807219,0.9999999999618856,3.8114400524591474e-11,0.0023608549221671099,build/runs/a1-publication/work/nnn_tfim_expensive/checkpoints/response_j2_0p05_L14_neig160.json,e484ded2832df0bd837a43508371f950a0c9dd7476a1df39f6d01d30283c85bd
NNN-TFIM,0.050000000000000003,14,49,4.80670767868094e-09,1.0215489514272614e-09,160,4.7053131149175265,0.75859452317807219,0.9999999999618856,3.8114400524591474e-11,0.0023608549221671099,build/runs/a1-publication/work/nnn_tfim_expensive/checkpoints/response_j2_0p05_L14_neig160.json,e484ded2832df0bd837a43508371f950a0c9dd7476a1df39f6d01d30283c85bd
NNN-TFIM,0.050000000000000003,14,50,3.0673962974859852e-09,6.5190056911648265e-10,160,4.7053131149175265,0.75859452317807219,0.9999999999618856,3.8114400524591474e-11,0.0023608549221671099,build/runs/a1-publication/work/nnn_tfim_expensive/checkpoints/response_j2_0p05_L14_neig160.json,e484ded2832df0bd837a43508371f950a0c9dd7476a1df39f6d01d30283c85bd
NNN-TFIM,0.050000000000000003,14,51,2.8198634261198004e-09,5.992934704344806e-10,160,4.7053131149175265,0.75859452317807219,0.9999999999618856,3.8114400524591474e-11,0.0023608549221671099,build/runs/a1-publication/work/nnn_tfim_expensive/checkpoints/response_j2_0p05_L14_neig160.json,e484ded2832df0bd837a43508371f950a0c9dd7476a1df39f6d01d30283c85bd
NNN-TFIM,0.050000000000000003,14,52,1.999041192517874e-09,4.2484764428964313e-10,160,4.7053131149175265,0.75859452317807219,0.9999999999618856,3.8114400524591474e-11,0.0023608549221671099,build/runs/a1-publication/work/nnn_tfim_expensive/checkpoints/response_j2_0p05_L14_neig160.json,e484ded2832df0bd837a43508371f950a0c9dd7476a1df39f6d01d30283c85bd
NNN-TFIM,0.050000000000000003,14,53,1.4703240173671648e-09,3.1248165243365242e-10,160,4.7053131149175265,0.75859452317807219,0.9999999999618856,3.8114400524591474e-11,0.0023608549221671099,build/runs/a1-publication/work/nnn_tfim_expensive/checkpoints/response_j2_0p05_L14_neig160.json,e484ded2832df0bd837a43508371f950a0c9dd7476a1df39f6d01d30283c85bd
NNN-TFIM,0.050000000000000003,14,54,1.3640231411906079e-09,2.8988998348827553e-10,160,4.7053131149175265,0.75859452317807219,0.9999999999618856,3.8114400524591474e-11,0.0023608549221671099,build/runs/a1-publication/work/nnn_tfim_expensive/checkpoints/response_j2_0p05_L14_neig160.json,e484ded2832df0bd837a43508371f950a0c9dd7476a1df39f6d01d30283c85bd
NNN-TFIM,0.050000000000000003,14,55,1.2823159193176018e-09,2.725250983302687e-10,160,4.7053131149175265,0.75859452317807219,0.9999999999618856,3.8114400524591474e-11,0.0023608549221671099,build/runs/a1-publication/work/nnn_tfim_expensive/checkpoints/response_j2_0p05_L14_neig160.json,e484ded2832df0bd837a43508371f950a0c9dd7476a1df39f6d01d30283c85bd
NNN-TFIM,0.050000000000000003,14,56,1.2623662963439667e-09,2.6828529058816803e-10,160,4.7053131149175265,0.75859452317807219,0.9999999999618856,3.8114400524591474e-11,0.0023608549221671099,build/runs/a1-publication/work/nnn_tfim_expensive/checkpoints/response_j2_0p05_L14_neig160.json,e484ded2832df0bd837a43508371f950a0c9dd7476a1df39f6d01d30283c85bd
NNN-TFIM,0.050000000000000003,14,57,1.2535303447663193e-09,2.6640742372535838e-10,160,4.7053131149175265,0.75859452317807219,0.9999999999618856,3.8114400524591474e-11,0.0023608549221671099,build/runs/a1-publication/work/nnn_tfim_expensive/checkpoints/response_j2_0p05_L14_neig160.json,e484ded2832df0bd837a43508371f950a0c9dd7476a1df39f6d01d30283c85bd
NNN-TFIM,0.050000000000000003,14,58,1.2488911931335268e-09,2.6542148474117368e-10,160,4.7053131149175265,0.75859452317807219,0.9999999999618856,3.8114400524591474e-11,0.0023608549221671099,build/runs/a1-publication/work/nnn_tfim_expensive/checkpoints/response_j2_0p05_L14_neig160.json,e484ded2832df0bd837a43508371f950a0c9dd7476a1df39f6d01d30283c85bd
NNN-TFIM,0.050000000000000003,14,59,8.1748263527354832e-10,1.7373607564645078e-10,160,4.7053131149175265,0.75859452317807219,0.9999999999618856,3.8114400524591474e-11,0.0023608549221671099,build/runs/a1-publication/work/nnn_tfim_expensive/checkpoints/response_j2_0p05_L14_neig160.json,e484ded2832df0bd837a43508371f950a0c9dd7476a1df39f6d01d30283c85bd
NNN-TFIM,0.050000000000000003,14,60,8.1146240748945761e-10,1.7245662247573522e-10,160,4.7053131149175265,0.75859452317807219,0.9999999999618856,3.8114400524591474e-11,0.0023608549221671099,build/runs/a1-publication/work/nnn_tfim_expensive/checkpoints/response_j2_0p05_L14_neig160.json,e484ded2832df0bd837a43508371f950a0c9dd7476a1df39f6d01d30283c85bd
NNN-TFIM,0.050000000000000003,14,61,7.2475823172965902e-10,1.5402975615627279e-10,160,4.7053131149175265,0.75859452317807219,0.9999999999618856,3.8114400524591474e-11,0.0023608549221671099,build/runs/a1-publication/work/nnn_tfim_expensive/checkpoints/response_j2_0p05_L14_neig160.json,e484ded2832df0bd837a43508371f950a0c9dd7476a1df39f6d01d30283c85bd
NNN-TFIM,0.050000000000000003,14,62,6.5919928480010506e-10,1.40096794559794e-10,160,4.7053131149175265,0.75859452317807219,0.9999999999618856,3.8114400524591474e-11,0.0023608549221671099,build/runs/a1-publication/work/nnn_tfim_expensive/checkpoints/response_j2_0p05_L14_neig160.json,e484ded2832df0bd837a43508371f950a0c9dd7476a1df39f6d01d30283c85bd
NNN-TFIM,0.050000000000000003,14,63,6.4906853784362113e-10,1.3794375039268727e-10,160,4.7053131149175265,0.75859452317807219,0.9999999999618856,3.8114400524591474e-11,0.0023608549221671099,build/runs/a1-publication/work/nnn_tfim_expensive/checkpoints/response_j2_0p05_L14_neig160.json,e484ded2832df0bd837a43508371f950a0c9dd7476a1df39f6d01d30283c85bd
NNN-TFIM,0.050000000000000003,14,64,5.8665521907884518e-10,1.2467931564829092e-10,160,4.7053131149175265,0.75859452317807219,0.9999999999618856,3.8114400524591474e-11,0.0023608549221671099,build/runs/a1-publication/work/nnn_tfim_expensive/checkpoints/response_j2_0p05_L14_neig160.json,e484ded2832df0bd837a43508371f950a0c9dd7476a1df39f6d01d30283c85bd
NNN-TFIM,0.050000000000000003,14,65,4.8463585818936301e-10,1.029975787696028e-10,160,4.7053131149175265,0.75859452317807219,0.9999999999618856,3.8114400524591474e-11,0.0023608549221671099,build/runs/a1-publication/work/nnn_tfim_expensive/checkpoints/response_j2_0p05_L14_neig160.json,e484ded2832df0bd837a43508371f950a0c9dd7476a1df39f6d01d30283c85bd
NNN-TFIM,0.050000000000000003,14,66,4.6951656296979742e-10,9.978433985216879e-11,160,4.7053131149175265,0.75859452317807219,0.9999999999618856,3.8114400524591474e-11,0.0023608549221671099,build/runs/a1-publication/work/nnn_tfim_expensive/checkpoints/response_j2_0p05_L14_neig160.json,e484ded2832df0bd837a43508371f950a0c9dd7476a1df39f6d01d30283c85bd
NNN-TFIM,0.050000000000000003,14,67,3.8429542772197129e-10,8.1672657767156293e-11,160,4.7053131149175265,0.75859452317807219,0.9999999999618856,3.8114400524591474e-11,0.0023608549221671099,build/runs/a1-publication/work/nnn_tfim_expensive/checkpoints/response_j2_0p05_L14_neig160.json,e484ded2832df0bd837a43508371f950a0c9dd7476a1df39f6d01d30283c85bd
NNN-TFIM,0.050000000000000003,14,68,3.2969984580498037e-10,7.0069693079449671e-11,160,4.7053131149175265,0.75859452317807219,0.9999999999618856,3.8114400524591474e-11,0.0023608549221671099,build/runs/a1-publication/work/nnn_tfim_expensive/checkpoints/response_j2_0p05_L14_neig160.json,e484ded2832df0bd837a43508371f950a0c9dd7476a1df39f6d01d30283c85bd
NNN-TFIM,0.050000000000000003,14,69,3.2897959091748611e-10,6.9916620399714329e-11,160,4.7053131149175265,0.75859452317807219,0.9999999999618856,3.8114400524591474e-11,0.0023608549221671099,build/runs/a1-publication/work/nnn_tfim_expensive/checkpoints/response_j2_0p05_L14_neig160.json,e484ded2832df0bd837a43508371f950a0c9dd7476a1df39f6d01d30283c85bd
NNN-TFIM,0.050000000000000003,14,70,2.0368069512720436e-10,4.3287383889812488e-11,160,4.7053131149175265,0.75859452317807219,0.9999999999618856,3.8114400524591474e-11,0.0023608549221671099,build/runs/a1-publication/work/nnn_tfim_expensive/checkpoints/response_j2_0p05_L14_neig160.json,e484ded2832df0bd837a43508371f950a0c9dd7476a1df39f6d01d30283c85bd
NNN-TFIM,0.050000000000000003,14,71,1.9920927671160877e-10,4.2337092526328181e-11,160,4.7053131149175265,0.75859452317807219,0.9999999999618856,3.8114400524591474e-11,0.0023608549221671099,build/runs/a1-publication/work/nnn_tfim_expensive/checkpoints/response_j2_0p05_L14_neig160.json,e484ded2832df0bd837a43508371f950a0c9dd7476a1df39f6d01d30283c85bd
NNN-TFIM,0.050000000000000003,14,72,1.5872068620541698e-10,3.3732226172625073e-11,160,4.7053131149175265,0.75859452317807219,0.9999999999618856,3.8114400524591474e-11,0.0023608549221671099,build/runs/a1-publication/work/nnn_tfim_expensive/checkpoints/response_j2_0p05_L14_neig160.json,e484ded2832df0bd837a43508371f950a0c9dd7476a1df39f6d01d30283c85bd
NNN-TFIM,0.050000000000000003,14,73,1.5419793977749348e-10,3.2771026286992638e-11,160,4.7053131149175265,0.75859452317807219,0.9999999999618856,3.8114400524591474e-11,0.0023608549221671099,build/runs/a1-publication/work/nnn_tfim_expensive/checkpoints/response_j2_0p05_L14_neig160.json,e484ded2832df0bd837a43508371f950a0c9dd7476a1df39f6d01d30283c85bd
NNN-TFIM,0.050000000000000003,14,74,8.7312280925473908e-11,1.8556104300192635e-11,160,4.7053131149175265,0.75859452317807219,0.9999999999618856,3.8114400524591474e-11,0.0023608549221671099,build/runs/a1-publication/work/nnn_tfim_expensive/checkpoints/response_j2_0p05_L14_neig160.json,e484ded2832df0bd837a43508371f950a0c9dd7476a1df39f6d01d30283c85bd
NNN-TFIM,0.050000000000000003,14,75,7.9776530760547474e-11,1.6954563662857488e-11,160,4.7053131149175265,0.75859452317807219,0.9999999999618856,3.8114400524591474e-11,0.0023608549221671099,build/runs/a1-publication/work/nnn_tfim_expensive/checkpoints/response_j2_0p05_L14_neig160.json,e484ded2832df0bd837a43508371f950a0c9dd7476a1df39f6d01d30283c85bd
NNN-TFIM,0.050000000000000003,14,76,7.1893967086457285e-11,1.5279316239025131e-11,160,4.7053131149175265,0.75859452317807219,0.9999999999618856,3.8114400524591474e-11,0.0023608549221671099,build/runs/a1-publication/work/nnn_tfim_expensive/checkpoints/response_j2_0p05_L14_neig160.json,e484ded2832df0bd837a43508371f950a0c9dd7476a1df39f6d01d30283c85bd
NNN-TFIM,0.050000000000000003,14,77,5.3878038153922173e-11,1.1450468191608654e-11,160,4.7053131149175265,0.75859452317807219,0.9999999999618856,3.8114400524591474e-11,0.0023608549221671099,build/runs/a1-publication/work/nnn_tfim_expensive/checkpoints/response_j2_0p05_L14_neig160.json,e484ded2832df0bd837a43508371f950a0c9dd7476a1df39f6d01d30283c85bd
NNN-TFIM,0.050000000000000003,14,78,5.0605692019146111e-11,1.0755010513265942e-11,160,4.7053131149175265,0.75859452317807219,0.9999999999618856,3.8114400524591474e-11,0.0023608549221671099,build/runs/a1-publication/work/nnn_tfim_expensive/checkpoints/response_j2_0p05_L14_neig160.json,e484ded2832df0bd837a43508371f950a0c9dd7476a1df39f6d01d30283c85bd
NNN-TFIM,0.050000000000000003,14,79,4.6968175223783685e-11,9.9819446818273917e-12,160,4.7053131149175265,0.75859452317807219,0.9999999999618856,3.8114400524591474e-11,0.0023608549221671099,build/runs/a1-publication/work/nnn_tfim_expensive/checkpoints/response_j2_0p05_L14_neig160.json,e484ded2832df0bd837a43508371f950a0c9dd7476a1df39f6d01d30283c85bd
NNN-TFIM,0.050000000000000003,14,80,4.2086786395494185e-11,8.9445240662229273e-12,160,4.7053131149175265,0.75859452317807219,0.9999999999618856,3.8114400524591474e-11,0.0023608549221671099,build/runs/a1-publication/work/nnn_tfim_expensive/checkpoints/response_j2_0p05_L14_neig160.json,e484ded2832df0bd837a43508371f950a0c9dd7476a1df39f6d01d30283c85bd
NNN-TFIM,0.050000000000000003,14,81,4.1796035837624982e-11,8.8827320981289413e-12,160,4.7053131149175265,0.75859452317807219,0.9999999999618856,3.8114400524591474e-11,0.0023608549221671099,build/runs/a1-publication/work/nnn_tfim_expensive/checkpoints/response_j2_0p05_L14_neig160.json,e484ded2832df0bd837a43508371f950a0c9dd7476a1df39f6d01d30283c85bd
NNN-TFIM,0.050000000000000003,14,82,3.472173977821784e-11,7.3792623211699772e-12,160,4.7053131149175265,0.75859452317807219,0.9999999999618856,3.8114400524591474e-11,0.0023608549221671099,build/runs/a1-publication/work/nnn_tfim_expensive/checkpoints/response_j2_0p05_L14_neig160.json,e484ded2832df0bd837a43508371f950a0c9dd7476a1df39f6d01d30283c85bd
NNN-TFIM,0.050000000000000003,14,83,3.2210148562315531e-11,6.8454846203960018e-12,160,4.7053131149175265,0.75859452317807219,0.9999999999618856,3.8114400524591474e-11,0.0023608549221671099,build/runs/a1-publication/work/nnn_tfim_expensive/checkpoints/response_j2_0p05_L14_neig160.json,e484ded2832df0bd837a43508371f950a0c9dd7476a1df39f6d01d30283c85bd
NNN-TFIM,0.050000000000000003,14,84,1.7893403152086509e-11,3.8028081692072774e-12,160,4.7053131149175265,0.75859452317807219,0.9999999999618856,3.8114400524591474e-11,0.0023608549221671099,build/runs/a1-publication/work/nnn_tfim_expensive/checkpoints/response_j2_0p05_L14_neig160.json,e484ded2832df0bd837a43508371f950a0c9dd7476a1df39f6d01d30283c85bd
NNN-TFIM,0.050000000000000003,14,85,1.3579335222591077e-11,2.8859578291484415e-12,160,4.7053131149175265,0.75859452317807219,0.9999999999618856,3.8114400524591474e-11,0.0023608549221671099,build/runs/a1-publication/work/nnn_tfim_expensive/checkpoints/response_j2_0p05_L14_neig160.json,e484ded2832df0bd837a43508371f950a0c9dd7476a1df39f6d01d30283c85bd
NNN-TFIM,0.050000000000000003,14,86,1.1446261447188777e-11,2.4326248153178228e-12,160,4.7053131149175265,0.75859452317807219,0.9999999999618856,3.8114400524591474e-11,0.0023608549221671099,build/runs/a1-publication/work/nnn_tfim_expensive/checkpoints/response_j2_0p05_L14_neig160.json,e484ded2832df0bd837a43508371f950a0c9dd7476a1df39f6d01d30283c85bd
NNN-TFIM,0.050000000000000003,14,87,1.0576526623370585e-11,2.2477838063186935e-12,160,4.7053131149175265,0.75859452317807219,0.9999999999618856,3.8114400524591474e-11,0.0023608549221671099,build/runs/a1-publication/work/nnn_tfim_expensive/checkpoints/response_j2_0p05_L14_neig160.json,e484ded2832df0bd837a43508371f950a0c9dd7476a1df39f6d01d30283c85bd
NNN-TFIM,0.050000000000000003,14,88,1.0296725038100374e-11,2.1883187763755979e-12,160,4.7053131149175265,0.75859452317807219,0.9999999999618856,3.8114400524591474e-11,0.0023608549221671099,build/runs/a1-publication/work/nnn_tfim_expensive/checkpoints/response_j2_0p05_L14_neig160.json,e484ded2832df0bd837a43508371f950a0c9dd7476a1df39f6d01d30283c85bd
NNN-TFIM,0.050000000000000003,14,89,9.8524571939719829e-12,2.093900438365338e-12,160,4.7053131149175265,0.75859452317807219,0.9999999999618856,3.8114400524591474e-11,0.0023608549221671099,build/runs/a1-publication/work/nnn_tfim_expensive/checkpoints/response_j2_0p05_L14_neig160.json,e484ded2832df0bd837a43508371f950a0c9dd7476a1df39f6d01d30283c85bd
NNN-TFIM,0.050000000000000003,14,90,8.9892755368180301e-12,1.9104521457496227e-12,160,4.7053131149175265,0.75859452317807219,0.9999999999618856,3.8114400524591474e-11,0.0023608549221671099,build/runs/a1-publication/work/nnn_tfim_expensive/checkpoints/response_j2_0p05_L14_neig160.json,e484ded2832df0bd837a43508371f950a0c9dd7476a1df39f6d01d30283c85bd
NNN-TFIM,0.050000000000000003,14,91,7.1390223257445047e-12,1.5172257725232459e-12,160,4.7053131149175265,0.75859452317807219,0.9999999999618856,3.8114400524591474e-11,0.0023608549221671099,build/runs/a1-publication/work/nnn_tfim_expensive/checkpoints/response_j2_0p05_L14_neig160.json,e484ded2832df0bd837a43508371f950a0c9dd7476a1df39f6d01d30283c85bd
NNN-TFIM,0.050000000000000003,14,92,6.7816873511900831e-12,1.4412829041471667e-12,160,4.7053131149175265,0.75859452317807219,0.9999999999618856,3.8114400524591474e-11,0.0023608549221671099,build/runs/a1-publication/work/nnn_tfim_expensive/checkpoints/response_j2_0p05_L14_neig160.json,e484ded2832df0bd837a43508371f950a0c9dd7476a1df39f6d01d30283c85bd
NNN-TFIM,0.050000000000000003,14,93,6.4538717747762808e-12,1.3716136667536955e-12,160,4.7053131149175265,0.75859452317807219,0.9999999999618856,3.8114400524591474e-11,0.0023608549221671099,build/runs/a1-publication/work/nnn_tfim_expensive/checkpoints/response_j2_0p05_L14_neig160.json,e484ded2832df0bd837a43508371f950a0c9dd7476a1df39f6d01d30283c85bd
NNN-TFIM,0.050000000000000003,14,94,5.0192903430530794e-12,1.0667282326313488e-12,160,4.7053131149175265,0.75859452317807219,0.9999999999618856,3.8114400524591474e-11,0.0023608549221671099,build/runs/a1-publication/work/nnn_tfim_expensive/checkpoints/response_j2_0p05_L14_neig160.json,e484ded2832df0bd837a43508371f950a0c9dd7476a1df39f6d01d30283c85bd
NNN-TFIM,0.050000000000000003,14,95,3.5984629769685983e-12,7.6476589104350627e-13,160,4.7053131149175265,0.75859452317807219,0.9999999999618856,3.8114400524591474e-11,0.0023608549221671099,build/runs/a1-publication/work/nnn_tfim_expensive/checkpoints/response_j2_0p05_L14_neig160.json,e484ded2832df0bd837a43508371f950a0c9dd7476a1df39f6d01d30283c85bd
NNN-TFIM,0.050000000000000003,14,96,1.1164052753888326e-12,2.3726482130369355e-13,160,4.7053131149175265,0.75859452317807219,0.9999999999618856,3.8114400524591474e-11,0.0023608549221671099,build/runs/a1-publication/work/nnn_tfim_expensive/checkpoints/response_j2_0p05_L14_neig160.json,e484ded2832df0bd837a43508371f950a0c9dd7476a1df39f6d01d30283c85bd
NNN-TFIM,0.050000000000000003,14,97,5.6930542672029668e-13,1.2099203874772856e-13,160,4.7053131149175265,0.75859452317807219,0.9999999999618856,3.8114400524591474e-11,0.0023608549221671099,build/runs/a1-publication/work/nnn_tfim_expensive/checkpoints/response_j2_0p05_L14_neig160.json,e484ded2832df0bd837a43508371f950a0c9dd7476a1df39f6d01d30283c85bd
NNN-TFIM,0.050000000000000003,14,98,5.6210814082444974e-13,1.1946243046873242e-13,160,4.7053131149175265,0.75859452317807219,0.9999999999618856,3.8114400524591474e-11,0.0023608549221671099,build/runs/a1-publication/work/nnn_tfim_expensive/checkpoints/response_j2_0p05_L14_neig160.json,e484ded2832df0bd837a43508371f950a0c9dd7476a1df39f6d01d30283c85bd
NNN-TFIM,0.050000000000000003,14,99,3.3967288536465628e-13,7.2189220370430118e-14,160,4.7053131149175265,0.75859452317807219,0.9999999999618856,3.8114400524591474e-11,0.0023608549221671099,build/runs/a1-publication/work/nnn_tfim_expensive/checkpoints/response_j2_0p05_L14_neig160.json,e484ded2832df0bd837a43508371f950a0c9dd7476a1df39f6d01d30283c85bd
NNN-TFIM,0.050000000000000003,14,100,7.4794278249086241e-14,1.5895706921599249e-14,160,4.7053131149175265,0.75859452317807219,0.9999999999618856,3.8114400524591474e-11,0.0023608549221671099,build/runs/a1-publication/work/nnn_tfim_expensive/checkpoints/response_j2_0p05_L14_neig160.json,e484ded2832df0bd837a43508371f950a0c9dd7476a1df39f6d01d30283c85bd
NNN-TFIM,0.050000000000000003,14,101,4.5239004666377975e-24,9.6144514852697343e-25,160,4.7053131149175265,0.75859452317807219,0.9999999999618856,3.8114400524591474e-11,0.0023608549221671099,build/runs/a1-publication/work/nnn_tfim_expensive/checkpoints/response_j2_0p05_L14_neig160.json,e484ded2832df0bd837a43508371f950a0c9dd7476a1df39f6d01d30283c85bd
NNN-TFIM,0.050000000000000003,14,102,5.9330434822253422e-26,1.2609242652556896e-26,160,4.7053131149175265,0.75859452317807219,0.9999999999618856,3.8114400524591474e-11,0.0023608549221671099,build/runs/a1-publication/work/nnn_tfim_expensive/checkpoints/response_j2_0p05_L14_neig160.json,e484ded2832df0bd837a43508371f950a0c9dd7476a1df39f6d01d30283c85bd
NNN-TFIM,0.050000000000000003,14,103,1.0913263300155757e-26,2.3193490068826251e-27,160,4.7053131149175265,0.75859452317807219,0.9999999999618856,3.8114400524591474e-11,0.0023608549221671099,build/runs/a1-publication/work/nnn_tfim_expensive/checkpoints/response_j2_0p05_L14_neig160.json,e484ded2832df0bd837a43508371f950a0c9dd7476a1df39f6d01d30283c85bd
NNN-TFIM,0.050000000000000003,14,104,8.1536760592657787e-27,1.7328657753754385e-27,160,4.7053131149175265,0.75859452317807219,0.9999999999618856,3.8114400524591474e-11,0.0023608549221671099,build/runs/a1-publication/work/nnn_tfim_expensive/checkpoints/response_j2_0p05_L14_neig160.json,e484ded2832df0bd837a43508371f950a0c9dd7476a1df39f6d01d30283c85bd
NNN-TFIM,0.050000000000000003,14,105,3.1898044806369588e-27,6.7791545487677261e-28,160,4.7053131149175265,0.75859452317807219,0.9999999999618856,3.8114400524591474e-11,0.0023608549221671099,build/runs/a1-publication/work/nnn_tfim_expensive/checkpoints/response_j2_0p05_L14_neig160.json,e484ded2832df0bd837a43508371f950a0c9dd7476a1df39f6d01d30283c85bd
NNN-TFIM,0.050000000000000003,14,106,2.5511005706104304e-27,5.4217445434662545e-28,160,4.7053131149175265,0.75859452317807219,0.9999999999618856,3.8114400524591474e-11,0.0023608549221671099,build/runs/a1-publication/work/nnn_tfim_expensive/checkpoints/response_j2_0p05_L14_neig160.json,e484ded2832df0bd837a43508371f950a0c9dd7476a1df39f6d01d30283c85bd
NNN-TFIM,0.050000000000000003,14,107,2.2850854624096943e-27,4.8563940520029489e-28,160,4.7053131149175265,0.75859452317807219,0.9999999999618856,3.8114400524591474e-11,0.0023608549221671099,build/runs/a1-publication/work/nnn_tfim_expensive/checkpoints/response_j2_0p05_L14_neig160.json,e484ded2832df0bd837a43508371f950a0c9dd7476a1df39f6d01d30283c85bd
NNN-TFIM,0.050000000000000003,14,108,1.6311147292474572e-27,3.4665381227792043e-28,160,4.7053131149175265,0.75859452317807219,0.9999999999618856,3.8114400524591474e-11,0.0023608549221671099,build/runs/a1-publication/work/nnn_tfim_expensive/checkpoints/response_j2_0p05_L14_neig160.json,e484ded2832df0bd837a43508371f950a0c9dd7476a1df39f6d01d30283c85bd
NNN-TFIM,0.050000000000000003,14,109,7.5778651319533932e-28,1.6104911505100158e-28,160,4.7053131149175265,0.75859452317807219,0.9999999999618856,3.8114400524591474e-11,0.0023608549221671099,build/runs/a1-publication/work/nnn_tfim_expensive/checkpoints/response_j2_0p05_L14_neig160.json,e484ded2832df0bd837a43508371f950a0c9dd7476a1df39f6d01d30283c85bd
NNN-TFIM,0.050000000000000003,14,110,4.373530514509614e-28,9.2948766802446304e-29,160,4.7053131149175265,0.75859452317807219,0.9999999999618856,3.8114400524591474e-11,0.0023608549221671099,build/runs/a1-publication/work/nnn_tfim_expensive/checkpoints/response_j2_0p05_L14_neig160.json,e484ded2832df0bd837a43508371f950a0c9dd7476a1df39f6d01d30283c85bd
NNN-TFIM,0.050000000000000003,14,111,3.9404765949722911e-28,8.3745257727473445e-29,160,4.7053131149175265,0.75859452317807219,0.9999999999618856,3.8114400524591474e-11,0.0023608549221671099,build/runs/a1-publication/work/nnn_tfim_expensive/checkpoints/response_j2_0p05_L14_neig160.json,e484ded2832df0bd837a43508371f950a0c9dd7476a1df39f6d01d30283c85bd
NNN-TFIM,0.050000000000000003,14,112,3.5483816917064233e-28,7.5412233044742199e-29,160,4.7053131149175265,0.75859452317807219,0.9999999999618856,3.8114400524591474e-11,0.0023608549221671099,build/runs/a1-publication/work/nnn_tfim_expensive/checkpoints/response_j2_0p05_L14_neig160.json,e484ded2832df0bd837a43508371f950a0c9dd7476a1df39f6d01d30283c85bd
NNN-TFIM,0.050000000000000003,14,113,1.2752095299074034e-28,2.7101480789121832e-29,160,4.7053131149175265,0.75859452317807219,0.9999999999618856,3.8114400524591474e-11,0.0023608549221671099,build/runs/a1-publication/work/nnn_tfim_expensive/checkpoints/response_j2_0p05_L14_neig160.json,e484ded2832df0bd837a43508371f950a0c9dd7476a1df39f6d01d30283c85bd
NNN-TFIM,0.050000000000000003,14,114,6.1458394628449548e-29,1.3061488816462488e-29,160,4.7053131149175265,0.75859452317807219,0.9999999999618856,3.8114400524591474e-11,0.0023608549221671099,build/runs/a1-publication/work/nnn_tfim_expensive/checkpoints/response_j2_0p05_L14_neig160.json,e484ded2832df0bd837a43508371f950a0c9dd7476a1df39f6d01d30283c85bd
NNN-TFIM,0.050000000000000003,14,115,3.6069439485063406e-29,7.6656831552209294e-30,160,4.7053131149175265,0.75859452317807219,0.9999999999618856,3.8114400524591474e-11,0.0023608549221671099,build/runs/a1-publication/work/nnn_tfim_expensive/checkpoints/response_j2_0p05_L14_neig160.json,e484ded2832df0bd837a43508371f950a0c9dd7476a1df39f6d01d30283c85bd
NNN-TFIM,0.050000000000000003,14,116,3.002882755544066e-29,6.3818978295490116e-30,160,4.7053131149175265,0.75859452317807219,0.9999999999618856,3.8114400524591474e-11,0.0023608549221671099,build/runs/a1-publication/work/nnn_tfim_expensive/checkpoints/response_j2_0p05_L14_neig160.json,e484ded2832df0bd837a43508371f950a0c9dd7476a1df39f6d01d30283c85bd
NNN-TFIM,0.050000000000000003,14,117,2.0408714825842688e-29,4.3373765629198531e-30,160,4.7053131149175265,0.75859452317807219,0.9999999999618856,3.8114400524591474e-11,0.0023608549221671099,build/runs/a1-publication/work/nnn_tfim_expensive/checkpoints/response_j2_0p05_L14_neig160.json,e484ded2832df0bd837a43508371f950a0c9dd7476a1df39f6d01d30283c85bd
NNN-TFIM,0.050000000000000003,14,118,1.5327523544777924e-29,3.2574927896263032e-30,160,4.7053131149175265,0.75859452317807219,0.9999999999618856,3.8114400524591474e-11,0.0023608549221671099,build/runs/a1-publication/work/nnn_tfim_expensive/checkpoints/response_j2_0p05_L14_neig160.json,e484ded2832df0bd837a43508371f950a0c9dd7476a1df39f6d01d30283c85bd
NNN-TFIM,0.050000000000000003,14,119,1.2416041447341528e-29,2.6387279962258481e-30,160,4.7053131149175265,0.75859452317807219,0.9999999999618856,3.8114400524591474e-11,0.0023608549221671099,build/runs/a1-publication/work/nnn_tfim_expensive/checkpoints/response_j2_0p05_L14_neig160.json,e484ded2832df0bd837a43508371f950a0c9dd7476a1df39f6d01d30283c85bd
NNN-TFIM,0.050000000000000003,14,120,9.0617251598500378e-30,1.9258495531617493e-30,160,4.7053131149175265,0.75859452317807219,0.9999999999618856,3.8114400524591474e-11,0.0023608549221671099,build/runs/a1-publication/work/nnn_tfim_expensive/checkpoints/response_j2_0p05_L14_neig160.json,e484ded2832df0bd837a43508371f950a0c9dd7476a1df39f6d01d30283c85bd
NNN-TFIM,0.050000000000000003,14,121,6.0219942807502747e-30,1.2798285966683913e-30,160,4.7053131149175265,0.75859452317807219,0.9999999999618856,3.8114400524591474e-11,0.0023608549221671099,build/runs/a1-publication/work/nnn_tfim_expensive/checkpoints/response_j2_0p05_L14_neig160.json,e484ded2832df0bd837a43508371f950a0c9dd7476a1df39f6d01d30283c85bd
NNN-TFIM,0.050000000000000003,14,122,4.8094632258722202e-30,1.0221345760443657e-30,160,4.7053131149175265,0.75859452317807219,0.9999999999618856,3.8114400524591474e-11,0.0023608549221671099,build/runs/a1-publication/work/nnn_tfim_expensive/checkpoints/response_j2_0p05_L14_neig160.json,e484ded2832df0bd837a43508371f950a0c9dd7476a1df39f6d01d30283c85bd
NNN-TFIM,0.050000000000000003,14,123,4.2995275070054442e-30,9.1376012647796036e-31,160,4.7053131149175265,0.75859452317807219,0.9999999999618856,3.8114400524591474e-11,0.0023608549221671099,build/runs/a1-publication/work/nnn_tfim_expensive/checkpoints/response_j2_0p05_L14_neig160.json,e484ded2832df0bd837a43508371f950a0c9dd7476a1df39f6d01d30283c85bd
NNN-TFIM,0.050000000000000003,14,124,1.9862564700262105e-30,4.2213056209353351e-31,160,4.7053131149175265,0.75859452317807219,0.9999999999618856,3.8114400524591474e-11,0.0023608549221671099,build/runs/a1-publication/work/nnn_tfim_expensive/checkpoints/response_j2_0p05_L14_neig160.json,e484ded2832df0bd837a43508371f950a0c9dd7476a1df39f6d01d30283c85bd
NNN-TFIM,0.050000000000000003,14,125,1.979006042635937e-30,4.205896598808227e-31,160,4.7053131149175265,0.75859452317807219,0.9999999999618856,3.8114400524591474e-11,0.0023608549221671099,build/runs/a1-publication/work/nnn_tfim_expensive/checkpoints/response_j2_0p05_L14_neig160.json,e484ded2832df0bd837a43508371f950a0c9dd7476a1df39f6d01d30283c85bd
NNN-TFIM,0.050000000000000003,14,126,1.6410810324010979e-30,3.4877190790944043e-31,160,4.7053131149175265,0.75859452317807219,0.9999999999618856,3.8114400524591474e-11,0.0023608549221671099,build/runs/a1-publication/work/nnn_tfim_expensive/checkpoints/response_j2_0p05_L14_neig160.json,e484ded2832df0bd837a43508371f950a0c9dd7476a1df39f6d01d30283c85bd
NNN-TFIM,0.050000000000000003,14,127,1.3925280419023081e-30,2.9594800768677773e-31,160,4.7053131149175265,0.75859452317807219,0.9999999999618856,3.8114400524591474e-11,0.0023608549221671099,build/runs/a1-publication/work/nnn_tfim_expensive/checkpoints/response_j2_0p05_L14_neig160.json,e484ded2832df0bd837a43508371f950a0c9dd7476a1df39f6d01d30283c85bd
NNN-TFIM,0.050000000000000003,14,128,5.9234807780698737e-31,1.2588919447869091e-31,160,4.7053131149175265,0.75859452317807219,0.9999999999618856,3.8114400524591474e-11,0.0023608549221671099,build/runs/a1-publication/work/nnn_tfim_expensive/checkpoints/response_j2_0p05_L14_neig160.json,e484ded2832df0bd837a43508371f950a0c9dd7476a1df39f6d01d30283c85bd
NNN-TFIM,0.050000000000000003,14,129,4.046706714212003e-31,8.6002920855202906e-32,160,4.7053131149175265,0.75859452317807219,0.9999999999618856,3.8114400524591474e-11,0.0023608549221671099,build/runs/a1-publication/work/nnn_tfim_expensive/checkpoints/response_j2_0p05_L14_neig160.json,e484ded2832df0bd837a43508371f950a0c9dd7476a1df39f6d01d30283c85bd
NNN-TFIM,0.050000000000000003,14,130,9.3556328002600696e-32,1.9883124824571962e-32,160,4.7053131149175265,0.75859452317807219,0.9999999999618856,3.8114400524591474e-11,0.0023608549221671099,build/runs/a1-publication/work/nnn_tfim_expensive/checkpoints/response_j2_0p05_L14_neig160.json,e484ded2832df0bd837a43508371f950a0c9dd7476a1df39f6d01d30283c85bd
NNN-TFIM,0.050000000000000003,14,131,4.8726263363126495e-32,1.0355583607953061e-32,160,4.7053131149175265,0.75859452317807219,0.9999999999618856,3.8114400524591474e-11,0.0023608549221671099,build/runs/a1-publication/work/nnn_tfim_expensive/checkpoints/response_j2_0p05_L14_neig160.json,e484ded2832df0bd837a43508371f950a0c9dd7476a1df39f6d01d30283c85bd
NNN-TFIM,0.050000000000000003,14,132,4.0291481042795498e-32,8.5629755254877901e-33,160,4.7053131149175265,0.75859452317807219,0.9999999999618856,3.8114400524591474e-11,0.0023608549221671099,build/runs/a1-publication/work/nnn_tfim_expensive/checkpoints/response_j2_0p05_L14_neig160.json,e484ded2832df0bd837a43508371f950a0c9dd7476a1df39f6d01d30283c85bd
NNN-TFIM,0.050000000000000003,14,133,3.5222403474260065e-32,7.485666227523189e-33,160,4.7053131149175265,0.75859452317807219,0.9999999999618856,3.8114400524591474e-11,0.0023608549221671099,build/runs/a1-publication/work/nnn_tfim_expensive/checkpoints/response_j2_0p05_L14_neig160.json,e484ded2832df0bd837a43508371f950a0c9dd7476a1df39f6d01d30283c85bd
NNN-TFIM,0.050000000000000003,14,134,2.1316461137667814e-32,4.5302959903108263e-33,160,4.7053131149175265,0.75859452317807219,0.9999999999618856,3.8114400524591474e-11,0.0023608549221671099,build/runs/a1-publication/work/nnn_tfim_expensive/checkpoints/response_j2_0p05_L14_neig160.json,e484ded2832df0bd837a43508371f950a0c9dd7476a1df39f6d01d30283c85bd
NNN-TFIM,0.050000000000000003,14,135,1.9904405924689135e-32,4.2301979567704105e-33,160,4.7053131149175265,0.75859452317807219,0.9999999999618856,3.8114400524591474e-11,0.0023608549221671099,build/runs/a1-publication/work/nnn_tfim_expensive/checkpoints/response_j2_0p05_L14_neig160.json,e484ded2832df0bd837a43508371f950a0c9dd7476a1df39f6d01d30283c85bd
NNN-TFIM,0.050000000000000003,14,136,1.3727722278784251e-32,2.9174938932889415e-33,160,4.7053131149175265,0.75859452317807219,0.9999999999618856,3.8114400524591474e-11,0.0023608549221671099,build/runs/a1-publication/work/nnn_tfim_expensive/checkpoints/response_j2_0p05_L14_neig160.json,e484ded2832df0bd837a43508371f950a0c9dd7476a1df39f6d01d30283c85bd
NNN-TFIM,0.050000000000000003,14,137,1.2540852367210051e-32,2.6652535253076062e-33,160,4.7053131149175265,0.75859452317807219,0.9999999999618856,3.8114400524591474e-11,0.0023608549221671099,build/runs/a1-publication/work/nnn_tfim_expensive/checkpoints/response_j2_0p05_L14_neig160.json,e484ded2832df0bd837a43508371f950a0c9dd7476a1df39f6d01d30283c85bd
NNN-TFIM,0.050000000000000003,14,138,9.0817320103343903e-33,1.9301015232210689e-33,160,4.7053131149175265,0.75859452317807219,0.9999999999618856,3.8114400524591474e-11,0.0023608549221671099,build/runs/a1-publication/work/nnn_tfim_expensive/checkpoints/response_j2_0p05_L14_neig160.json,e484ded2832df0bd837a43508371f950a0c9dd7476a1df39f6d01d30283c85bd
NNN-TFIM,0.050000000000000003,14,139,6.1759332860034666e-33,1.312544592712342e-33,160,4.7053131149175265,0.75859452317807219,0.9999999999618856,3.8114400524591474e-11,0.0023608549221671099,build/runs/a1-publication/work/nnn_tfim_expensive/checkpoints/response_j2_0p05_L14_neig160.json,e484ded2832df0bd837a43508371f950a0c9dd7476a1df39f6d01d30283c85bd
NNN-TFIM,0.050000000000000003,14,140,5.7900060595358526e-33,1.2305251357618393e-33,160,4.7053131149175265,0.75859452317807219,0.9999999999618856,3.8114400524591474e-11,0.0023608549221671099,build/runs/a1-publication/work/nnn_tfim_expensive/checkpoints/response_j2_0p05_L14_neig160.json,e484ded2832df0bd837a43508371f950a0c9dd7476a1df39f6d01d30283c85bd
NNN-TFIM,0.050000000000000003,14,141,4.6155635905131289e-33,9.8092591880445547e-34,160,4.7053131149175265,0.75859452317807219,0.9999999999618856,3.8114400524591474e-11,0.0023608549221671099,build/runs/a1-publication/work/nnn_tfim_expensive/checkpoints/response_j2_0p05_L14_neig160.json,e484ded2832df0bd837a43508371f950a0c9dd7476a1df39f6d01d30283c85bd
NNN-TFIM,0.050000000000000003,14,142,3.4104123786659136e-33,7.2480030454374773e-34,160,4.7053131149175265,0.75859452317807219,0.9999999999618856,3.8114400524591474e-11,0.0023608549221671099,build/runs/a1-publication/work/nnn_tfim_expensive/checkpoints/response_j2_0p05_L14_neig160.json,e484ded2832df0bd837a43508371f950a0c9dd7476a1df39f6d01d30283c85bd
NNN-TFIM,0.050000000000000003,14,143,3.3352979452350426e-33,7.0883655641554537e-34,160,4.7053131149175265,0.75859452317807219,0.9999999999618856,3.8114400524591474e-11,0.0023608549221671099,build/runs/a1-publication/work/nnn_tfim_expensive/checkpoints/response_j2_0p05_L14_neig160.json,e484ded2832df0bd837a43508371f950a0c9dd7476a1df39f6d01d30283c85bd
NNN-TFIM,0.050000000000000003,14,144,3.200433006043559e-33,6.8017428976130004e-34,160,4.7053131149175265,0.75859452317807219,0.9999999999618856,3.8114400524591474e-11,0.0023608549221671099,build/runs/a1-publication/work/nnn_tfim_expensive/checkpoints/response_j2_0p05_L14_neig160.json,e484ded2832df0bd837a43508371f950a0c9dd7476a1df39f6d01d30283c85bd
NNN-TFIM,0.050000000000000003,14,145,2.2024666070599282e-33,4.6808077449241814e-34,160,4.7053131149175265,0.75859452317807219,0.9999999999618856,3.8114400524591474e-11,0.0023608549221671099,build/runs/a1-publication/work/nnn_tfim_expensive/checkpoints/response_j2_0p05_L14_neig160.json,e484ded2832df0bd837a43508371f950a0c9dd7476a1df39f6d01d30283c85bd
NNN-TFIM,0.050000000000000003,14,146,2.1484704263315415e-33,4.5660519796655435e-34,160,4.7053131149175265,0.75859452317807219,0.9999999999618856,3.8114400524591474e-11,0.0023608549221671099,build/runs/a1-publication/work/nnn_tfim_expensive/checkpoints/response_j2_0p05_L14_neig160.json,e484ded2832df0bd837a43508371f950a0c9dd7476a1df39f6d01d30283c85bd
NNN-TFIM,0.050000000000000003,14,147,1.0409149854240623e-33,2.212211939996064e-34,160,4.7053131149175265,0.75859452317807219,0.9999999999618856,3.8114400524591474e-11,0.0023608549221671099,build/runs/a1-publication/work/nnn_tfim_expensive/checkpoints/response_j2_0p05_L14_neig160.json,e484ded2832df0bd837a43508371f950a0c9dd7476a1df39f6d01d30283c85bd
NNN-TFIM,0.050000000000000003,14,148,7.0793648606085071e-34,1.5045470275218002e-34,160,4.7053131149175265,0.75859452317807219,0.9999999999618856,3.8114400524591474e-11,0.0023608549221671099,build/runs/a1-publication/work/nnn_tfim_expensive/checkpoints/response_j2_0p05_L14_neig160.json,e484ded2832df0bd837a43508371f950a0c9dd7476a1df39f6d01d30283c85bd
NNN-TFIM,0.050000000000000003,14,149,4.8594843469900129e-34,1.0327653502130834e-34,160,4.7053131149175265,0.75859452317807219,0.9999999999618856,3.8114400524591474e-11,0.0023608549221671099,build/runs/a1-publication/work/nnn_tfim_expensive/checkpoints/response_j2_0p05_L14_neig160.json,e484ded2832df0bd837a43508371f950a0c9dd7476a1df39f6d01d30283c85bd
NNN-TFIM,0.050000000000000003,14,150,3.8413606281581042e-34,8.1638788627681675e-35,160,4.7053131149175265,0.75859452317807219,0.9999999999618856,3.8114400524591474e-11,0.0023608549221671099,build/runs/a1-publication/work/nnn_tfim_expensive/checkpoints/response_j2_0p05_L14_neig160.json,e484ded2832df0bd837a43508371f950a0c9dd7476a1df39f6d01d30283c85bd
NNN-TFIM,0.050000000000000003,14,151,3.6843504486022239e-34,7.8301918674051991e-35,160,4.7053131149175265,0.75859452317807219,0.9999999999618856,3.8114400524591474e-11,0.0023608549221671099,build/runs/a1-publication/work/nnn_tfim_expensive/checkpoints/response_j2_0p05_L14_neig160.json,e484ded2832df0bd837a43508371f950a0c9dd7476a1df39f6d01d30283c85bd
NNN-TFIM,0.050000000000000003,14,152,2.0457808308735208e-34,4.3478101901181952e-35,160,4.7053131149175265,0.75859452317807219,0.9999999999618856,3.8114400524591474e-11,0.0023608549221671099,build/runs/a1-publication/work/nnn_tfim_expensive/checkpoints/response_j2_0p05_L14_neig160.json,e484ded2832df0bd837a43508371f950a0c9dd7476a1df39f6d01d30283c85bd
NNN-TFIM,0.050000000000000003,14,153,1.9852027866418317e-34,4.2190662728650903e-35,160,4.7053131149175265,0.75859452317807219,0.9999999999618856,3.8114400524591474e-11,0.0023608549221671099,build/runs/a1-publication/work/nnn_tfim_expensive/checkpoints/response_j2_0p05_L14_neig160.json,e484ded2832df0bd837a43508371f950a0c9dd7476a1df39f6d01d30283c85bd
NNN-TFIM,0.050000000000000003,14,154,1.7658178728568331e-34,3.7528169321156512e-35,160,4.7053131149175265,0.75859452317807219,0.9999999999618856,3.8114400524591474e-11,0.0023608549221671099,build/runs/a1-publication/work/nnn_tfim_expensive/checkpoints/response_j2_0p05_L14_neig160.json,e484ded2832df0bd837a43508371f950a0c9dd7476a1df39f6d01d30283c85bd
NNN-TFIM,0.050000000000000003,14,155,1.5933580977587018e-34,3.3862955744798079e-35,160,4.7053131149175265,0.75859452317807219,0.9999999999618856,3.8114400524591474e-11,0.0023608549221671099,build/runs/a1-publication/work/nnn_tfim_expensive/checkpoints/response_j2_0p05_L14_neig160.json,e484ded2832df0bd837a43508371f950a0c9dd7476a1df39f6d01d30283c85bd
NNN-TFIM,0.050000000000000003,14,156,1.3517144903403707e-34,2.8727407875470645e-35,160,4.7053131149175265,0.75859452317807219,0.9999999999618856,3.8114400524591474e-11,0.0023608549221671099,build/runs/a1-publication/work/nnn_tfim_expensive/checkpoints/response_j2_0p05_L14_neig160.json,e484ded2832df0bd837a43508371f950a0c9dd7476a1df39f6d01d30283c85bd
NNN-TFIM,0.050000000000000003,14,157,5.8976584525519029e-35,1.253404036780085e-35,160,4.7053131149175265,0.75859452317807219,0.9999999999618856,3.8114400524591474e-11,0.0023608549221671099,build/runs/a1-publication/work/nnn_tfim_expensive/checkpoints/response_j2_0p05_L14_neig160.json,e484ded2832df0bd837a43508371f950a0c9dd7476a1df39f6d01d30283c85bd
NNN-TFIM,0.050000000000000003,14,158,3.0666274222865879e-35,6.5173716337054842e-36,160,4.7053131149175265,0.75859452317807219,0.9999999999618856,3.8114400524591474e-11,0.0023608549221671099,build/runs/a1-publication/work/nnn_tfim_expensive/checkpoints/response_j2_0p05_L14_neig160.json,e484ded2832df0bd837a43508371f950a0c9dd7476a1df39f6d01d30283c85bd
NNN-TFIM,0.050000000000000003,14,159,2.8364606324981791e-36,6.0282080346695394e-37,160,4.7053131149175265,0.75859452317807219,0.9999999999618856,3.8114400524591474e-11,0.0023608549221671099,build/runs/a1-publication/work/nnn_tfim_expensive/checkpoints/response_j2_0p05_L14_neig160.json,e484ded2832df0bd837a43508371f950a0c9dd7476a1df39f6d01d30283c85bd
NNN-TFIM,0.050000000000000003,16,1,5.3220524975663208,0.85855205847679372,160,6.1988698821693795,0.74676254118358631,0.9999999909762074,9.0237926020364512e-09,0.0027430488474076641,build/runs/a1-publication/work/nnn_tfim_expensive/checkpoints/response_j2_0p05_L16_neig160.json,141a809fc3088cccfffd7ba06714d3e73bc25507f7d7fdf7dd6478f6b60d75c1
NNN-TFIM,0.050000000000000003,16,2,0.57507035059041467,0.092770192232065521,160,6.1988698821693795,0.74676254118358631,0.9999999909762074,9.0237926020364512e-09,0.0027430488474076641,build/runs/a1-publication/work/nnn_tfim_expensive/checkpoints/response_j2_0p05_L16_neig160.json,141a809fc3088cccfffd7ba06714d3e73bc25507f7d7fdf7dd6478f6b60d75c1
NNN-TFIM,0.050000000000000003,16,3,0.18369635375211166,0.029633845724121668,160,6.1988698821693795,0.74676254118358631,0.9999999909762074,9.0237926020364512e-09,0.0027430488474076641,build/runs/a1-publication/work/nnn_tfim_expensive/checkpoints/response_j2_0p05_L16_neig160.json,141a809fc3088cccfffd7ba06714d3e73bc25507f7d7fdf7dd6478f6b60d75c1
NNN-TFIM,0.050000000000000003,16,4,0.073300689618301051,0.011824847272427094,160,6.1988698821693795,0.74676254118358631,0.9999999909762074,9.0237926020364512e-09,0.0027430488474076641,build/runs/a1-publication/work/nnn_tfim_expensive/checkpoints/response_j2_0p05_L16_neig160.json,141a809fc3088cccfffd7ba06714d3e73bc25507f7d7fdf7dd6478f6b60d75c1
NNN-TFIM,0.050000000000000003,16,5,0.029839654310532683,0.0048137249011088916,160,6.1988698821693795,0.74676254118358631,0.9999999909762074,9.0237926020364512e-09,0.0027430488474076641,build/runs/a1-publication/work/nnn_tfim_expensive/checkpoints/response_j2_0p05_L16_neig160.json,141a809fc3088cccfffd7ba06714d3e73bc25507f7d7fdf7dd6478f6b60d75c1
NNN-TFIM,0.050000000000000003,16,6,0.011040983064856869,0.0017811283789994517,160,6.1988698821693795,0.74676254118358631,0.9999999909762074,9.0237926020364512e-09,0.0027430488474076641,build/runs/a1-publication/work/nnn_tfim_expensive/checkpoints/response_j2_0p05_L16_neig160.json,141a809fc3088cccfffd7ba06714d3e73bc25507f7d7fdf7dd6478f6b60d75c1
NNN-TFIM,0.050000000000000003,16,7,0.0031382160118532277,0.00050625615176729053,160,6.1988698821693795,0.74676254118358631,0.9999999909762074,9.0237926020364512e-09,0.0027430488474076641,build/runs/a1-publication/work/nnn_tfim_expensive/checkpoints/response_j2_0p05_L16_neig160.json,141a809fc3088cccfffd7ba06714d3e73bc25507f7d7fdf7dd6478f6b60d75c1
NNN-TFIM,0.050000000000000003,16,8,0.00031137323397721097,5.0230645245975328e-05,160,6.1988698821693795,0.74676254118358631,0.9999999909762074,9.0237926020364512e-09,0.0027430488474076641,build/runs/a1-publication/work/nnn_tfim_expensive/checkpoints/response_j2_0p05_L16_neig160.json,141a809fc3088cccfffd7ba06714d3e73bc25507f7d7fdf7dd6478f6b60d75c1
NNN-TFIM,0.050000000000000003,16,9,9.2296693797270108e-05,1.4889277489555825e-05,160,6.1988698821693795,0.74676254118358631,0.9999999909762074,9.0237926020364512e-09,0.0027430488474076641,build/runs/a1-publication/work/nnn_tfim_expensive/checkpoints/response_j2_0p05_L16_neig160.json,141a809fc3088cccfffd7ba06714d3e73bc25507f7d7fdf7dd6478f6b60d75c1
NNN-TFIM,0.050000000000000003,16,10,6.0603107441798963e-05,9.7764767762136149e-06,160,6.1988698821693795,0.74676254118358631,0.9999999909762074,9.0237926020364512e-09,0.0027430488474076641,build/runs/a1-publication/work/nnn_tfim_expensive/checkpoints/response_j2_0p05_L16_neig160.json,141a809fc3088cccfffd7ba06714d3e73bc25507f7d7fdf7dd6478f6b60d75c1
NNN-TFIM,0.050000000000000003,16,11,4.7485897957712036e-05,7.6604121171024963e-06,160,6.1988698821693795,0.74676254118358631,0.9999999909762074,9.0237926020364512e-09,0.0027430488474076641,build/runs/a1-publication/work/nnn_tfim_expensive/checkpoints/response_j2_0p05_L16_neig160.json,141a809fc3088cccfffd7ba06714d3e73bc25507f7d7fdf7dd6478f6b60d75c1
NNN-TFIM,0.050000000000000003,16,12,3.0083761118823562e-05,4.8531041448954137e-06,160,6.1988698821693795,0.74676254118358631,0.9999999909762074,9.0237926020364512e-09,0.0027430488474076641,build/runs/a1-publication/work/nnn_tfim_expensive/checkpoints/response_j2_0p05_L16_neig160.json,141a809fc3088cccfffd7ba06714d3e73bc25507f7d7fdf7dd6478f6b60d75c1
NNN-TFIM,0.050000000000000003,16,13,2.9411117031462822e-05,4.7445933840395437e-06,160,6.1988698821693795,0.74676254118358631,0.9999999909762074,9.0237926020364512e-09,0.0027430488474076641,build/runs/a1-publication/work/nnn_tfim_expensive/checkpoints/response_j2_0p05_L16_neig160.json,141a809fc3088cccfffd7ba06714d3e73bc25507f7d7fdf7dd6478f6b60d75c1
NNN-TFIM,0.050000000000000003,16,14,2.9163651542189895e-05,4.7046723187523455e-06,160,6.1988698821693795,0.74676254118358631,0.9999999909762074,9.0237926020364512e-09,0.0027430488474076641,build/runs/a1-publication/work/nnn_tfim_expensive/checkpoints/response_j2_0p05_L16_neig160.json,141a809fc3088cccfffd7ba06714d3e73bc25507f7d7fdf7dd6478f6b60d75c1
NNN-TFIM,0.050000000000000003,16,15,2.8566943511154514e-05,4.6084115418078628e-06,160,6.1988698821693795,0.74676254118358631,0.9999999909762074,9.0237926020364512e-09,0.0027430488474076641,build/runs/a1-publication/work/nnn_tfim_expensive/checkpoints/response_j2_0p05_L16_neig160.json,141a809fc3088cccfffd7ba06714d3e73bc25507f7d7fdf7dd6478f6b60d75c1
NNN-TFIM,0.050000000000000003,16,16,2.1635898645888801e-05,3.4902972730760115e-06,160,6.1988698821693795,0.74676254118358631,0.9999999909762074,9.0237926020364512e-09,0.0027430488474076641,build/runs/a1-publication/work/nnn_tfim_expensive/checkpoints/response_j2_0p05_L16_neig160.json,141a809fc3088cccfffd7ba06714d3e73bc25507f7d7fdf7dd6478f6b60d75c1
NNN-TFIM,0.050000000000000003,16,17,1.9133838374515974e-05,3.0866655919901038e-06,160,6.1988698821693795,0.74676254118358631,0.9999999909762074,9.0237926020364512e-09,0.0027430488474076641,build/runs/a1-publication/work/nnn_tfim_expensive/checkpoints/response_j2_0p05_L16_neig160.json,141a809fc3088cccfffd7ba06714d3e73bc25507f7d7fdf7dd6478f6b60d75c1
NNN-TFIM,0.050000000000000003,16,18,5.912253425059311e-06,9.5376311125121366e-07,160,6.1988698821693795,0.74676254118358631,0.9999999909762074,9.0237926020364512e-09,0.0027430488474076641,build/runs/a1-publication/work/nnn_tfim_expensive/checkpoints/response_j2_0p05_L16_neig160.json,141a809fc3088cccfffd7ba06714d3e73bc25507f7d7fdf7dd6478f6b60d75c1
NNN-TFIM,0.050000000000000003,16,19,5.7232426531941545e-06,9.2327194504544554e-07,160,6.1988698821693795,0.74676254118358631,0.9999999909762074,9.0237926020364512e-09,0.0027430488474076641,build/runs/a1-publication/work/nnn_tfim_expensive/checkpoints/response_j2_0p05_L16_neig160.json,141a809fc3088cccfffd7ba06714d3e73bc25507f7d7fdf7dd6478f6b60d75c1
NNN-TFIM,0.050000000000000003,16,20,4.8015412083696969e-06,7.745833191596743e-07,160,6.1988698821693795,0.74676254118358631,0.9999999909762074,9.0237926020364512e-09,0.0027430488474076641,build/runs/a1-publication/work/nnn_tfim_expensive/checkpoints/response_j2_0p05_L16_neig160.json,141a809fc3088cccfffd7ba06714d3e73bc25507f7d7fdf7dd6478f6b60d75c1
NNN-TFIM,0.050000000000000003,16,21,3.7738940879241306e-06,6.0880356575631245e-07,160,6.1988698821693795,0.74676254118358631,0.9999999909762074,9.0237926020364512e-09,0.0027430488474076641,build/runs/a1-publication/work/nnn_tfim_expensive/checkpoints/response_j2_0p05_L16_neig160.json,141a809fc3088cccfffd7ba06714d3e73bc25507f7d7fdf7dd6478f6b60d75c1
NNN-TFIM,0.050000000000000003,16,22,3.7249129150953908e-06,6.0090193630452631e-07,160,6.1988698821693795,0.74676254118358631,0.9999999909762074,9.0237926020364512e-09,0.0027430488474076641,build/runs/a1-publication/work/nnn_tfim_expensive/checkpoints/response_j2_0p05_L16_neig160.json,141a809fc3088cccfffd7ba06714d3e73bc25507f7d7fdf7dd6478f6b60d75c1
NNN-TFIM,0.050000000000000003,16,23,3.6976242417617707e-06,5.964997349593885e-07,160,6.1988698821693795,0.74676254118358631,0.9999999909762074,9.0237926020364512e-09,0.0027430488474076641,build/runs/a1-publication/work/nnn_tfim_expensive/checkpoints/response_j2_0p05_L16_neig160.json,141a809fc3088cccfffd7ba06714d3e73bc25507f7d7fdf7dd6478f6b60d75c1
NNN-TFIM,0.050000000000000003,16,24,3.4423159352019415e-06,5.5531346852488794e-07,160,6.1988698821693795,0.74676254118358631,0.9999999909762074,9.0237926020364512e-09,0.0027430488474076641,build/runs/a1-publication/work/nnn_tfim_expensive/checkpoints/response_j2_0p05_L16_neig160.json,141a809fc3088cccfffd7ba06714d3e73bc25507f7d7fdf7dd6478f6b60d75c1
NNN-TFIM,0.050000000000000003,16,25,3.2853880616583048e-06,5.2999790673272504e-07,160,6.1988698821693795,0.74676254118358631,0.9999999909762074,9.0237926020364512e-09,0.0027430488474076641,build/runs/a1-publication/work/nnn_tfim_expensive/checkpoints/response_j2_0p05_L16_neig160.json,141a809fc3088cccfffd7ba06714d3e73bc25507f7d7fdf7dd6478f6b60d75c1
NNN-TFIM,0.050000000000000003,16,26,3.2657731048830674e-06,5.2683362725145072e-07,160,6.1988698821693795,0.74676254118358631,0.9999999909762074,9.0237926020364512e-09,0.0027430488474076641,build/runs/a1-publication/work/nnn_tfim_expensive/checkpoints/response_j2_0p05_L16_neig160.json,141a809fc3088cccfffd7ba06714d3e73bc25507f7d7fdf7dd6478f6b60d75c1
NNN-TFIM,0.050000000000000003,16,27,2.8895604083824267e-06,4.6614309758203628e-07,160,6.1988698821693795,0.74676254118358631,0.9999999909762074,9.0237926020364512e-09,0.0027430488474076641,build/runs/a1-publication/work/nnn_tfim_expensive/checkpoints/response_j2_0p05_L16_neig160.json,141a809fc3088cccfffd7ba06714d3e73bc25507f7d7fdf7dd6478f6b60d75c1
NNN-TFIM,0.050000000000000003,16,28,2.8195932326071186e-06,4.5485601185427097e-07,160,6.1988698821693795,0.74676254118358631,0.9999999909762074,9.0237926020364512e-09,0.0027430488474076641,build/runs/a1-publication/work/nnn_tfim_expensive/checkpoints/response_j2_0p05_L16_neig160.json,141a809fc3088cccfffd7ba06714d3e73bc25507f7d7fdf7dd6478f6b60d75c1
NNN-TFIM,0.050000000000000003,16,29,2.4329833599062123e-06,3.9248821255379481e-07,160,6.1988698821693795,0.74676254118358631,0.9999999909762074,9.0237926020364512e-09,0.0027430488474076641,build/runs/a1-publication/work/nnn_tfim_expensive/checkpoints/response_j2_0p05_L16_neig160.json,141a809fc3088cccfffd7ba06714d3e73bc25507f7d7fdf7dd6478f6b60d75c1
NNN-TFIM,0.050000000000000003,16,30,2.2571943976710463e-06,3.6412998507416807e-07,160,6.1988698821693795,0.74676254118358631,0.9999999909762074,9.0237926020364512e-09,0.0027430488474076641,build/runs/a1-publication/work/nnn_tfim_expensive/checkpoints/response_j2_0p05_L16_neig160.json,141a809fc3088cccfffd7ba06714d3e73bc25507f7d7fdf7dd6478f6b60d75c1
NNN-TFIM,0.050000000000000003,16,31,2.1633924482456544e-06,3.4899788015691428e-07,160,6.1988698821693795,0.74676254118358631,0.9999999909762074,9.0237926020364512e-09,0.0027430488474076641,build/runs/a1-publication/work/nnn_tfim_expensive/checkpoints/response_j2_0p05_L16_neig160.json,141a809fc3088cccfffd7ba06714d3e73bc25507f7d7fdf7dd6478f6b60d75c1
NNN-TFIM,0.050000000000000003,16,32,1.7872469997223289e-06,2.8831819891287303e-07,160,6.1988698821693795,0.74676254118358631,0.9999999909762074,9.0237926020364512e-09,0.0027430488474076641,build/runs/a1-publication/work/nnn_tfim_expensive/checkpoints/response_j2_0p05_L16_neig160.json,141a809fc3088cccfffd7ba06714d3e73bc25507f7d7fdf7dd6478f6b60d75c1
NNN-TFIM,0.050000000000000003,16,33,1.6816783018931646e-06,2.7128788534994033e-07,160,6.1988698821693795,0.74676254118358631,0.9999999909762074,9.0237926020364512e-09,0.0027430488474076641,build/runs/a1-publication/work/nnn_tfim_expensive/checkpoints/response_j2_0p05_L16_neig160.json,141a809fc3088cccfffd7ba06714d3e73bc25507f7d7fdf7dd6478f6b60d75c1
NNN-TFIM,0.050000000000000003,16,34,1.2967802056835074e-06,2.0919622936651825e-07,160,6.1988698821693795,0.74676254118358631,0.9999999909762074,9.0237926020364512e-09,0.0027430488474076641,build/runs/a1-publication/work/nnn_tfim_expensive/checkpoints/response_j2_0p05_L16_neig160.json,141a809fc3088cccfffd7ba06714d3e73bc25507f7d7fdf7dd6478f6b60d75c1
NNN-TFIM,0.050000000000000003,16,35,8.6574056467085687e-07,1.3966103195053339e-07,160,6.1988698821693795,0.74676254118358631,0.9999999909762074,9.0237926020364512e-09,0.0027430488474076641,build/runs/a1-publication/work/nnn_tfim_expensive/checkpoints/response_j2_0p05_L16_neig160.json,141a809fc3088cccfffd7ba06714d3e73bc25507f7d7fdf7dd6478f6b60d75c1
NNN-TFIM,0.050000000000000003,16,36,7.8577500447768764e-07,1.2676100957336032e-07,160,6.1988698821693795,0.74676254118358631,0.9999999909762074,9.0237926020364512e-09,0.0027430488474076641,build/runs/a1-publication/work/nnn_tfim_expensive/checkpoints/response_j2_0p05_L16_neig160.json,141a809fc3088cccfffd7ba06714d3e73bc25507f7d7fdf7dd6478f6b60d75c1
NNN-TFIM,0.050000000000000003,16,37,7.7357207802385153e-07,1.247924368035177e-07,160,6.1988698821693795,0.74676254118358631,0.9999999909762074,9.0237926020364512e-09,0.0027430488474076641,build/runs/a1-publication/work/nnn_tfim_expensive/checkpoints/response_j2_0p05_L16_neig160.json,141a809fc3088cccfffd7ba06714d3e73bc25507f7d7fdf7dd6478f6b60d75c1
NNN-TFIM,0.050000000000000003,16,38,3.3518143648065174e-07,5.4071377985328903e-08,160,6.1988698821693795,0.74676254118358631,0.9999999909762074,9.0237926020364512e-09,0.0027430488474076641,build/runs/a1-publication/work/nnn_tfim_expensive/checkpoints/response_j2_0p05_L16_neig160.json,141a809fc3088cccfffd7ba06714d3e73bc25507f7d7fdf7dd6478f6b60d75c1
NNN-TFIM,0.050000000000000003,16,39,3.3127418159451543e-07,5.344106069195011e-08,160,6.1988698821693795,0.74676254118358631,0.9999999909762074,9.0237926020364512e-09,0.0027430488474076641,build/runs/a1-publication/work/nnn_tfim_expensive/checkpoints/response_j2_0p05_L16_neig160.json,141a809fc3088cccfffd7ba06714d3e73bc25507f7d7fdf7dd6478f6b60d75c1
NNN-TFIM,0.050000000000000003,16,40,3.1321512532351899e-07,5.0527778655987058e-08,160,6.1988698821693795,0.74676254118358631,0.9999999909762074,9.0237926020364512e-09,0.0027430488474076641,build/runs/a1-publication/work/nnn_tfim_expensive/checkpoints/response_j2_0p05_L16_neig160.json,141a809fc3088cccfffd7ba06714d3e73bc25507f7d7fdf7dd6478f6b60d75c1
NNN-TFIM,0.050000000000000003,16,41,3.0387978272620274e-07,4.9021803732369337e-08,160,6.1988698821693795,0.74676254118358631,0.9999999909762074,9.0237926020364512e-09,0.0027430488474076641,build/runs/a1-publication/work/nnn_tfim_expensive/checkpoints/response_j2_0p05_L16_neig160.json,141a809fc3088cccfffd7ba06714d3e73bc25507f7d7fdf7dd6478f6b60d75c1
NNN-TFIM,0.050000000000000003,16,42,2.5882721804356424e-07,4.1753936276040061e-08,160,6.1988698821693795,0.74676254118358631,0.9999999909762074,9.0237926020364512e-09,0.0027430488474076641,build/runs/a1-publication/work/nnn_tfim_expensive/checkpoints/response_j2_0p05_L16_neig160.json,141a809fc3088cccfffd7ba06714d3e73bc25507f7d7fdf7dd6478f6b60d75c1
NNN-TFIM,0.050000000000000003,16,43,2.2240841631908815e-07,3.5878865107143255e-08,160,6.1988698821693795,0.74676254118358631,0.9999999909762074,9.0237926020364512e-09,0.0027430488474076641,build/runs/a1-publication/work/nnn_tfim_expensive/checkpoints/response_j2_0p05_L16_neig160.json,141a809fc3088cccfffd7ba06714d3e73bc25507f7d7fdf7dd6478f6b60d75c1
NNN-TFIM,0.050000000000000003,16,44,2.2029325176493352e-07,3.5537647337717449e-08,160,6.1988698821693795,0.74676254118358631,0.9999999909762074,9.0237926020364512e-09,0.0027430488474076641,build/runs/a1-publication/work/nnn_tfim_expensive/checkpoints/response_j2_0p05_L16_neig160.json,141a809fc3088cccfffd7ba06714d3e73bc25507f7d7fdf7dd6478f6b60d75c1
NNN-TFIM,0.050000000000000003,16,45,2.1683834470705284e-07,3.498030267271351e-08,160,6.1988698821693795,0.74676254118358631,0.9999999909762074,9.0237926020364512e-09,0.0027430488474076641,build/runs/a1-publication/work/nnn_tfim_expensive/checkpoints/response_j2_0p05_L16_neig160.json,141a809fc3088cccfffd7ba06714d3e73bc25507f7d7fdf7dd6478f6b60d75c1
NNN-TFIM,0.050000000000000003,16,46,2.1633965680994713e-07,3.4899854477060922e-08,160,6.1988698821693795,0.74676254118358631,0.9999999909762074,9.0237926020364512e-09,0.0027430488474076641,build/runs/a1-publication/work/nnn_tfim_expensive/checkpoints/response_j2_0p05_L16_neig160.json,141a809fc3088cccfffd7ba06714d3e73bc25507f7d7fdf7dd6478f6b60d75c1
NNN-TFIM,0.050000000000000003,16,47,1.9669803227902627e-07,3.1731272960707656e-08,160,6.1988698821693795,0.74676254118358631,0.9999999909762074,9.0237926020364512e-09,0.0027430488474076641,build/runs/a1-publication/work/nnn_tfim_expensive/checkpoints/response_j2_0p05_L16_neig160.json,141a809fc3088cccfffd7ba06714d3e73bc25507f7d7fdf7dd6478f6b60d75c1
NNN-TFIM,0.050000000000000003,16,48,1.821320958435048e-07,2.938150006461584e-08,160,6.1988698821693795,0.74676254118358631,0.9999999909762074,9.0237926020364512e-09,0.0027430488474076641,build/runs/a1-publication/work/nnn_tfim_expensive/checkpoints/response_j2_0p05_L16_neig160.json,141a809fc3088cccfffd7ba06714d3e73bc25507f7d7fdf7dd6478f6b60d75c1
NNN-TFIM,0.050000000000000003,16,49,1.6815073862213483e-07,2.7126031328034292e-08,160,6.1988698821693795,0.74676254118358631,0.9999999909762074,9.0237926020364512e-09,0.0027430488474076641,build/runs/a1-publication/work/nnn_tfim_expensive/checkpoints/response_j2_0p05_L16_neig160.json,141a809fc3088cccfffd7ba06714d3e73bc25507f7d7fdf7dd6478f6b60d75c1
NNN-TFIM,0.050000000000000003,16,50,1.6267592575763165e-07,2.6242836008795361e-08,160,6.1988698821693795,0.74676254118358631,0.9999999909762074,9.0237926020364512e-09,0.0027430488474076641,build/runs/a1-publication/work/nnn_tfim_expensive/checkpoints/response_j2_0p05_L16_neig160.json,141a809fc3088cccfffd7ba06714d3e73bc25507f7d7fdf7dd6478f6b60d75c1
NNN-TFIM,0.050000000000000003,16,51,1.5723205588132066e-07,2.5364632403978634e-08,160,6.1988698821693795,0.74676254118358631,0.9999999909762074,9.0237926020364512e-09,0.0027430488474076641,build/runs/a1-publication/work/nnn_tfim_expensive/checkpoints/response_j2_0p05_L16_neig160.json,141a809fc3088cccfffd7ba06714d3e73bc25507f7d7fdf7dd6478f6b60d75c1
NNN-TFIM,0.050000000000000003,16,52,1.0405954296846773e-07,1.6786857112098419e-08,160,6.1988698821693795,0.74676254118358631,0.9999999909762074,9.0237926020364512e-09,0.0027430488474076641,build/runs/a1-publication/work/nnn_tfim_expensive/checkpoints/response_j2_0p05_L16_neig160.json,141a809fc3088cccfffd7ba06714d3e73bc25507f7d7fdf7dd6478f6b60d75c1
NNN-TFIM,0.050000000000000003,16,53,9.8484148525510706e-08,1.5887436000035031e-08,160,6.1988698821693795,0.74676254118358631,0.9999999909762074,9.0237926020364512e-09,0.0027430488474076641,build/runs/a1-publication/work/nnn_tfim_expensive/checkpoints/response_j2_0p05_L16_neig160.json,141a809fc3088cccfffd7ba06714d3e73bc25507f7d7fdf7dd6478f6b60d75c1
NNN-TFIM,0.050000000000000003,16,54,6.3280205412058855e-08,1.0208345491180576e-08,160,6.1988698821693795,0.74676254118358631,0.9999999909762074,9.0237926020364512e-09,0.0027430488474076641,build/runs/a1-publication/work/nnn_tfim_expensive/checkpoints/response_j2_0p05_L16_neig160.json,141a809fc3088cccfffd7ba06714d3e73bc25507f7d7fdf7dd6478f6b60d75c1
NNN-TFIM,0.050000000000000003,16,55,6.0735997898248422e-08,9.7979146284311145e-09,160,6.1988698821693795,0.74676254118358631,0.9999999909762074,9.0237926020364512e-09,0.0027430488474076641,build/runs/a1-publication/work/nnn_tfim_expensive/checkpoints/response_j2_0p05_L16_neig160.json,141a809fc3088cccfffd7ba06714d3e73bc25507f7d7fdf7dd6478f6b60d75c1
NNN-TFIM,0.050000000000000003,16,56,4.3233685478241285e-08,6.97444635877904e-09,160,6.1988698821693795,0.74676254118358631,0.9999999909762074,9.0237926020364512e-09,0.0027430488474076641,build/runs/a1-publication/work/nnn_tfim_expensive/checkpoints/response_j2_0p05_L16_neig160.json,141a809fc3088cccfffd7ba06714d3e73bc25507f7d7fdf7dd6478f6b60d75c1
NNN-TFIM,0.050000000000000003,16,57,3.4835648187958731e-08,5.6196772718461251e-09,160,6.1988698821693795,0.74676254118358631,0.9999999909762074,9.0237926020364512e-09,0.0027430488474076641,build/runs/a1-publication/work/nnn_tfim_expensive/checkpoints/response_j2_0p05_L16_neig160.json,141a809fc3088cccfffd7ba06714d3e73bc25507f7d7fdf7dd6478f6b60d75c1
NNN-TFIM,0.050000000000000003,16,58,3.4757839651380735e-08,5.6071252199306939e-09,160,6.1988698821693795,0.74676254118358631,0.9999999909762074,9.0237926020364512e-09,0.0027430488474076641,build/runs/a1-publication/work/nnn_tfim_expensive/checkpoints/response_j2_0p05_L16_neig160.json,141a809fc3088cccfffd7ba06714d3e73bc25507f7d7fdf7dd6478f6b60d75c1
NNN-TFIM,0.050000000000000003,16,59,3.4009664437437345e-08,5.4864297983191731e-09,160,6.1988698821693795,0.74676254118358631,0.9999999909762074,9.0237926020364512e-09,0.0027430488474076641,build/runs/a1-publication/work/nnn_tfim_expensive/checkpoints/response_j2_0p05_L16_neig160.json,141a809fc3088cccfffd7ba06714d3e73bc25507f7d7fdf7dd6478f6b60d75c1
NNN-TFIM,0.050000000000000003,16,60,2.8417700065212564e-08,4.5843356297821501e-09,160,6.1988698821693795,0.74676254118358631,0.9999999909762074,9.0237926020364512e-09,0.0027430488474076641,build/runs/a1-publication/work/nnn_tfim_expensive/checkpoints/response_j2_0p05_L16_neig160.json,141a809fc3088cccfffd7ba06714d3e73bc25507f7d7fdf7dd6478f6b60d75c1
NNN-TFIM,0.050000000000000003,16,61,2.5369324577229856e-08,4.0925725268412176e-09,160,6.1988698821693795,0.74676254118358631,0.9999999909762074,9.0237926020364512e-09,0.0027430488474076641,build/runs/a1-publication/work/nnn_tfim_expensive/checkpoints/response_j2_0p05_L16_neig160.json,141a809fc3088cccfffd7ba06714d3e73bc25507f7d7fdf7dd6478f6b60d75c1
NNN-TFIM,0.050000000000000003,16,62,2.5255855800663076e-08,4.0742677747293584e-09,160,6.1988698821693795,0.74676254118358631,0.9999999909762074,9.0237926020364512e-09,0.0027430488474076641,build/runs/a1-publication/work/nnn_tfim_expensive/checkpoints/response_j2_0p05_L16_neig160.json,141a809fc3088cccfffd7ba06714d3e73bc25507f7d7fdf7dd6478f6b60d75c1
NNN-TFIM,0.050000000000000003,16,63,2.0034718217887437e-08,3.2319952828040348e-09,160,6.1988698821693795,0.74676254118358631,0.9999999909762074,9.0237926020364512e-09,0.0027430488474076641,build/runs/a1-publication/work/nnn_tfim_expensive/checkpoints/response_j2_0p05_L16_neig160.json,141a809fc3088cccfffd7ba06714d3e73bc25507f7d7fdf7dd6478f6b60d75c1
NNN-TFIM,0.050000000000000003,16,64,2.0014279079404186e-08,3.2286980465542398e-09,160,6.1988698821693795,0.74676254118358631,0.9999999909762074,9.0237926020364512e-09,0.0027430488474076641,build/runs/a1-publication/work/nnn_tfim_expensive/checkpoints/response_j2_0p05_L16_neig160.json,141a809fc3088cccfffd7ba06714d3e73bc25507f7d7fdf7dd6478f6b60d75c1
NNN-TFIM,0.050000000000000003,16,65,1.3159198214223924e-08,2.1228382696135384e-09,160,6.1988698821693795,0.74676254118358631,0.9999999909762074,9.0237926020364512e-09,0.0027430488474076641,build/runs/a1-publication/work/nnn_tfim_expensive/checkpoints/response_j2_0p05_L16_neig160.json,141a809fc3088cccfffd7ba06714d3e73bc25507f7d7fdf7dd6478f6b60d75c1
NNN-TFIM,0.050000000000000003,16,66,1.2302445346952331e-08,1.9846271305580175e-09,160,6.1988698821693795,0.74676254118358631,0.9999999909762074,9.0237926020364512e-09,0.0027430488474076641,build/runs/a1-publication/work/nnn_tfim_expensive/checkpoints/response_j2_0p05_L16_neig160.json,141a809fc3088cccfffd7ba06714d3e73bc25507f7d7fdf7dd6478f6b60d75c1
NNN-TFIM,0.050000000000000003,16,67,1.0435022679126509e-08,1.683375014717139e-09,160,6.1988698821693795,0.74676254118358631,0.9999999909762074,9.0237926020364512e-09,0.0027430488474076641,build/runs/a1-publication/work/nnn_tfim_expensive/checkpoints/response_j2_0p05_L16_neig160.json,141a809fc3088cccfffd7ba06714d3e73bc25507f7d7fdf7dd6478f6b60d75c1
NNN-TFIM,0.050000000000000003,16,68,8.0358221124961624e-09,1.2963366331677084e-09,160,6.1988698821693795,0.74676254118358631,0.9999999909762074,9.0237926020364512e-09,0.0027430488474076641,build/runs/a1-publication/work/nnn_tfim_expensive/checkpoints/response_j2_0p05_L16_neig160.json,141a809fc3088cccfffd7ba06714d3e73bc25507f7d7fdf7dd6478f6b60d75c1
NNN-TFIM,0.050000000000000003,16,69,6.3309286683483882e-09,1.0213036873961279e-09,160,6.1988698821693795,0.74676254118358631,0.9999999909762074,9.0237926020364512e-09,0.0027430488474076641,build/runs/a1-publication/work/nnn_tfim_expensive/checkpoints/response_j2_0p05_L16_neig160.json,141a809fc3088cccfffd7ba06714d3e73bc25507f7d7fdf7dd6478f6b60d75c1
NNN-TFIM,0.050000000000000003,16,70,3.4291285412333249e-09,5.5318608172386005e-10,160,6.1988698821693795,0.74676254118358631,0.9999999909762074,9.0237926020364512e-09,0.0027430488474076641,build/runs/a1-publication/work/nnn_tfim_expensive/checkpoints/response_j2_0p05_L16_neig160.json,141a809fc3088cccfffd7ba06714d3e73bc25507f7d7fdf7dd6478f6b60d75c1
NNN-TFIM,0.050000000000000003,16,71,3.0539665133243164e-09,4.9266504562530663e-10,160,6.1988698821693795,0.74676254118358631,0.9999999909762074,9.0237926020364512e-09,0.0027430488474076641,build/runs/a1-publication/work/nnn_tfim_expensive/checkpoints/response_j2_0p05_L16_neig160.json,141a809fc3088cccfffd7ba06714d3e73bc25507f7d7fdf7dd6478f6b60d75c1
NNN-TFIM,0.050000000000000003,16,72,2.5498155292474691e-09,4.1133554627139972e-10,160,6.1988698821693795,0.74676254118358631,0.9999999909762074,9.0237926020364512e-09,0.0027430488474076641,build/runs/a1-publication/work/nnn_tfim_expensive/checkpoints/response_j2_0p05_L16_neig160.json,141a809fc3088cccfffd7ba06714d3e73bc25507f7d7fdf7dd6478f6b60d75c1
NNN-TFIM,0.050000000000000003,16,73,1.2242392687868765e-09,1.974939451960939e-10,160,6.1988698821693795,0.74676254118358631,0.9999999909762074,9.0237926020364512e-09,0.0027430488474076641,build/runs/a1-publication/work/nnn_tfim_expensive/checkpoints/response_j2_0p05_L16_neig160.json,141a809fc3088cccfffd7ba06714d3e73bc25507f7d7fdf7dd6478f6b60d75c1
NNN-TFIM,0.050000000000000003,16,74,1.2008196638266247e-09,1.9371590090650223e-10,160,6.1988698821693795,0.74676254118358631,0.9999999909762074,9.0237926020364512e-09,0.0027430488474076641,build/runs/a1-publication/work/nnn_tfim_expensive/checkpoints/response_j2_0p05_L16_neig160.json,141a809fc3088cccfffd7ba06714d3e73bc25507f7d7fdf7dd6478f6b60d75c1
NNN-TFIM,0.050000000000000003,16,75,1.1346635676275493e-09,1.8304361749733294e-10,160,6.1988698821693795,0.74676254118358631,0.9999999909762074,9.0237926020364512e-09,0.0027430488474076641,build/runs/a1-publication/work/nnn_tfim_expensive/checkpoints/response_j2_0p05_L16_neig160.json,141a809fc3088cccfffd7ba06714d3e73bc25507f7d7fdf7dd6478f6b60d75c1
NNN-TFIM,0.050000000000000003,16,76,1.0132505907403069e-09,1.6345730915482711e-10,160,6.1988698821693795,0.74676254118358631,0.9999999909762074,9.0237926020364512e-09,0.0027430488474076641,build/runs/a1-publication/work/nnn_tfim_expensive/checkpoints/response_j2_0p05_L16_neig160.json,141a809fc3088cccfffd7ba06714d3e73bc25507f7d7fdf7dd6478f6b60d75c1
NNN-TFIM,0.050000000000000003,16,77,9.6331348313939615e-10,1.5540146856611731e-10,160,6.1988698821693795,0.74676254118358631,0.9999999909762074,9.0237926020364512e-09,0.0027430488474076641,build/runs/a1-publication/work/nnn_tfim_expensive/checkpoints/response_j2_0p05_L16_neig160.json,141a809fc3088cccfffd7ba06714d3e73bc25507f7d7fdf7dd6478f6b60d75c1
NNN-TFIM,0.050000000000000003,16,78,6.222287487917121e-10,1.0037777217771744e-10,160,6.1988698821693795,0.74676254118358631,0.9999999909762074,9.0237926020364512e-09,0.0027430488474076641,build/runs/a1-publication/work/nnn_tfim_expensive/checkpoints/response_j2_0p05_L16_neig160.json,141a809fc3088cccfffd7ba06714d3e73bc25507f7d7fdf7dd6478f6b60d75c1
NNN-TFIM,0.050000000000000003,16,79,6.1247268538643006e-10,9.880392668801863e-11,160,6.1988698821693795,0.74676254118358631,0.9999999909762074,9.0237926020364512e-09,0.0027430488474076641,build/runs/a1-publication/work/nnn_tfim_expensive/checkpoints/response_j2_0p05_L16_neig160.json,141a809fc3088cccfffd7ba06714d3e73bc25507f7d7fdf7dd6478f6b60d75c1
NNN-TFIM,0.050000000000000003,16,80,6.1128003167159896e-10,9.8611528115778608e-11,160,6.1988698821693795,0.74676254118358631,0.9999999909762074,9.0237926020364512e-09,0.0027430488474076641,build/runs/a1-publication/work/nnn_tfim_expensive/checkpoints/response_j2_0p05_L16_neig160.json,141a809fc3088cccfffd7ba06714d3e73bc25507f7d7fdf7dd6478f6b60d75c1
NNN-TFIM,0.050000000000000003,16,81,6.0095770811056035e-10,9.6946333692077263e-11,160,6.1988698821693795,0.74676254118358631,0.9999999909762074,9.0237926020364512e-09,0.0027430488474076641,build/runs/a1-publication/work/nnn_tfim_expensive/checkpoints/response_j2_0p05_L16_neig160.json,141a809fc3088cccfffd7ba06714d3e73bc25507f7d7fdf7dd6478f6b60d75c1
NNN-TFIM,0.050000000000000003,16,82,5.4036263381349279e-10,8.7171152820582426e-11,160,6.1988698821693795,0.74676254118358631,0.9999999909762074,9.0237926020364512e-09,0.0027430488474076641,build/runs/a1-publication/work/nnn_tfim_expensive/checkpoints/response_j2_0p05_L16_neig160.json,141a809fc3088cccfffd7ba06714d3e73bc25507f7d7fdf7dd6478f6b60d75c1
NNN-TFIM,0.050000000000000003,16,83,1.9602371137114249e-10,3.1622491695621995e-11,160,6.1988698821693795,0.74676254118358631,0.9999999909762074,9.0237926020364512e-09,0.0027430488474076641,build/runs/a1-publication/work/nnn_tfim_expensive/checkpoints/response_j2_0p05_L16_neig160.json,141a809fc3088cccfffd7ba06714d3e73bc25507f7d7fdf7dd6478f6b60d75c1
NNN-TFIM,0.050000000000000003,16,84,1.7502663032328066e-10,2.8235248303361337e-11,160,6.1988698821693795,0.74676254118358631,0.9999999909762074,9.0237926020364512e-09,0.0027430488474076641,build/runs/a1-publication/work/nnn_tfim_expensive/checkpoints/response_j2_0p05_L16_neig160.json,141a809fc3088cccfffd7ba06714d3e73bc25507f7d7fdf7dd6478f6b60d75c1
NNN-TFIM,0.050000000000000003,16,85,1.589745336443832e-10,2.5645728441834607e-11,160,6.1988698821693795,0.74676254118358631,0.9999999909762074,9.0237926020364512e-09,0.0027430488474076641,build/runs/a1-publication/work/nnn_tfim_expensive/checkpoints/response_j2_0p05_L16_neig160.json,141a809fc3088cccfffd7ba06714d3e73bc25507f7d7fdf7dd6478f6b60d75c1
NNN-TFIM,0.050000000000000003,16,86,1.4934273076797142e-10,2.409192862678816e-11,160,6.1988698821693795,0.74676254118358631,0.9999999909762074,9.0237926020364512e-09,0.0027430488474076641,build/runs/a1-publication/work/nnn_tfim_expensive/checkpoints/response_j2_0p05_L16_neig160.json,141a809fc3088cccfffd7ba06714d3e73bc25507f7d7fdf7dd6478f6b60d75c1
NNN-TFIM,0.050000000000000003,16,87,1.2908317516850107e-10,2.0823662638862593e-11,160,6.1988698821693795,0.74676254118358631,0.9999999909762074,9.0237926020364512e-09,0.0027430488474076641,build/runs/a1-publication/work/nnn_tfim_expensive/checkpoints/response_j2_0p05_L16_neig160.json,141a809fc3088cccfffd7ba06714d3e73bc25507f7d7fdf7dd6478f6b60d75c1
NNN-TFIM,0.050000000000000003,16,88,1.1068148334422282e-10,1.7855106728823337e-11,160,6.1988698821693795,0.74676254118358631,0.9999999909762074,9.0237926020364512e-09,0.0027430488474076641,build/runs/a1-publication/work/nnn_tfim_expensive/checkpoints/response_j2_0p05_L16_neig160.json,141a809fc3088cccfffd7ba06714d3e73bc25507f7d7fdf7dd6478f6b60d75c1
NNN-TFIM,0.050000000000000003,16,89,9.6081342233892639e-11,1.5499815943913256e-11,160,6.1988698821693795,0.74676254118358631,0.9999999909762074,9.0237926020364512e-09,0.0027430488474076641,build/runs/a1-publication/work/nnn_tfim_expensive/checkpoints/response_j2_0p05_L16_neig160.json,141a809fc3088cccfffd7ba06714d3e73bc25507f7d7fdf7dd6478f6b60d75c1
NNN-TFIM,0.050000000000000003,16,90,9.2668918575393061e-11,1.4949324689319388e-11,160,6.1988698821693795,0.74676254118358631,0.9999999909762074,9.0237926020364512e-09,0.0027430488474076641,build/runs/a1-publication/work/nnn_tfim_expensive/checkpoints/response_j2_0p05_L16_neig160.json,141a809fc3088cccfffd7ba06714d3e73bc25507f7d7fdf7dd6478f6b60d75c1
NNN-TFIM,0.050000000000000003,16,91,5.7459087775522024e-11,9.2692843804963732e-12,160,6.1988698821693795,0.74676254118358631,0.9999999909762074,9.0237926020364512e-09,0.0027430488474076641,build/runs/a1-publication/work/nnn_tfim_expensive/checkpoints/response_j2_0p05_L16_neig160.json,141a809fc3088cccfffd7ba06714d3e73bc25507f7d7fdf7dd6478f6b60d75c1
NNN-TFIM,0.050000000000000003,16,92,4.4471546616190203e-11,7.1741377801959563e-12,160,6.1988698821693795,0.74676254118358631,0.9999999909762074,9.0237926020364512e-09,0.0027430488474076641,build/runs/a1-publication/work/nnn_tfim_expensive/checkpoints/response_j2_0p05_L16_neig160.json,141a809fc3088cccfffd7ba06714d3e73bc25507f7d7fdf7dd6478f6b60d75c1
NNN-TFIM,0.050000000000000003,16,93,2.452600737209555e-11,3.9565288251400331e-12,160,6.1988698821693795,0.74676254118358631,0.9999999909762074,9.0237926020364512e-09,0.0027430488474076641,build/runs/a1-publication/work/nnn_tfim_expensive/checkpoints/response_j2_0p05_L16_neig160.json,141a809fc3088cccfffd7ba06714d3e73bc25507f7d7fdf7dd6478f6b60d75c1
NNN-TFIM,0.050000000000000003,16,94,1.4382361159264504e-11,2.3201585825562126e-12,160,6.1988698821693795,0.74676254118358631,0.9999999909762074,9.0237926020364512e-09,0.0027430488474076641,build/runs/a1-publication/work/nnn_tfim_expensive/checkpoints/response_j2_0p05_L16_neig160.json,141a809fc3088cccfffd7ba06714d3e73bc25507f7d7fdf7dd6478f6b60d75c1
NNN-TFIM,0.050000000000000003,16,95,5.744789546594873e-12,9.2674788401662739e-13,160,6.1988698821693795,0.74676254118358631,0.9999999909762074,9.0237926020364512e-09,0.0027430488474076641,build/runs/a1-publication/work/nnn_tfim_expensive/checkpoints/response_j2_0p05_L16_neig160.json,141a809fc3088cccfffd7ba06714d3e73bc25507f7d7fdf7dd6478f6b60d75c1
NNN-TFIM,0.050000000000000003,16,96,1.7892427011686843e-12,2.8864014492630622e-13,160,6.1988698821693795,0.74676254118358631,0.9999999909762074,9.0237926020364512e-09,0.0027430488474076641,build/runs/a1-publication/work/nnn_tfim_expensive/checkpoints/response_j2_0p05_L16_neig160.json,141a809fc3088cccfffd7ba06714d3e73bc25507f7d7fdf7dd6478f6b60d75c1
NNN-TFIM,0.050000000000000003,16,97,3.9276582803856727e-13,6.3360876337851683e-14,160,6.1988698821693795,0.74676254118358631,0.9999999909762074,9.0237926020364512e-09,0.0027430488474076641,build/runs/a1-publication/work/nnn_tfim_expensive/checkpoints/response_j2_0p05_L16_neig160.json,141a809fc3088cccfffd7ba06714d3e73bc25507f7d7fdf7dd6478f6b60d75c1
NNN-TFIM,0.050000000000000003,16,98,1.7108542116079804e-13,2.7599453515375992e-14,160,6.1988698821693795,0.74676254118358631,0.9999999909762074,9.0237926020364512e-09,0.0027430488474076641,build/runs/a1-publication/work/nnn_tfim_expensive/checkpoints/response_j2_0p05_L16_neig160.json,141a809fc3088cccfffd7ba06714d3e73bc25507f7d7fdf7dd6478f6b60d75c1
NNN-TFIM,0.050000000000000003,16,99,3.1280583442501928e-14,5.0461751959786028e-15,160,6.1988698821693795,0.74676254118358631,0.9999999909762074,9.0237926020364512e-09,0.0027430488474076641,build/runs/a1-publication/work/nnn_tfim_expensive/checkpoints/response_j2_0p05_L16_neig160.json,141a809fc3088cccfffd7ba06714d3e73bc25507f7d7fdf7dd6478f6b60d75c1
NNN-TFIM,0.050000000000000003,16,100,6.099537991564829e-23,9.8397580647881128e-24,160,6.1988698821693795,0.74676254118358631,0.9999999909762074,9.0237926020364512e-09,0.0027430488474076641,build/runs/a1-publication/work/nnn_tfim_expensive/checkpoints/response_j2_0p05_L16_neig160.json,141a809fc3088cccfffd7ba06714d3e73bc25507f7d7fdf7dd6478f6b60d75c1
NNN-TFIM,0.050000000000000003,16,101,3.8338084156320271e-23,6.1846892877356757e-24,160,6.1988698821693795,0.74676254118358631,0.9999999909762074,9.0237926020364512e-09,0.0027430488474076641,build/runs/a1-publication/work/nnn_tfim_expensive/checkpoints/response_j2_0p05_L16_neig160.json,141a809fc3088cccfffd7ba06714d3e73bc25507f7d7fdf7dd6478f6b60d75c1
NNN-TFIM,0.050000000000000003,16,102,1.7044814886961717e-24,2.7496648923039904e-25,160,6.1988698821693795,0.74676254118358631,0.9999999909762074,9.0237926020364512e-09,0.0027430488474076641,build/runs/a1-publication/work/nnn_tfim_expensive/checkpoints/response_j2_0p05_L16_neig160.json,141a809fc3088cccfffd7ba06714d3e73bc25507f7d7fdf7dd6478f6b60d75c1
NNN-TFIM,0.050000000000000003,16,103,4.0634115980427707e-25,6.5550845158581139e-26,160,6.1988698821693795,0.74676254118358631,0.9999999909762074,9.0237926020364512e-09,0.0027430488474076641,build/runs/a1-publication/work/nnn_tfim_expensive/checkpoints/response_j2_0p05_L16_neig160.json,141a809fc3088cccfffd7ba06714d3e73bc25507f7d7fdf7dd6478f6b60d75c1
NNN-TFIM,0.050000000000000003,16,104,3.5815482625465686e-25,5.7777438962683257e-26,160,6.1988698821693795,0.74676254118358631,0.9999999909762074,9.0237926020364512e-09,0.0027430488474076641,build/runs/a1-publication/work/nnn_tfim_expensive/checkpoints/response_j2_0p05_L16_neig160.json,141a809fc3088cccfffd7ba06714d3e73bc25507f7d7fdf7dd6478f6b60d75c1
NNN-TFIM,0.050000000000000003,16,105,2.0171836593088485e-25,3.2541151817222971e-26,160,6.1988698821693795,0.74676254118358631,0.9999999909762074,9.0237926020364512e-09,0.0027430488474076641,build/runs/a1-publication/work/nnn_tfim_expensive/checkpoints/response_j2_0p05_L16_neig160.json,141a809fc3088cccfffd7ba06714d3e73bc25507f7d7fdf7dd6478f6b60d75c1
NNN-TFIM,0.050000000000000003,16,106,1.2741893676133276e-25,2.0555188152576733e-26,160,6.1988698821693795,0.74676254118358631,0.9999999909762074,9.0237926020364512e-09,0.0027430488474076641,build/runs/a1-publication/work/nnn_tfim_expensive/checkpoints/response_j2_0p05_L16_neig160.json,141a809fc3088cccfffd7ba06714d3e73bc25507f7d7fdf7dd6478f6b60d75c1
NNN-TFIM,0.050000000000000003,16,107,5.0010843911370724e-26,8.0677357102176729e-27,160,6.1988698821693795,0.74676254118358631,0.9999999909762074,9.0237926020364512e-09,0.0027430488474076641,build/runs/a1-publication/work/nnn_tfim_expensive/checkpoints/response_j2_0p05_L16_neig160.json,141a809fc3088cccfffd7ba06714d3e73bc25507f7d7fdf7dd6478f6b60d75c1
NNN-TFIM,0.050000000000000003,16,108,1.2784277545413763e-26,2.062356169499033e-27,160,6.1988698821693795,0.74676254118358631,0.9999999909762074,9.0237926020364512e-09,0.0027430488474076641,build/runs/a1-publication/work/nnn_tfim_expensive/checkpoints/response_j2_0p05_L16_neig160.json,141a809fc3088cccfffd7ba06714d3e73bc25507f7d7fdf7dd6478f6b60d75c1
NNN-TFIM,0.050000000000000003,16,109,1.1384967984392878e-26,1.8366199324720384e-27,160,6.1988698821693795,0.74676254118358631,0.9999999909762074,9.0237926020364512e-09,0.0027430488474076641,build/runs/a1-publication/work/nnn_tfim_expensive/checkpoints/response_j2_0p05_L16_neig160.json,141a809fc3088cccfffd7ba06714d3e73bc25507f7d7fdf7dd6478f6b60d75c1
NNN-TFIM,0.050000000000000003,16,110,1.0040597580880353e-26,1.6197464653616035e-27,160,6.1988698821693795,0.74676254118358631,0.9999999909762074,9.0237926020364512e-09,0.0027430488474076641,build/runs/a1-publication/work/nnn_tfim_expensive/checkpoints/response_j2_0p05_L16_neig160.json,141a809fc3088cccfffd7ba06714d3e73bc25507f7d7fdf7dd6478f6b60d75c1
NNN-TFIM,0.050000000000000003,16,111,6.2837329166417734e-27,1.0136900815931782e-27,160,6.1988698821693795,0.74676254118358631,0.9999999909762074,9.0237926020364512e-09,0.0027430488474076641,build/runs/a1-publication/work/nnn_tfim_expensive/checkpoints/response_j2_0p05_L16_neig160.json,141a809fc3088cccfffd7ba06714d3e73bc25507f7d7fdf7dd6478f6b60d75c1
NNN-TFIM,0.050000000000000003,16,112,5.2953170491607694e-27,8.5423910322628049e-28,160,6.1988698821693795,0.74676254118358631,0.9999999909762074,9.0237926020364512e-09,0.0027430488474076641,build/runs/a1-publication/work/nnn_tfim_expensive/checkpoints/response_j2_0p05_L16_neig160.json,141a809fc3088cccfffd7ba06714d3e73bc25507f7d7fdf7dd6478f6b60d75c1
NNN-TFIM,0.050000000000000003,16,113,1.1442333691102831e-27,1.8458741526444865e-28,160,6.1988698821693795,0.74676254118358631,0.9999999909762074,9.0237926020364512e-09,0.0027430488474076641,build/runs/a1-publication/work/nnn_tfim_expensive/checkpoints/response_j2_0p05_L16_neig160.json,141a809fc3088cccfffd7ba06714d3e73bc25507f7d7fdf7dd6478f6b60d75c1
NNN-TFIM,0.050000000000000003,16,114,7.2345476204263164e-28,1.1670752504800904e-28,160,6.1988698821693795,0.74676254118358631,0.9999999909762074,9.0237926020364512e-09,0.0027430488474076641,build/runs/a1-publication/work/nnn_tfim_expensive/checkpoints/response_j2_0p05_L16_neig160.json,141a809fc3088cccfffd7ba06714d3e73bc25507f7d7fdf7dd6478f6b60d75c1
NNN-TFIM,0.050000000000000003,16,115,6.7673421557333006e-28,1.09170579224434e-28,160,6.1988698821693795,0.74676254118358631,0.9999999909762074,9.0237926020364512e-09,0.0027430488474076641,build/runs/a1-publication/work/nnn_tfim_expensive/checkpoints/response_j2_0p05_L16_neig160.json,141a809fc3088cccfffd7ba06714d3e73bc25507f7d7fdf7dd6478f6b60d75c1
NNN-TFIM,0.050000000000000003,16,116,5.1165363320483954e-28,8.2539824666521205e-29,160,6.1988698821693795,0.74676254118358631,0.9999999909762074,9.0237926020364512e-09,0.0027430488474076641,build/runs/a1-publication/work/nnn_tfim_expensive/checkpoints/response_j2_0p05_L16_neig160.json,141a809fc3088cccfffd7ba06714d3e73bc25507f7d7fdf7dd6478f6b60d75c1
NNN-TFIM,0.050000000000000003,16,117,3.3124913998370516e-28,5.3437020986118835e-29,160,6.1988698821693795,0.74676254118358631,0.9999999909762074,9.0237926020364512e-09,0.0027430488474076641,build/runs/a1-publication/work/nnn_tfim_expensive/checkpoints/response_j2_0p05_L16_neig160.json,141a809fc3088cccfffd7ba06714d3e73bc25507f7d7fdf7dd6478f6b60d75c1
NNN-TFIM,0.050000000000000003,16,118,2.6144647757003732e-28,4.2176474509018173e-29,160,6.1988698821693795,0.74676254118358631,0.9999999909762074,9.0237926020364512e-09,0.0027430488474076641,build/runs/a1-publication/work/nnn_tfim_expensive/checkpoints/response_j2_0p05_L16_neig160.json,141a809fc3088cccfffd7ba06714d3e73bc25507f7d7fdf7dd6478f6b60d75c1
NNN-TFIM,0.050000000000000003,16,119,2.2603869797005537e-28,3.6464501153708687e-29,160,6.1988698821693795,0.74676254118358631,0.9999999909762074,9.0237926020364512e-09,0.0027430488474076641,build/runs/a1-publication/work/nnn_tfim_expensive/checkpoints/response_j2_0p05_L16_neig160.json,141a809fc3088cccfffd7ba06714d3e73bc25507f7d7fdf7dd6478f6b60d75c1
NNN-TFIM,0.050000000000000003,16,120,1.9300395368069611e-28,3.1135345207980351e-29,160,6.1988698821693795,0.74676254118358631,0.9999999909762074,9.0237926020364512e-09,0.0027430488474076641,build/runs/a1-publication/work/nnn_tfim_expensive/checkpoints/response_j2_0p05_L16_neig160.json,141a809fc3088cccfffd7ba06714d3e73bc25507f7d7fdf7dd6478f6b60d75c1
NNN-TFIM,0.050000000000000003,16,121,1.5211459464689194e-28,2.4539084952313493e-29,160,6.1988698821693795,0.74676254118358631,0.9999999909762074,9.0237926020364512e-09,0.0027430488474076641,build/runs/a1-publication/work/nnn_tfim_expensive/checkpoints/response_j2_0p05_L16_neig160.json,141a809fc3088cccfffd7ba06714d3e73bc25507f7d7fdf7dd6478f6b60d75c1
NNN-TFIM,0.050000000000000003,16,122,8.3674643998251439e-29,1.3498370765764217e-29,160,6.1988698821693795,0.74676254118358631,0.9999999909762074,9.0237926020364512e-09,0.0027430488474076641,build/runs/a1-publication/work/nnn_tfim_expensive/checkpoints/response_j2_0p05_L16_neig160.json,141a809fc3088cccfffd7ba06714d3e73bc25507f7d7fdf7dd6478f6b60d75c1
NNN-TFIM,0.050000000000000003,16,123,6.822932662516212e-29,1.1006736376483568e-29,160,6.1988698821693795,0.74676254118358631,0.9999999909762074,9.0237926020364512e-09,0.0027430488474076641,build/runs/a1-publication/work/nnn_tfim_expensive/checkpoints/response_j2_0p05_L16_neig160.json,141a809fc3088cccfffd7ba06714d3e73bc25507f7d7fdf7dd6478f6b60d75c1
NNN-TFIM,0.050000000000000003,16,124,5.6373799907128276e-29,9.0942060373429697e-30,160,6.1988698821693795,0.74676254118358631,0.9999999909762074,9.0237926020364512e-09,0.0027430488474076641,build/runs/a1-publication/work/nnn_tfim_expensive/checkpoints/response_j2_0p05_L16_neig160.json,141a809fc3088cccfffd7ba06714d3e73bc25507f7d7fdf7dd6478f6b60d75c1
NNN-TFIM,0.050000000000000003,16,125,5.4819608791685386e-29,8.8434843501668264e-30,160,6.1988698821693795,0.74676254118358631,0.9999999909762074,9.0237926020364512e-09,0.0027430488474076641,build/runs/a1-publication/work/nnn_tfim_expensive/checkpoints/response_j2_0p05_L16_neig160.json,141a809fc3088cccfffd7ba06714d3e73bc25507f7d7fdf7dd6478f6b60d75c1
NNN-TFIM,0.050000000000000003,16,126,5.4547467431128637e-29,8.7995825800490919e-30,160,6.1988698821693795,0.74676254118358631,0.9999999909762074,9.0237926020364512e-09,0.0027430488474076641,build/runs/a1-publication/work/nnn_tfim_expensive/checkpoints/response_j2_0p05_L16_neig160.json,141a809fc3088cccfffd7ba06714d3e73bc25507f7d7fdf7dd6478f6b60d75c1
NNN-TFIM,0.050000000000000003,16,127,2.2826459391145808e-29,3.6823582080347486e-30,160,6.1988698821693795,0.74676254118358631,0.9999999909762074,9.0237926020364512e-09,0.0027430488474076641,build/runs/a1-publication/work/nnn_tfim_expensive/checkpoints/response_j2_0p05_L16_neig160.json,141a809fc3088cccfffd7ba06714d3e73bc25507f7d7fdf7dd6478f6b60d75c1
NNN-TFIM,0.050000000000000003,16,128,1.9919177730150609e-29,3.2133563228108316e-30,160,6.1988698821693795,0.74676254118358631,0.9999999909762074,9.0237926020364512e-09,0.0027430488474076641,build/runs/a1-publication/work/nnn_tfim_expensive/checkpoints/response_j2_0p05_L16_neig160.json,141a809fc3088cccfffd7ba06714d3e73bc25507f7d7fdf7dd6478f6b60d75c1
NNN-TFIM,0.050000000000000003,16,129,5.4745454432474287e-30,8.8315217891483407e-31,160,6.1988698821693795,0.74676254118358631,0.9999999909762074,9.0237926020364512e-09,0.0027430488474076641,build/runs/a1-publication/work/nnn_tfim_expensive/checkpoints/response_j2_0p05_L16_neig160.json,141a809fc3088cccfffd7ba06714d3e73bc25507f7d7fdf7dd6478f6b60d75c1
NNN-TFIM,0.050000000000000003,16,130,2.125211727543286e-30,3.4283857669868352e-31,160,6.1988698821693795,0.74676254118358631,0.9999999909762074,9.0237926020364512e-09,0.0027430488474076641,build/runs/a1-publication/work/nnn_tfim_expensive/checkpoints/response_j2_0p05_L16_neig160.json,141a809fc3088cccfffd7ba06714d3e73bc25507f7d7fdf7dd6478f6b60d75c1
NNN-TFIM,0.050000000000000003,16,131,7.4549363051036039e-31,1.2026282930292202e-31,160,6.1988698821693795,0.74676254118358631,0.9999999909762074,9.0237926020364512e-09,0.0027430488474076641,build/runs/a1-publication/work/nnn_tfim_expensive/checkpoints/response_j2_0p05_L16_neig160.json,141a809fc3088cccfffd7ba06714d3e73bc25507f7d7fdf7dd6478f6b60d75c1
NNN-TFIM,0.050000000000000003,16,132,6.7787161607047853e-31,1.0935406436265574e-31,160,6.1988698821693795,0.74676254118358631,0.9999999909762074,9.0237926020364512e-09,0.0027430488474076641,build/runs/a1-publication/work/nnn_tfim_expensive/checkpoints/response_j2_0p05_L16_neig160.json,141a809fc3088cccfffd7ba06714d3e73bc25507f7d7fdf7dd6478f6b60d75c1
NNN-TFIM,0.050000000000000003,16,133,5.4131851725181418e-31,8.7325355676343438e-32,160,6.1988698821693795,0.74676254118358631,0.9999999909762074,9.0237926020364512e-09,0.0027430488474076641,build/runs/a1-publication/work/nnn_tfim_expensive/checkpoints/response_j2_0p05_L16_neig160.json,141a809fc3088cccfffd7ba06714d3e73bc25507f7d7fdf7dd6478f6b60d75c1
NNN-TFIM,0.050000000000000003,16,134,5.3999577303634582e-31,8.7111970939994448e-32,160,6.1988698821693795,0.74676254118358631,0.9999999909762074,9.0237926020364512e-09,0.0027430488474076641,build/runs/a1-publication/work/nnn_tfim_expensive/checkpoints/response_j2_0p05_L16_neig160.json,141a809fc3088cccfffd7ba06714d3e73bc25507f7d7fdf7dd6478f6b60d75c1
NNN-TFIM,0.050000000000000003,16,135,4.2920903770732662e-31,6.9239884989668313e-32,160,6.1988698821693795,0.74676254118358631,0.9999999909762074,9.0237926020364512e-09,0.0027430488474076641,build/runs/a1-publication/work/nnn_tfim_expensive/checkpoints/response_j2_0p05_L16_neig160.json,141a809fc3088cccfffd7ba06714d3e73bc25507f7d7fdf7dd6478f6b60d75c1
NNN-TFIM,0.050000000000000003,16,136,4.2829995783227918e-31,6.9093232471979185e-32,160,6.1988698821693795,0.74676254118358631,0.9999999909762074,9.0237926020364512e-09,0.0027430488474076641,build/runs/a1-publication/work/nnn_tfim_expensive/checkpoints/response_j2_0p05_L16_neig160.json,141a809fc3088cccfffd7ba06714d3e73bc25507f7d7fdf7dd6478f6b60d75c1
NNN-TFIM,0.050000000000000003,16,137,4.2524781716485873e-31,6.8600861971317495e-32,160,6.1988698821693795,0.74676254118358631,0.9999999909762074,9.0237926020364512e-09,0.0027430488474076641,build/runs/a1-publication/work/nnn_tfim_expensive/checkpoints/response_j2_0p05_L16_neig160.json,141a809fc3088cccfffd7ba06714d3e73bc25507f7d7fdf7dd6478f6b60d75c1
NNN-TFIM,0.050000000000000003,16,138,3.8687944631665185e-31,6.2411286842700766e-32,160,6.1988698821693795,0.74676254118358631,0.9999999909762074,9.0237926020364512e-09,0.0027430488474076641,build/runs/a1-publication/work/nnn_tfim_expensive/checkpoints/response_j2_0p05_L16_neig160.json,141a809fc3088cccfffd7ba06714d3e73bc25507f7d7fdf7dd6478f6b60d75c1
NNN-TFIM,0.050000000000000003,16,139,3.7954146090963972e-31,6.1227525036678785e-32,160,6.1988698821693795,0.74676254118358631,0.9999999909762074,9.0237926020364512e-09,0.0027430488474076641,build/runs/a1-publication/work/nnn_tfim_expensive/checkpoints/response_j2_0p05_L16_neig160.json,141a809fc3088cccfffd7ba06714d3e73bc25507f7d7fdf7dd6478f6b60d75c1
NNN-TFIM,0.050000000000000003,16,140,3.5058097044507269e-31,5.6555626607600622e-32,160,6.1988698821693795,0.74676254118358631,0.9999999909762074,9.0237926020364512e-09,0.0027430488474076641,build/runs/a1-publication/work/nnn_tfim_expensive/checkpoints/response_j2_0p05_L16_neig160.json,141a809fc3088cccfffd7ba06714d3e73bc25507f7d7fdf7dd6478f6b60d75c1
NNN-TFIM,0.050000000000000003,16,141,2.1284153668265376e-31,3.4335538691476281e-32,160,6.1988698821693795,0.74676254118358631,0.9999999909762074,9.0237926020364512e-09,0.0027430488474076641,build/runs/a1-publication/work/nnn_tfim_expensive/checkpoints/response_j2_0p05_L16_neig160.json,141a809fc3088cccfffd7ba06714d3e73bc25507f7d7fdf7dd6478f6b60d75c1
NNN-TFIM,0.050000000000000003,16,142,1.3677191790980992e-31,2.2064008522460664e-32,160,6.1988698821693795,0.74676254118358631,0.9999999909762074,9.0237926020364512e-09,0.0027430488474076641,build/runs/a1-publication/work/nnn_tfim_expensive/checkpoints/response_j2_0p05_L16_neig160.json,141a809fc3088cccfffd7ba06714d3e73bc25507f7d7fdf7dd6478f6b60d75c1
NNN-TFIM,0.050000000000000003,16,143,1.0759445046750749e-31,1.7357107426467441e-32,160,6.1988698821693795,0.74676254118358631,0.9999999909762074,9.0237926020364512e-09,0.0027430488474076641,build/runs/a1-publication/work/nnn_tfim_expensive/checkpoints/response_j2_0p05_L16_neig160.json,141a809fc3088cccfffd7ba06714d3e73bc25507f7d7fdf7dd6478f6b60d75c1
NNN-TFIM,0.050000000000000003,16,144,9.4408543511471875e-32,1.5229960509903832e-32,160,6.1988698821693795,0.74676254118358631,0.9999999909762074,9.0237926020364512e-09,0.0027430488474076641,build/runs/a1-publication/work/nnn_tfim_expensive/checkpoints/response_j2_0p05_L16_neig160.json,141a809fc3088cccfffd7ba06714d3e73bc25507f7d7fdf7dd6478f6b60d75c1
NNN-TFIM,0.050000000000000003,16,145,9.2543484815714769e-32,1.4929089749392822e-32,160,6.1988698821693795,0.74676254118358631,0.9999999909762074,9.0237926020364512e-09,0.0027430488474076641,build/runs/a1-publication/work/nnn_tfim_expensive/checkpoints/response_j2_0p05_L16_neig160.json,141a809fc3088cccfffd7ba06714d3e73bc25507f7d7fdf7dd6478f6b60d75c1
NNN-TFIM,0.050000000000000003,16,146,4.4370383474839501e-32,7.1578181698034739e-33,160,6.1988698821693795,0.74676254118358631,0.9999999909762074,9.0237926020364512e-09,0.0027430488474076641,build/runs/a1-publication/work/nnn_tfim_expensive/checkpoints/response_j2_0p05_L16_neig160.json,141a809fc3088cccfffd7ba06714d3e73bc25507f7d7fdf7dd6478f6b60d75c1
NNN-TFIM,0.050000000000000003,16,147,3.8461075711444731e-32,6.2045302518891964e-33,160,6.1988698821693795,0.74676254118358631,0.9999999909762074,9.0237926020364512e-09,0.0027430488474076641,build/runs/a1-publication/work/nnn_tfim_expensive/checkpoints/response_j2_0p05_L16_neig160.json,141a809fc3088cccfffd7ba06714d3e73bc25507f7d7fdf7dd6478f6b60d75c1
NNN-TFIM,0.050000000000000003,16,148,3.1714907458082447e-32,5.1162402278047781e-33,160,6.1988698821693795,0.74676254118358631,0.9999999909762074,9.0237926020364512e-09,0.0027430488474076641,build/runs/a1-publication/work/nnn_tfim_expensive/checkpoints/response_j2_0p05_L16_neig160.json,141a809fc3088cccfffd7ba06714d3e73bc25507f7d7fdf7dd6478f6b60d75c1
NNN-TFIM,0.050000000000000003,16,149,2.8039335960808779e-32,4.5232980355761281e-33,160,6.1988698821693795,0.74676254118358631,0.9999999909762074,9.0237926020364512e-09,0.0027430488474076641,build/runs/a1-publication/work/nnn_tfim_expensive/checkpoints/response_j2_0p05_L16_neig160.json,141a809fc3088cccfffd7ba06714d3e73bc25507f7d7fdf7dd6478f6b60d75c1
NNN-TFIM,0.050000000000000003,16,150,2.1686975939457508e-32,3.4985370481543086e-33,160,6.1988698821693795,0.74676254118358631,0.9999999909762074,9.0237926020364512e-09,0.0027430488474076641,build/runs/a1-publication/work/nnn_tfim_expensive/checkpoints/response_j2_0p05_L16_neig160.json,141a809fc3088cccfffd7ba06714d3e73bc25507f7d7fdf7dd6478f6b60d75c1
NNN-TFIM,0.050000000000000003,16,151,1.3424605171566271e-32,2.1656536476400672e-33,160,6.1988698821693795,0.74676254118358631,0.9999999909762074,9.0237926020364512e-09,0.0027430488474076641,build/runs/a1-publication/work/nnn_tfim_expensive/checkpoints/response_j2_0p05_L16_neig160.json,141a809fc3088cccfffd7ba06714d3e73bc25507f7d7fdf7dd6478f6b60d75c1
NNN-TFIM,0.050000000000000003,16,152,7.8068208308314719e-33,1.2593942088197805e-33,160,6.1988698821693795,0.74676254118358631,0.9999999909762074,9.0237926020364512e-09,0.0027430488474076641,build/runs/a1-publication/work/nnn_tfim_expensive/checkpoints/response_j2_0p05_L16_neig160.json,141a809fc3088cccfffd7ba06714d3e73bc25507f7d7fdf7dd6478f6b60d75c1
NNN-TFIM,0.050000000000000003,16,153,7.7362860762088961e-33,1.2480155614270574e-33,160,6.1988698821693795,0.74676254118358631,0.9999999909762074,9.0237926020364512e-09,0.0027430488474076641,build/runs/a1-publication/work/nnn_tfim_expensive/checkpoints/response_j2_0p05_L16_neig160.json,141a809fc3088cccfffd7ba06714d3e73bc25507f7d7fdf7dd6478f6b60d75c1
NNN-TFIM,0.050000000000000003,16,154,6.9534928446015739e-33,1.1217355706405154e-33,160,6.1988698821693795,0.74676254118358631,0.9999999909762074,9.0237926020364512e-09,0.0027430488474076641,build/runs/a1-publication/work/nnn_tfim_expensive/checkpoints/response_j2_0p05_L16_neig160.json,141a809fc3088cccfffd7ba06714d3e73bc25507f7d7fdf7dd6478f6b60d75c1
NNN-TFIM,0.050000000000000003,16,155,2.0675249793518623e-33,3.3353256620193866e-34,160,6.1988698821693795,0.74676254118358631,0.9999999909762074,9.0237926020364512e-09,0.0027430488474076641,build/runs/a1-publication/work/nnn_tfim_expensive/checkpoints/response_j2_0p05_L16_neig160.json,141a809fc3088cccfffd7ba06714d3e73bc25507f7d7fdf7dd6478f6b60d75c1
NNN-TFIM,0.050000000000000003,16,156,1.9803027561208134e-33,3.1946190092116909e-34,160,6.1988698821693795,0.74676254118358631,0.9999999909762074,9.0237926020364512e-09,0.0027430488474076641,build/runs/a1-publication/work/nnn_tfim_expensive/checkpoints/response_j2_0p05_L16_neig160.json,141a809fc3088cccfffd7ba06714d3e73bc25507f7d7fdf7dd6478f6b60d75c1
NNN-TFIM,0.050000000000000003,16,157,1.6155336017185277e-33,2.6061744034432768e-34,160,6.1988698821693795,0.74676254118358631,0.9999999909762074,9.0237926020364512e-09,0.0027430488474076641,build/runs/a1-publication/work/nnn_tfim_expensive/checkpoints/response_j2_0p05_L16_neig160.json,141a809fc3088cccfffd7ba06714d3e73bc25507f7d7fdf7dd6478f6b60d75c1
NNN-TFIM,0.050000000000000003,16,158,1.5590465801310029e-33,2.5150496941635966e-34,160,6.1988698821693795,0.74676254118358631,0.9999999909762074,9.0237926020364512e-09,0.0027430488474076641,build/runs/a1-publication/work/nnn_tfim_expensive/checkpoints/response_j2_0p05_L16_neig160.json,141a809fc3088cccfffd7ba06714d3e73bc25507f7d7fdf7dd6478f6b60d75c1
NNN-TFIM,0.050000000000000003,16,159,1.0363653580893374e-34,1.6718617712405461e-35,160,6.1988698821693795,0.74676254118358631,0.9999999909762074,9.0237926020364512e-09,0.0027430488474076641,build/runs/a1-publication/work/nnn_tfim_expensive/checkpoints/response_j2_0p05_L16_neig160.json,141a809fc3088cccfffd7ba06714d3e73bc25507f7d7fdf7dd6478f6b60d75c1
NNN-TFIM,0.050000000000000003,18,1,6.7367538557278275,0.85306210482414202,160,7.8971434994367771,0.73754387063878335,0.99999975635377736,2.4364622264183566e-07,0.0028430850337815032,build/runs/a1-publication/work/nnn_tfim_expensive/checkpoints/response_j2_0p05_L18_neig160.json,641b26ca5b56bbab3a7ebe813b8fca64a3188177fa754349809dfabbc2666e08
NNN-TFIM,0.050000000000000003,18,2,0.73517644233172619,0.093093970292442943,160,7.8971434994367771,0.73754387063878335,0.99999975635377736,2.4364622264183566e-07,0.0028430850337815032,build/runs/a1-publication/work/nnn_tfim_expensive/checkpoints/response_j2_0p05_L18_neig160.json,641b26ca5b56bbab3a7ebe813b8fca64a3188177fa754349809dfabbc2666e08
NNN-TFIM,0.050000000000000003,18,3,0.24304205387832412,0.030775944985127576,160,7.8971434994367771,0.73754387063878335,0.99999975635377736,2.4364622264183566e-07,0.0028430850337815032,build/runs/a1-publication/work/nnn_tfim_expensive/checkpoints/response_j2_0p05_L18_neig160.json,641b26ca5b56bbab3a7ebe813b8fca64a3188177fa754349809dfabbc2666e08
NNN-TFIM,0.050000000000000003,18,4,0.10363260118672595,0.013122795754454381,160,7.8971434994367771,0.73754387063878335,0.99999975635377736,2.4364622264183566e-07,0.0028430850337815032,build/runs/a1-publication/work/nnn_tfim_expensive/checkpoints/response_j2_0p05_L18_neig160.json,641b26ca5b56bbab3a7ebe813b8fca64a3188177fa754349809dfabbc2666e08
NNN-TFIM,0.050000000000000003,18,5,0.04683614691459663,0.0059307706537100376,160,7.8971434994367771,0.73754387063878335,0.99999975635377736,2.4364622264183566e-07,0.0028430850337815032,build/runs/a1-publication/work/nnn_tfim_expensive/checkpoints/response_j2_0p05_L18_neig160.json,641b26ca5b56bbab3a7ebe813b8fca64a3188177fa754349809dfabbc2666e08
NNN-TFIM,0.050000000000000003,18,6,0.020530256866410954,0.0025997067000080687,160,7.8971434994367771,0.73754387063878335,0.99999975635377736,2.4364622264183566e-07,0.0028430850337815032,build/runs/a1-publication/work/nnn_tfim_expensive/checkpoints/response_j2_0p05_L18_neig160.json,641b26ca5b56bbab3a7ebe813b8fca64a3188177fa754349809dfabbc2666e08
NNN-TFIM,0.050000000000000003,18,7,0.008043017918438141,0.0010184717954044736,160,7.8971434994367771,0.73754387063878335,0.99999975635377736,2.4364622264183566e-07,0.0028430850337815032,build/runs/a1-publication/work/nnn_tfim_expensive/checkpoints/response_j2_0p05_L18_neig160.json,641b26ca5b56bbab3a7ebe813b8fca64a3188177fa754349809dfabbc2666e08
NNN-TFIM,0.050000000000000003,18,8,0.0023827371798125032,0.00030172139837429061,160,7.8971434994367771,0.73754387063878335,0.99999975635377736,2.4364622264183566e-07,0.0028430850337815032,build/runs/a1-publication/work/nnn_tfim_expensive/checkpoints/response_j2_0p05_L18_neig160.json,641b26ca5b56bbab3a7ebe813b8fca64a3188177fa754349809dfabbc2666e08
NNN-TFIM,0.050000000000000003,18,9,0.00022981436780949833,2.9100948694409397e-05,160,7.8971434994367771,0.73754387063878335,0.99999975635377736,2.4364622264183566e-07,0.0028430850337815032,build/runs/a1-publication/work/nnn_tfim_expensive/checkpoints/response_j2_0p05_L18_neig160.json,641b26ca5b56bbab3a7ebe813b8fca64a3188177fa754349809dfabbc2666e08
NNN-TFIM,0.050000000000000003,18,10,0.00010828322034537985,1.3711694659354054e-05,160,7.8971434994367771,0.73754387063878335,0.99999975635377736,2.4364622264183566e-07,0.0028430850337815032,build/runs/a1-publication/work/nnn_tfim_expensive/checkpoints/response_j2_0p05_L18_neig160.json,641b26ca5b56bbab3a7ebe813b8fca64a3188177fa754349809dfabbc2666e08
NNN-TFIM,0.050000000000000003,18,11,5.6377713390693387e-05,7.1390007532108589e-06,160,7.8971434994367771,0.73754387063878335,0.99999975635377736,2.4364622264183566e-07,0.0028430850337815032,build/runs/a1-publication/work/nnn_tfim_expensive/checkpoints/response_j2_0p05_L18_neig160.json,641b26ca5b56bbab3a7ebe813b8fca64a3188177fa754349809dfabbc2666e08
NNN-TFIM,0.050000000000000003,18,12,5.2525768340509945e-05,6.651236405195888e-06,160,7.8971434994367771,0.73754387063878335,0.99999975635377736,2.4364622264183566e-07,0.0028430850337815032,build/runs/a1-publication/work/nnn_tfim_expensive/checkpoints/response_j2_0p05_L18_neig160.json,641b26ca5b56bbab3a7ebe813b8fca64a3188177fa754349809dfabbc2666e08
NNN-TFIM,0.050000000000000003,18,13,4.6776304701554841e-05,5.9231929500699738e-06,160,7.8971434994367771,0.73754387063878335,0.99999975635377736,2.4364622264183566e-07,0.0028430850337815032,build/runs/a1-publication/work/nnn_tfim_expensive/checkpoints/response_j2_0p05_L18_neig160.json,641b26ca5b56bbab3a7ebe813b8fca64a3188177fa754349809dfabbc2666e08
NNN-TFIM,0.050000000000000003,18,14,3.8907038686014758e-05,4.9267230219116067e-06,160,7.8971434994367771,0.73754387063878335,0.99999975635377736,2.4364622264183566e-07,0.0028430850337815032,build/runs/a1-publication/work/nnn_tfim_expensive/checkpoints/response_j2_0p05_L18_neig160.json,641b26ca5b56bbab3a7ebe813b8fca64a3188177fa754349809dfabbc2666e08
NNN-TFIM,0.050000000000000003,18,15,3.0985128217361725e-05,3.9235868285249699e-06,160,7.8971434994367771,0.73754387063878335,0.99999975635377736,2.4364622264183566e-07,0.0028430850337815032,build/runs/a1-publication/work/nnn_tfim_expensive/checkpoints/response_j2_0p05_L18_neig160.json,641b26ca5b56bbab3a7ebe813b8fca64a3188177fa754349809dfabbc2666e08
NNN-TFIM,0.050000000000000003,18,16,3.0153949569882456e-05,3.8183362847633489e-06,160,7.8971434994367771,0.73754387063878335,0.99999975635377736,2.4364622264183566e-07,0.0028430850337815032,build/runs/a1-publication/work/nnn_tfim_expensive/checkpoints/response_j2_0p05_L18_neig160.json,641b26ca5b56bbab3a7ebe813b8fca64a3188177fa754349809dfabbc2666e08
NNN-TFIM,0.050000000000000003,18,17,2.6386592892829377e-05,3.3412831987555076e-06,160,7.8971434994367771,0.73754387063878335,0.99999975635377736,2.4364622264183566e-07,0.0028430850337815032,build/runs/a1-publication/work/nnn_tfim_expensive/checkpoints/response_j2_0p05_L18_neig160.json,641b26ca5b56bbab3a7ebe813b8fca64a3188177fa754349809dfabbc2666e08
NNN-TFIM,0.050000000000000003,18,18,2.3338187583921272e-05,2.9552695332921008e-06,160,7.8971434994367771,0.73754387063878335,0.99999975635377736,2.4364622264183566e-07,0.0028430850337815032,build/runs/a1-publication/work/nnn_tfim_expensive/checkpoints/response_j2_0p05_L18_neig160.json,641b26ca5b56bbab3a7ebe813b8fca64a3188177fa754349809dfabbc2666e08
NNN-TFIM,0.050000000000000003,18,19,1.9559156277112901e-05,2.4767381115092889e-06,160,7.8971434994367771,0.73754387063878335,0.99999975635377736,2.4364622264183566e-07,0.0028430850337815032,build/runs/a1-publication/work/nnn_tfim_expensive/checkpoints/response_j2_0p05_L18_neig160.json,641b26ca5b56bbab3a7ebe813b8fca64a3188177fa754349809dfabbc2666e08
NNN-TFIM,0.050000000000000003,18,20,1.3570677297191144e-05,1.7184286062623786e-06,160,7.8971434994367771,0.73754387063878335,0.99999975635377736,2.4364622264183566e-07,0.0028430850337815032,build/runs/a1-publication/work/nnn_tfim_expensive/checkpoints/response_j2_0p05_L18_neig160.json,641b26ca5b56bbab3a7ebe813b8fca64a3188177fa754349809dfabbc2666e08
NNN-TFIM,0.050000000000000003,18,21,8.1479827486118977e-06,1.0317632887376315e-06,160,7.8971434994367771,0.73754387063878335,0.99999975635377736,2.4364622264183566e-07,0.0028430850337815032,build/runs/a1-publication/work/nnn_tfim_expensive/checkpoints/response_j2_0p05_L18_neig160.json,641b26ca5b56bbab3a7ebe813b8fca64a3188177fa754349809dfabbc2666e08
NNN-TFIM,0.050000000000000003,18,22,7.8054115059754427e-06,9.8838415517359194e-07,160,7.8971434994367771,0.73754387063878335,0.99999975635377736,2.4364622264183566e-07,0.0028430850337815032,build/runs/a1-publication/work/nnn_tfim_expensive/checkpoints/response_j2_0p05_L18_neig160.json,641b26ca5b56bbab3a7ebe813b8fca64a3188177fa754349809dfabbc2666e08
NNN-TFIM,0.050000000000000003,18,23,4.8605126243681421e-06,6.1547730830961768e-07,160,7.8971434994367771,0.73754387063878335,0.99999975635377736,2.4364622264183566e-07,0.0028430850337815032,build/runs/a1-publication/work/nnn_tfim_expensive/checkpoints/response_j2_0p05_L18_neig160.json,641b26ca5b56bbab3a7ebe813b8fca64a3188177fa754349809dfabbc2666e08
NNN-TFIM,0.050000000000000003,18,24,4.7412378202859117e-06,6.0037377067088317e-07,160,7.8971434994367771,0.73754387063878335,0.99999975635377736,2.4364622264183566e-07,0.0028430850337815032,build/runs/a1-publication/work/nnn_tfim_expensive/checkpoints/response_j2_0p05_L18_neig160.json,641b26ca5b56bbab3a7ebe813b8fca64a3188177fa754349809dfabbc2666e08
NNN-TFIM,0.050000000000000003,18,25,4.5116963065300955e-06,5.7130737295730647e-07,160,7.8971434994367771,0.73754387063878335,0.99999975635377736,2.4364622264183566e-07,0.0028430850337815032,build/runs/a1-publication/work/nnn_tfim_expensive/checkpoints/response_j2_0p05_L18_neig160.json,641b26ca5b56bbab3a7ebe813b8fca64a3188177fa754349809dfabbc2666e08
NNN-TFIM,0.050000000000000003,18,26,4.3278891680508442e-06,5.4803223068689439e-07,160,7.8971434994367771,0.73754387063878335,0.99999975635377736,2.4364622264183566e-07,0.0028430850337815032,build/runs/a1-publication/work/nnn_tfim_expensive/checkpoints/response_j2_0p05_L18_neig160.json,641b26ca5b56bbab3a7ebe813b8fca64a3188177fa754349809dfabbc2666e08
NNN-TFIM,0.050000000000000003,18,27,3.2122678111772424e-06,4.0676325704431494e-07,160,7.8971434994367771,0.73754387063878335,0.99999975635377736,2.4364622264183566e-07,0.0028430850337815032,build/runs/a1-publication/work/nnn_tfim_expensive/checkpoints/response_j2_0p05_L18_neig160.json,641b26ca5b56bbab3a7ebe813b8fca64a3188177fa754349809dfabbc2666e08
NNN-TFIM,0.050000000000000003,18,28,3.0758640302945182e-06,3.8949071021868708e-07,160,7.8971434994367771,0.73754387063878335,0.99999975635377736,2.4364622264183566e-07,0.0028430850337815032,build/runs/a1-publication/work/nnn_tfim_expensive/checkpoints/response_j2_0p05_L18_neig160.json,641b26ca5b56bbab3a7ebe813b8fca64a3188177fa754349809dfabbc2666e08
NNN-TFIM,0.050000000000000003,18,29,2.8135555510440206e-06,3.56275095070095e-07,160,7.8971434994367771,0.73754387063878335,0.99999975635377736,2.4364622264183566e-07,0.0028430850337815032,build/runs/a1-publication/work/nnn_tfim_expensive/checkpoints/response_j2_0p05_L18_neig160.json,641b26ca5b56bbab3a7ebe813b8fca64a3188177fa754349809dfabbc2666e08
NNN-TFIM,0.050000000000000003,18,30,2.3508129481120535e-06,2.9767889468891039e-07,160,7.8971434994367771,0.73754387063878335,0.99999975635377736,2.4364622264183566e-07,0.0028430850337815032,build/runs/a1-publication/work/nnn_tfim_expensive/checkpoints/response_j2_0p05_L18_neig160.json,641b26ca5b56bbab3a7ebe813b8fca64a3188177fa754349809dfabbc2666e08
NNN-TFIM,0.050000000000000003,18,31,2.2846790266559917e-06,2.8930448418709051e-07,160,7.8971434994367771,0.73754387063878335,0.99999975635377736,2.4364622264183566e-07,0.0028430850337815032,build/runs/a1-publication/work/nnn_tfim_expensive/checkpoints/response_j2_0p05_L18_neig160.json,641b26ca5b56bbab3a7ebe813b8fca64a3188177fa754349809dfabbc2666e08
NNN-TFIM,0.050000000000000003,18,32,2.0694962019365829e-06,2.6205629948147441e-07,160,7.8971434994367771,0.73754387063878335,0.99999975635377736,2.4364622264183566e-07,0.0028430850337815032,build/runs/a1-publication/work/nnn_tfim_expensive/checkpoints/response_j2_0p05_L18_neig160.json,641b26ca5b56bbab3a7ebe813b8fca64a3188177fa754349809dfabbc2666e08
NNN-TFIM,0.050000000000000003,18,33,1.8687414615185935e-06,2.3663511517194437e-07,160,7.8971434994367771,0.73754387063878335,0.99999975635377736,2.4364622264183566e-07,0.0028430850337815032,build/runs/a1-publication/work/nnn_tfim_expensive/checkpoints/response_j2_0p05_L18_neig160.json,641b26ca5b56bbab3a7ebe813b8fca64a3188177fa754349809dfabbc2666e08
NNN-TFIM,0.050000000000000003,18,34,1.80705181525656e-06,2.2882347463806863e-07,160,7.8971434994367771,0.73754387063878335,0.99999975635377736,2.4364622264183566e-07,0.0028430850337815032,build/runs/a1-publication/work/nnn_tfim_expensive/checkpoints/response_j2_0p05_L18_neig160.json,641b26ca5b56bbab3a7ebe813b8fca64a3188177fa754349809dfabbc2666e08
NNN-TFIM,0.050000000000000003,18,35,1.4813183938281081e-06,1.8757648179164473e-07,160,7.8971434994367771,0.73754387063878335,0.99999975635377736,2.4364622264183566e-07,0.0028430850337815032,build/runs/a1-publication/work/nnn_tfim_expensive/checkpoints/response_j2_0p05_L18_neig160.json,641b26ca5b56bbab3a7ebe813b8fca64a3188177fa754349809dfabbc2666e08
NNN-TFIM,0.050000000000000003,18,36,1.376259854758023e-06,1.7427312228227556e-07,160,7.8971434994367771,0.73754387063878335,0.99999975635377736,2.4364622264183566e-07,0.0028430850337815032,build/runs/a1-publication/work/nnn_tfim_expensive/checkpoints/response_j2_0p05_L18_neig160.json,641b26ca5b56bbab3a7ebe813b8fca64a3188177fa754349809dfabbc2666e08
NNN-TFIM,0.050000000000000003,18,37,1.0495660363820653e-06,1.3290451622880099e-07,160,7.8971434994367771,0.73754387063878335,0.99999975635377736,2.4364622264183566e-07,0.0028430850337815032,build/runs/a1-publication/work/nnn_tfim_expensive/checkpoints/response_j2_0p05_L18_neig160.json,641b26ca5b56bbab3a7ebe813b8fca64a3188177fa754349809dfabbc2666e08
NNN-TFIM,0.050000000000000003,18,38,9.3547073836640234e-07,1.1845684942069496e-07,160,7.8971434994367771,0.73754387063878335,0.99999975635377736,2.4364622264183566e-07,0.0028430850337815032,build/runs/a1-publication/work/nnn_tfim_expensive/checkpoints/response_j2_0p05_L18_neig160.json,641b26ca5b56bbab3a7ebe813b8fca64a3188177fa754349809dfabbc2666e08
NNN-TFIM,0.050000000000000003,18,39,7.9319018082317376e-07,1.0044013773837893e-07,160,7.8971434994367771,0.73754387063878335,0.99999975635377736,2.4364622264183566e-07,0.0028430850337815032,build/runs/a1-publication/work/nnn_tfim_expensive/checkpoints/response_j2_0p05_L18_neig160.json,641b26ca5b56bbab3a7ebe813b8fca64a3188177fa754349809dfabbc2666e08
NNN-TFIM,0.050000000000000003,18,40,7.2273240902785427e-07,9.1518206434946937e-08,160,7.8971434994367771,0.73754387063878335,0.99999975635377736,2.4364622264183566e-07,0.0028430850337815032,build/runs/a1-publication/work/nnn_tfim_expensive/checkpoints/response_j2_0p05_L18_neig160.json,641b26ca5b56bbab3a7ebe813b8fca64a3188177fa754349809dfabbc2666e08
NNN-TFIM,0.050000000000000003,18,41,6.1080702074279495e-07,7.7345311097152732e-08,160,7.8971434994367771,0.73754387063878335,0.99999975635377736,2.4364622264183566e-07,0.0028430850337815032,build/runs/a1-publication/work/nnn_tfim_expensive/checkpoints/response_j2_0p05_L18_neig160.json,641b26ca5b56bbab3a7ebe813b8fca64a3188177fa754349809dfabbc2666e08
NNN-TFIM,0.050000000000000003,18,42,6.0627695382706908e-07,7.6771677489500936e-08,160,7.8971434994367771,0.73754387063878335,0.99999975635377736,2.4364622264183566e-07,0.0028430850337815032,build/runs/a1-publication/work/nnn_tfim_expensive/checkpoints/response_j2_0p05_L18_neig160.json,641b26ca5b56bbab3a7ebe813b8fca64a3188177fa754349809dfabbc2666e08
NNN-TFIM,0.050000000000000003,18,43,6.0103048735142698e-07,7.6107327591842847e-08,160,7.8971434994367771,0.73754387063878335,0.99999975635377736,2.4364622264183566e-07,0.0028430850337815032,build/runs/a1-publication/work/nnn_tfim_expensive/checkpoints/response_j2_0p05_L18_neig160.json,641b26ca5b56bbab3a7ebe813b8fca64a3188177fa754349809dfabbc2666e08
NNN-TFIM,0.050000000000000003,18,44,5.6370991830632595e-07,7.1381496150668866e-08,160,7.8971434994367771,0.73754387063878335,0.99999975635377736,2.4364622264183566e-07,0.0028430850337815032,build/runs/a1-publication/work/nnn_tfim_expensive/checkpoints/response_j2_0p05_L18_neig160.json,641b26ca5b56bbab3a7ebe813b8fca64a3188177fa754349809dfabbc2666e08
NNN-TFIM,0.050000000000000003,18,45,5.6336756641159147e-07,7.13381447927052e-08,160,7.8971434994367771,0.73754387063878335,0.99999975635377736,2.4364622264183566e-07,0.0028430850337815032,build/runs/a1-publication/work/nnn_tfim_expensive/checkpoints/response_j2_0p05_L18_neig160.json,641b26ca5b56bbab3a7ebe813b8fca64a3188177fa754349809dfabbc2666e08
NNN-TFIM,0.050000000000000003,18,46,5.610921122686169e-07,7.1050008437688122e-08,160,7.8971434994367771,0.73754387063878335,0.99999975635377736,2.4364622264183566e-07,0.0028430850337815032,build/runs/a1-publication/work/nnn_tfim_expensive/checkpoints/response_j2_0p05_L18_neig160.json,641b26ca5b56bbab3a7ebe813b8fca64a3188177fa754349809dfabbc2666e08
NNN-TFIM,0.050000000000000003,18,47,5.5970900653723887e-07,7.0874868435296533e-08,160,7.8971434994367771,0.73754387063878335,0.99999975635377736,2.4364622264183566e-07,0.0028430850337815032,build/runs/a1-publication/work/nnn_tfim_expensive/checkpoints/response_j2_0p05_L18_neig160.json,641b26ca5b56bbab3a7ebe813b8fca64a3188177fa754349809dfabbc2666e08
NNN-TFIM,0.050000000000000003,18,48,3.7672516791667468e-07,4.7703979032867093e-08,160,7.8971434994367771,0.73754387063878335,0.99999975635377736,2.4364622264183566e-07,0.0028430850337815032,build/runs/a1-publication/work/nnn_tfim_expensive/checkpoints/response_j2_0p05_L18_neig160.json,641b26ca5b56bbab3a7ebe813b8fca64a3188177fa754349809dfabbc2666e08
NNN-TFIM,0.050000000000000003,18,49,3.5715563888599086e-07,4.5225927439644872e-08,160,7.8971434994367771,0.73754387063878335,0.99999975635377736,2.4364622264183566e-07,0.0028430850337815032,build/runs/a1-publication/work/nnn_tfim_expensive/checkpoints/response_j2_0p05_L18_neig160.json,641b26ca5b56bbab3a7ebe813b8fca64a3188177fa754349809dfabbc2666e08
NNN-TFIM,0.050000000000000003,18,50,3.1573685680585531e-07,3.9981147212074038e-08,160,7.8971434994367771,0.73754387063878335,0.99999975635377736,2.4364622264183566e-07,0.0028430850337815032,build/runs/a1-publication/work/nnn_tfim_expensive/checkpoints/response_j2_0p05_L18_neig160.json,641b26ca5b56bbab3a7ebe813b8fca64a3188177fa754349809dfabbc2666e08
NNN-TFIM,0.050000000000000003,18,51,2.8407186119715264e-07,3.5971470091358045e-08,160,7.8971434994367771,0.73754387063878335,0.99999975635377736,2.4364622264183566e-07,0.0028430850337815032,build/runs/a1-publication/work/nnn_tfim_expensive/checkpoints/response_j2_0p05_L18_neig160.json,641b26ca5b56bbab3a7ebe813b8fca64a3188177fa754349809dfabbc2666e08
NNN-TFIM,0.050000000000000003,18,52,2.7970285896738017e-07,3.5418231793220994e-08,160,7.8971434994367771,0.73754387063878335,0.99999975635377736,2.4364622264183566e-07,0.0028430850337815032,build/runs/a1-publication/work/nnn_tfim_expensive/checkpoints/response_j2_0p05_L18_neig160.json,641b26ca5b56bbab3a7ebe813b8fca64a3188177fa754349809dfabbc2666e08
NNN-TFIM,0.050000000000000003,18,53,2.6071692640392861e-07,3.3014079891358554e-08,160,7.8971434994367771,0.73754387063878335,0.99999975635377736,2.4364622264183566e-07,0.0028430850337815032,build/runs/a1-publication/work/nnn_tfim_expensive/checkpoints/response_j2_0p05_L18_neig160.json,641b26ca5b56bbab3a7ebe813b8fca64a3188177fa754349809dfabbc2666e08
NNN-TFIM,0.050000000000000003,18,54,2.3023020308040083e-07,2.9153605110103521e-08,160,7.8971434994367771,0.73754387063878335,0.99999975635377736,2.4364622264183566e-07,0.0028430850337815032,build/runs/a1-publication/work/nnn_tfim_expensive/checkpoints/response_j2_0p05_L18_neig160.json,641b26ca5b56bbab3a7ebe813b8fca64a3188177fa754349809dfabbc2666e08
NNN-TFIM,0.050000000000000003,18,55,2.0363039566290385e-07,2.5785322968669207e-08,160,7.8971434994367771,0.73754387063878335,0.99999975635377736,2.4364622264183566e-07,0.0028430850337815032,build/runs/a1-publication/work/nnn_tfim_expensive/checkpoints/response_j2_0p05_L18_neig160.json,641b26ca5b56bbab3a7ebe813b8fca64a3188177fa754349809dfabbc2666e08
NNN-TFIM,0.050000000000000003,18,56,1.8822614376292159e-07,2.3834712358506065e-08,160,7.8971434994367771,0.73754387063878335,0.99999975635377736,2.4364622264183566e-07,0.0028430850337815032,build/runs/a1-publication/work/nnn_tfim_expensive/checkpoints/response_j2_0p05_L18_neig160.json,641b26ca5b56bbab3a7ebe813b8fca64a3188177fa754349809dfabbc2666e08
NNN-TFIM,0.050000000000000003,18,57,1.5268005597092589e-07,1.933358004471047e-08,160,7.8971434994367771,0.73754387063878335,0.99999975635377736,2.4364622264183566e-07,0.0028430850337815032,build/runs/a1-publication/work/nnn_tfim_expensive/checkpoints/response_j2_0p05_L18_neig160.json,641b26ca5b56bbab3a7ebe813b8fca64a3188177fa754349809dfabbc2666e08
NNN-TFIM,0.050000000000000003,18,58,1.0861131762415697e-07,1.3753240982882369e-08,160,7.8971434994367771,0.73754387063878335,0.99999975635377736,2.4364622264183566e-07,0.0028430850337815032,build/runs/a1-publication/work/nnn_tfim_expensive/checkpoints/response_j2_0p05_L18_neig160.json,641b26ca5b56bbab3a7ebe813b8fca64a3188177fa754349809dfabbc2666e08
NNN-TFIM,0.050000000000000003,18,59,9.2040973403941203e-08,1.1654970358650003e-08,160,7.8971434994367771,0.73754387063878335,0.99999975635377736,2.4364622264183566e-07,0.0028430850337815032,build/runs/a1-publication/work/nnn_tfim_expensive/checkpoints/response_j2_0p05_L18_neig160.json,641b26ca5b56bbab3a7ebe813b8fca64a3188177fa754349809dfabbc2666e08
NNN-TFIM,0.050000000000000003,18,60,8.9917439588554161e-08,1.138607138074255e-08,160,7.8971434994367771,0.73754387063878335,0.99999975635377736,2.4364622264183566e-07,0.0028430850337815032,build/runs/a1-publication/work/nnn_tfim_expensive/checkpoints/response_j2_0p05_L18_neig160.json,641b26ca5b56bbab3a7ebe813b8fca64a3188177fa754349809dfabbc2666e08
NNN-TFIM,0.050000000000000003,18,61,8.1994084571054843e-08,1.0382752266930776e-08,160,7.8971434994367771,0.73754387063878335,0.99999975635377736,2.4364622264183566e-07,0.0028430850337815032,build/runs/a1-publication/work/nnn_tfim_expensive/checkpoints/response_j2_0p05_L18_neig160.json,641b26ca5b56bbab3a7ebe813b8fca64a3188177fa754349809dfabbc2666e08
NNN-TFIM,0.050000000000000003,18,62,7.6767959838573404e-08,9.7209782048469156e-09,160,7.8971434994367771,0.73754387063878335,0.99999975635377736,2.4364622264183566e-07,0.0028430850337815032,build/runs/a1-publication/work/nnn_tfim_expensive/checkpoints/response_j2_0p05_L18_neig160.json,641b26ca5b56bbab3a7ebe813b8fca64a3188177fa754349809dfabbc2666e08
NNN-TFIM,0.050000000000000003,18,63,7.1368790501140798e-08,9.0372918392873076e-09,160,7.8971434994367771,0.73754387063878335,0.99999975635377736,2.4364622264183566e-07,0.0028430850337815032,build/runs/a1-publication/work/nnn_tfim_expensive/checkpoints/response_j2_0p05_L18_neig160.json,641b26ca5b56bbab3a7ebe813b8fca64a3188177fa754349809dfabbc2666e08
NNN-TFIM,0.050000000000000003,18,64,6.7432748695968782e-08,8.5388784819191989e-09,160,7.8971434994367771,0.73754387063878335,0.99999975635377736,2.4364622264183566e-07,0.0028430850337815032,build/runs/a1-publication/work/nnn_tfim_expensive/checkpoints/response_j2_0p05_L18_neig160.json,641b26ca5b56bbab3a7ebe813b8fca64a3188177fa754349809dfabbc2666e08
NNN-TFIM,0.050000000000000003,18,65,5.3937048029452173e-08,6.8299440213159292e-09,160,7.8971434994367771,0.73754387063878335,0.99999975635377736,2.4364622264183566e-07,0.0028430850337815032,build/runs/a1-publication/work/nnn_tfim_expensive/checkpoints/response_j2_0p05_L18_neig160.json,641b26ca5b56bbab3a7ebe813b8fca64a3188177fa754349809dfabbc2666e08
NNN-TFIM,0.050000000000000003,18,66,4.4324324058254675e-08,5.6127033859035082e-09,160,7.8971434994367771,0.73754387063878335,0.99999975635377736,2.4364622264183566e-07,0.0028430850337815032,build/runs/a1-publication/work/nnn_tfim_expensive/checkpoints/response_j2_0p05_L18_neig160.json,641b26ca5b56bbab3a7ebe813b8fca64a3188177fa754349809dfabbc2666e08
NNN-TFIM,0.050000000000000003,18,67,3.0931513466411501e-08,3.9167976963591369e-09,160,7.8971434994367771,0.73754387063878335,0.99999975635377736,2.4364622264183566e-07,0.0028430850337815032,build/runs/a1-publication/work/nnn_tfim_expensive/checkpoints/response_j2_0p05_L18_neig160.json,641b26ca5b56bbab3a7ebe813b8fca64a3188177fa754349809dfabbc2666e08
NNN-TFIM,0.050000000000000003,18,68,2.8939848439071404e-08,3.6645970079099347e-09,160,7.8971434994367771,0.73754387063878335,0.99999975635377736,2.4364622264183566e-07,0.0028430850337815032,build/runs/a1-publication/work/nnn_tfim_expensive/checkpoints/response_j2_0p05_L18_neig160.json,641b26ca5b56bbab3a7ebe813b8fca64a3188177fa754349809dfabbc2666e08
NNN-TFIM,0.050000000000000003,18,69,1.5926931968958789e-08,2.0167965758878126e-09,160,7.8971434994367771,0.73754387063878335,0.99999975635377736,2.4364622264183566e-07,0.0028430850337815032,build/runs/a1-publication/work/nnn_tfim_expensive/checkpoints/response_j2_0p05_L18_neig160.json,641b26ca5b56bbab3a7ebe813b8fca64a3188177fa754349809dfabbc2666e08
NNN-TFIM,0.050000000000000003,18,70,1.4233542949033025e-08,1.8023660010797776e-09,160,7.8971434994367771,0.73754387063878335,0.99999975635377736,2.4364622264183566e-07,0.0028430850337815032,build/runs/a1-publication/work/nnn_tfim_expensive/checkpoints/response_j2_0p05_L18_neig160.json,641b26ca5b56bbab3a7ebe813b8fca64a3188177fa754349809dfabbc2666e08
NNN-TFIM,0.050000000000000003,18,71,9.7405032430009426e-09,1.2334210773421596e-09,160,7.8971434994367771,0.73754387063878335,0.99999975635377736,2.4364622264183566e-07,0.0028430850337815032,build/runs/a1-publication/work/nnn_tfim_expensive/checkpoints/response_j2_0p05_L18_neig160.json,641b26ca5b56bbab3a7ebe813b8fca64a3188177fa754349809dfabbc2666e08
NNN-TFIM,0.050000000000000003,18,72,7.9638782518449563e-09,1.0084504925626511e-09,160,7.8971434994367771,0.73754387063878335,0.99999975635377736,2.4364622264183566e-07,0.0028430850337815032,build/runs/a1-publication/work/nnn_tfim_expensive/checkpoints/response_j2_0p05_L18_neig160.json,641b26ca5b56bbab3a7ebe813b8fca64a3188177fa754349809dfabbc2666e08
NNN-TFIM,0.050000000000000003,18,73,6.9356343171945737e-09,8.782459528168916e-10,160,7.8971434994367771,0.73754387063878335,0.99999975635377736,2.4364622264183566e-07,0.0028430850337815032,build/runs/a1-publication/work/nnn_tfim_expensive/checkpoints/response_j2_0p05_L18_neig160.json,641b26ca5b56bbab3a7ebe813b8fca64a3188177fa754349809dfabbc2666e08
NNN-TFIM,0.050000000000000003,18,74,5.3992577834566677e-09,6.8369756530848681e-10,160,7.8971434994367771,0.73754387063878335,0.99999975635377736,2.4364622264183566e-07,0.0028430850337815032,build/runs/a1-publication/work/nnn_tfim_expensive/checkpoints/response_j2_0p05_L18_neig160.json,641b26ca5b56bbab3a7ebe813b8fca64a3188177fa754349809dfabbc2666e08
NNN-TFIM,0.050000000000000003,18,75,4.2138683062573475e-09,5.3359398959356378e-10,160,7.8971434994367771,0.73754387063878335,0.99999975635377736,2.4364622264183566e-07,0.0028430850337815032,build/runs/a1-publication/work/nnn_tfim_expensive/checkpoints/response_j2_0p05_L18_neig160.json,641b26ca5b56bbab3a7ebe813b8fca64a3188177fa754349809dfabbc2666e08
NNN-TFIM,0.050000000000000003,18,76,4.1883672659188779e-09,5.3036484220118217e-10,160,7.8971434994367771,0.73754387063878335,0.99999975635377736,2.4364622264183566e-07,0.0028430850337815032,build/runs/a1-publication/work/nnn_tfim_expensive/checkpoints/response_j2_0p05_L18_neig160.json,641b26ca5b56bbab3a7ebe813b8fca64a3188177fa754349809dfabbc2666e08
NNN-TFIM,0.050000000000000003,18,77,3.2830320224776618e-09,4.157239921893033e-10,160,7.8971434994367771,0.73754387063878335,0.99999975635377736,2.4364622264183566e-07,0.0028430850337815032,build/runs/a1-publication/work/nnn_tfim_expensive/checkpoints/response_j2_0p05_L18_neig160.json,641b26ca5b56bbab3a7ebe813b8fca64a3188177fa754349809dfabbc2666e08
NNN-TFIM,0.050000000000000003,18,78,2.9497456622653662e-09,3.7352058531996307e-10,160,7.8971434994367771,0.73754387063878335,0.99999975635377736,2.4364622264183566e-07,0.0028430850337815032,build/runs/a1-publication/work/nnn_tfim_expensive/checkpoints/response_j2_0p05_L18_neig160.json,641b26ca5b56bbab3a7ebe813b8fca64a3188177fa754349809dfabbc2666e08
NNN-TFIM,0.050000000000000003,18,79,2.7268870184689683e-09,3.4530042649768863e-10,160,7.8971434994367771,0.73754387063878335,0.99999975635377736,2.4364622264183566e-07,0.0028430850337815032,build/runs/a1-publication/work/nnn_tfim_expensive/checkpoints/response_j2_0p05_L18_neig160.json,641b26ca5b56bbab3a7ebe813b8fca64a3188177fa754349809dfabbc2666e08
NNN-TFIM,0.050000000000000003,18,80,2.511582371097857e-09,3.1803681562541983e-10,160,7.8971434994367771,0.73754387063878335,0.99999975635377736,2.4364622264183566e-07,0.0028430850337815032,build/runs/a1-publication/work/nnn_tfim_expensive/checkpoints/response_j2_0p05_L18_neig160.json,641b26ca5b56bbab3a7ebe813b8fca64a3188177fa754349809dfabbc2666e08
NNN-TFIM,0.050000000000000003,18,81,2.3586604170515863e-09,2.9867260449551225e-10,160,7.8971434994367771,0.73754387063878335,0.99999975635377736,2.4364622264183566e-07,0.0028430850337815032,build/runs/a1-publication/work/nnn_tfim_expensive/checkpoints/response_j2_0p05_L18_neig160.json,641b26ca5b56bbab3a7ebe813b8fca64a3188177fa754349809dfabbc2666e08
NNN-TFIM,0.050000000000000003,18,82,1.8192015993898217e-09,2.3036197829247588e-10,160,7.8971434994367771,0.73754387063878335,0.99999975635377736,2.4364622264183566e-07,0.0028430850337815032,build/runs/a1-publication/work/nnn_tfim_expensive/checkpoints/response_j2_0p05_L18_neig160.json,641b26ca5b56bbab3a7ebe813b8fca64a3188177fa754349809dfabbc2666e08
NNN-TFIM,0.050000000000000003,18,83,1.0740174741880761e-09,1.3600075448352621e-10,160,7.8971434994367771,0.73754387063878335,0.99999975635377736,2.4364622264183566e-07,0.0028430850337815032,build/runs/a1-publication/work/nnn_tfim_expensive/checkpoints/response_j2_0p05_L18_neig160.json,641b26ca5b56bbab3a7ebe813b8fca64a3188177fa754349809dfabbc2666e08
NNN-TFIM,0.050000000000000003,18,84,8.4719563709656063e-10,1.0727874416325124e-10,160,7.8971434994367771,0.73754387063878335,0.99999975635377736,2.4364622264183566e-07,0.0028430850337815032,build/runs/a1-publication/work/nnn_tfim_expensive/checkpoints/response_j2_0p05_L18_neig160.json,641b26ca5b56bbab3a7ebe813b8fca64a3188177fa754349809dfabbc2666e08
NNN-TFIM,0.050000000000000003,18,85,6.0402345956995123e-10,7.6486321872336507e-11,160,7.8971434994367771,0.73754387063878335,0.99999975635377736,2.4364622264183566e-07,0.0028430850337815032,build/runs/a1-publication/work/nnn_tfim_expensive/checkpoints/response_j2_0p05_L18_neig160.json,641b26ca5b56bbab3a7ebe813b8fca64a3188177fa754349809dfabbc2666e08
NNN-TFIM,0.050000000000000003,18,86,4.6396139666015731e-10,5.8750533872563794e-11,160,7.8971434994367771,0.73754387063878335,0.99999975635377736,2.4364622264183566e-07,0.0028430850337815032,build/runs/a1-publication/work/nnn_tfim_expensive/checkpoints/response_j2_0p05_L18_neig160.json,641b26ca5b56bbab3a7ebe813b8fca64a3188177fa754349809dfabbc2666e08
NNN-TFIM,0.050000000000000003,18,87,3.9205903346385171e-10,4.9645676755375322e-11,160,7.8971434994367771,0.73754387063878335,0.99999975635377736,2.4364622264183566e-07,0.0028430850337815032,build/runs/a1-publication/work/nnn_tfim_expensive/checkpoints/response_j2_0p05_L18_neig160.json,641b26ca5b56bbab3a7ebe813b8fca64a3188177fa754349809dfabbc2666e08
NNN-TFIM,0.050000000000000003,18,88,2.4567704360149142e-10,3.1109608634946684e-11,160,7.8971434994367771,0.73754387063878335,0.99999975635377736,2.4364622264183566e-07,0.0028430850337815032,build/runs/a1-publication/work/nnn_tfim_expensive/checkpoints/response_j2_0p05_L18_neig160.json,641b26ca5b56bbab3a7ebe813b8fca64a3188177fa754349809dfabbc2666e08
NNN-TFIM,0.050000000000000003,18,89,1.6012668452717321e-10,2.0276532209221401e-11,160,7.8971434994367771,0.73754387063878335,0.99999975635377736,2.4364622264183566e-07,0.0028430850337815032,build/runs/a1-publication/work/nnn_tfim_expensive/checkpoints/response_j2_0p05_L18_neig160.json,641b26ca5b56bbab3a7ebe813b8fca64a3188177fa754349809dfabbc2666e08
NNN-TFIM,0.050000000000000003,18,90,1.3436061149985585e-10,1.7013824240301372e-11,160,7.8971434994367771,0.73754387063878335,0.99999975635377736,2.4364622264183566e-07,0.0028430850337815032,build/runs/a1-publication/work/nnn_tfim_expensive/checkpoints/response_j2_0p05_L18_neig160.json,641b26ca5b56bbab3a7ebe813b8fca64a3188177fa754349809dfabbc2666e08
NNN-TFIM,0.050000000000000003,18,91,7.4357823206846237e-11,9.415787266895863e-12,160,7.8971434994367771,0.73754387063878335,0.99999975635377736,2.4364622264183566e-07,0.0028430850337815032,build/runs/a1-publication/work/nnn_tfim_expensive/checkpoints/response_j2_0p05_L18_neig160.json,641b26ca5b56bbab3a7ebe813b8fca64a3188177fa754349809dfabbc2666e08
NNN-TFIM,0.050000000000000003,18,92,3.7301229265715398e-11,4.7233824823337343e-12,160,7.8971434994367771,0.73754387063878335,0.99999975635377736,2.4364622264183566e-07,0.0028430850337815032,build/runs/a1-publication/work/nnn_tfim_expensive/checkpoints/response_j2_0p05_L18_neig160.json,641b26ca5b56bbab3a7ebe813b8fca64a3188177fa754349809dfabbc2666e08
NNN-TFIM,0.050000000000000003,18,93,2.3298451140034172e-11,2.9502377842945129e-12,160,7.8971434994367771,0.73754387063878335,0.99999975635377736,2.4364622264183566e-07,0.0028430850337815032,build/runs/a1-publication/work/nnn_tfim_expensive/checkpoints/response_j2_0p05_L18_neig160.json,641b26ca5b56bbab3a7ebe813b8fca64a3188177fa754349809dfabbc2666e08
NNN-TFIM,0.050000000000000003,18,94,1.7900023032771853e-11,2.2666452792770552e-12,160,7.8971434994367771,0.73754387063878335,0.99999975635377736,2.4364622264183566e-07,0.0028430850337815032,build/runs/a1-publication/work/nnn_tfim_expensive/checkpoints/response_j2_0p05_L18_neig160.json,641b26ca5b56bbab3a7ebe813b8fca64a3188177fa754349809dfabbc2666e08
NNN-TFIM,0.050000000000000003,18,95,8.1721443419734235e-12,1.034822824551214e-12,160,7.8971434994367771,0.73754387063878335,0.99999975635377736,2.4364622264183566e-07,0.0028430850337815032,build/runs/a1-publication/work/nnn_tfim_expensive/checkpoints/response_j2_0p05_L18_neig160.json,641b26ca5b56bbab3a7ebe813b8fca64a3188177fa754349809dfabbc2666e08
NNN-TFIM,0.050000000000000003,18,96,7.4484461178710501e-12,9.4318231882227688e-13,160,7.8971434994367771,0.73754387063878335,0.99999975635377736,2.4364622264183566e-07,0.0028430850337815032,build/runs/a1-publication/work/nnn_tfim_expensive/checkpoints/response_j2_0p05_L18_neig160.json,641b26ca5b56bbab3a7ebe813b8fca64a3188177fa754349809dfabbc2666e08
NNN-TFIM,0.050000000000000003,18,97,3.524348123295189e-12,4.4628138307814022e-13,160,7.8971434994367771,0.73754387063878335,0.99999975635377736,2.4364622264183566e-07,0.0028430850337815032,build/runs/a1-publication/work/nnn_tfim_expensive/checkpoints/response_j2_0p05_L18_neig160.json,641b26ca5b56bbab3a7ebe813b8fca64a3188177fa754349809dfabbc2666e08
NNN-TFIM,0.050000000000000003,18,98,1.589150108254776e-12,2.0123100313019688e-13,160,7.8971434994367771,0.73754387063878335,0.99999975635377736,2.4364622264183566e-07,0.0028430850337815032,build/runs/a1-publication/work/nnn_tfim_expensive/checkpoints/response_j2_0p05_L18_neig160.json,641b26ca5b56bbab3a7ebe813b8fca64a3188177fa754349809dfabbc2666e08
NNN-TFIM,0.050000000000000003,18,99,6.5604186786351398e-13,8.3073312256552362e-14,160,7.8971434994367771,0.73754387063878335,0.99999975635377736,2.4364622264183566e-07,0.0028430850337815032,build/runs/a1-publication/work/nnn_tfim_expensive/checkpoints/response_j2_0p05_L18_neig160.json,641b26ca5b56bbab3a7ebe813b8fca64a3188177fa754349809dfabbc2666e08
NNN-TFIM,0.050000000000000003,18,100,9.1532066373098681e-16,1.1590528446092784e-16,160,7.8971434994367771,0.73754387063878335,0.99999975635377736,2.4364622264183566e-07,0.0028430850337815032,build/runs/a1-publication/work/nnn_tfim_expensive/checkpoints/response_j2_0p05_L18_neig160.json,641b26ca5b56bbab3a7ebe813b8fca64a3188177fa754349809dfabbc2666e08
NNN-TFIM,0.050000000000000003,18,101,8.101472389707153e-23,1.0258737719891944e-23,160,7.8971434994367771,0.73754387063878335,0.99999975635377736,2.4364622264183566e-07,0.0028430850337815032,build/runs/a1-publication/work/nnn_tfim_expensive/checkpoints/response_j2_0p05_L18_neig160.json,641b26ca5b56bbab3a7ebe813b8fca64a3188177fa754349809dfabbc2666e08
NNN-TFIM,0.050000000000000003,18,102,5.3036345675986658e-23,6.7158898251968198e-24,160,7.8971434994367771,0.73754387063878335,0.99999975635377736,2.4364622264183566e-07,0.0028430850337815032,build/runs/a1-publication/work/nnn_tfim_expensive/checkpoints/response_j2_0p05_L18_neig160.json,641b26ca5b56bbab3a7ebe813b8fca64a3188177fa754349809dfabbc2666e08
NNN-TFIM,0.050000000000000003,18,103,3.399988996737357e-24,4.3053402752271678e-25,160,7.8971434994367771,0.73754387063878335,0.99999975635377736,2.4364622264183566e-07,0.0028430850337815032,build/runs/a1-publication/work/nnn_tfim_expensive/checkpoints/response_j2_0p05_L18_neig160.json,641b26ca5b56bbab3a7ebe813b8fca64a3188177fa754349809dfabbc2666e08
NNN-TFIM,0.050000000000000003,18,104,1.7822094957037459e-24,2.2567773978411974e-25,160,7.8971434994367771,0.73754387063878335,0.99999975635377736,2.4364622264183566e-07,0.0028430850337815032,build/runs/a1-publication/work/nnn_tfim_expensive/checkpoints/response_j2_0p05_L18_neig160.json,641b26ca5b56bbab3a7ebe813b8fca64a3188177fa754349809dfabbc2666e08
NNN-TFIM,0.050000000000000003,18,105,1.5385965876337575e-24,1.9482950863733069e-25,160,7.8971434994367771,0.73754387063878335,0.99999975635377736,2.4364622264183566e-07,0.0028430850337815032,build/runs/a1-publication/work/nnn_tfim_expensive/checkpoints/response_j2_0p05_L18_neig160.json,641b26ca5b56bbab3a7ebe813b8fca64a3188177fa754349809dfabbc2666e08
NNN-TFIM,0.050000000000000003,18,106,4.1453691781694638e-25,5.2492007755273931e-26,160,7.8971434994367771,0.73754387063878335,0.99999975635377736,2.4364622264183566e-07,0.0028430850337815032,build/runs/a1-publication/work/nnn_tfim_expensive/checkpoints/response_j2_0p05_L18_neig160.json,641b26ca5b56bbab3a7ebe813b8fca64a3188177fa754349809dfabbc2666e08
NNN-TFIM,0.050000000000000003,18,107,2.2110599605149798e-25,2.7998224429791257e-26,160,7.8971434994367771,0.73754387063878335,0.99999975635377736,2.4364622264183566e-07,0.0028430850337815032,build/runs/a1-publication/work/nnn_tfim_expensive/checkpoints/response_j2_0p05_L18_neig160.json,641b26ca5b56bbab3a7ebe813b8fca64a3188177fa754349809dfabbc2666e08
NNN-TFIM,0.050000000000000003,18,108,1.0632215271428037e-25,1.3463368459983442e-26,160,7.8971434994367771,0.73754387063878335,0.99999975635377736,2.4364622264183566e-07,0.0028430850337815032,build/runs/a1-publication/work/nnn_tfim_expensive/checkpoints/response_j2_0p05_L18_neig160.json,641b26ca5b56bbab3a7ebe813b8fca64a3188177fa754349809dfabbc2666e08
NNN-TFIM,0.050000000000000003,18,109,9.9692048591714317e-26,1.2623811204497466e-26,160,7.8971434994367771,0.73754387063878335,0.99999975635377736,2.4364622264183566e-07,0.0028430850337815032,build/runs/a1-publication/work/nnn_tfim_expensive/checkpoints/response_j2_0p05_L18_neig160.json,641b26ca5b56bbab3a7ebe813b8fca64a3188177fa754349809dfabbc2666e08
NNN-TFIM,0.050000000000000003,18,110,5.7521952710041347e-26,7.2838935640645006e-27,160,7.8971434994367771,0.73754387063878335,0.99999975635377736,2.4364622264183566e-07,0.0028430850337815032,build/runs/a1-publication/work/nnn_tfim_expensive/checkpoints/response_j2_0p05_L18_neig160.json,641b26ca5b56bbab3a7ebe813b8fca64a3188177fa754349809dfabbc2666e08
NNN-TFIM,0.050000000000000003,18,111,7.315072842006824e-27,9.2629351898297579e-28,160,7.8971434994367771,0.73754387063878335,0.99999975635377736,2.4364622264183566e-07,0.0028430850337815032,build/runs/a1-publication/work/nnn_tfim_expensive/checkpoints/response_j2_0p05_L18_neig160.json,641b26ca5b56bbab3a7ebe813b8fca64a3188177fa754349809dfabbc2666e08
NNN-TFIM,0.050000000000000003,18,112,5.22640030062812e-27,6.6180895674503903e-28,160,7.8971434994367771,0.73754387063878335,0.99999975635377736,2.4364622264183566e-07,0.0028430850337815032,build/runs/a1-publication/work/nnn_tfim_expensive/checkpoints/response_j2_0p05_L18_neig160.json,641b26ca5b56bbab3a7ebe813b8fca64a3188177fa754349809dfabbc2666e08
NNN-TFIM,0.050000000000000003,18,113,4.8586724286030193e-27,6.1524428788074309e-28,160,7.8971434994367771,0.73754387063878335,0.99999975635377736,2.4364622264183566e-07,0.0028430850337815032,build/runs/a1-publication/work/nnn_tfim_expensive/checkpoints/response_j2_0p05_L18_neig160.json,641b26ca5b56bbab3a7ebe813b8fca64a3188177fa754349809dfabbc2666e08
NNN-TFIM,0.050000000000000003,18,114,4.5745020300882194e-27,5.7926034019952561e-28,160,7.8971434994367771,0.73754387063878335,0.99999975635377736,2.4364622264183566e-07,0.0028430850337815032,build/runs/a1-publication/work/nnn_tfim_expensive/checkpoints/response_j2_0p05_L18_neig160.json,641b26ca5b56bbab3a7ebe813b8fca64a3188177fa754349809dfabbc2666e08
NNN-TFIM,0.050000000000000003,18,115,3.7325988984590274e-27,4.7265177576236724e-28,160,7.8971434994367771,0.73754387063878335,0.99999975635377736,2.4364622264183566e-07,0.0028430850337815032,build/runs/a1-publication/work/nnn_tfim_expensive/checkpoints/response_j2_0p05_L18_neig160.json,641b26ca5b56bbab3a7ebe813b8fca64a3188177fa754349809dfabbc2666e08
NNN-TFIM,0.050000000000000003,18,116,2.7333286763731638e-27,3.4611612117319438e-28,160,7.8971434994367771,0.73754387063878335,0.99999975635377736,2.4364622264183566e-07,0.0028430850337815032,build/runs/a1-publication/work/nnn_tfim_expensive/checkpoints/response_j2_0p05_L18_neig160.json,641b26ca5b56bbab3a7ebe813b8fca64a3188177fa754349809dfabbc2666e08
NNN-TFIM,0.050000000000000003,18,117,2.4023669022680457e-27,3.0420707214442564e-28,160,7.8971434994367771,0.73754387063878335,0.99999975635377736,2.4364622264183566e-07,0.0028430850337815032,build/runs/a1-publication/work/nnn_tfim_expensive/checkpoints/response_j2_0p05_L18_neig160.json,641b26ca5b56bbab3a7ebe813b8fca64a3188177fa754349809dfabbc2666e08
NNN-TFIM,0.050000000000000003,18,118,1.8324226486573483e-27,2.3203613417788803e-28,160,7.8971434994367771,0.73754387063878335,0.99999975635377736,2.4364622264183566e-07,0.0028430850337815032,build/runs/a1-publication/work/nnn_tfim_expensive/checkpoints/response_j2_0p05_L18_neig160.json,641b26ca5b56bbab3a7ebe813b8fca64a3188177fa754349809dfabbc2666e08
NNN-TFIM,0.050000000000000003,18,119,8.0572461203518352e-28,1.0202734850805834e-28,160,7.8971434994367771,0.73754387063878335,0.99999975635377736,2.4364622264183566e-07,0.0028430850337815032,build/runs/a1-publication/work/nnn_tfim_expensive/checkpoints/response_j2_0p05_L18_neig160.json,641b26ca5b56bbab3a7ebe813b8fca64a3188177fa754349809dfabbc2666e08
NNN-TFIM,0.050000000000000003,18,120,7.3134426044487044e-28,9.2608708515557525e-29,160,7.8971434994367771,0.73754387063878335,0.99999975635377736,2.4364622264183566e-07,0.0028430850337815032,build/runs/a1-publication/work/nnn_tfim_expensive/checkpoints/response_j2_0p05_L18_neig160.json,641b26ca5b56bbab3a7ebe813b8fca64a3188177fa754349809dfabbc2666e08
NNN-TFIM,0.050000000000000003,18,121,6.0872795529827455e-28,7.7082043062999799e-29,160,7.8971434994367771,0.73754387063878335,0.99999975635377736,2.4364622264183566e-07,0.0028430850337815032,build/runs/a1-publication/work/nnn_tfim_expensive/checkpoints/response_j2_0p05_L18_neig160.json,641b26ca5b56bbab3a7ebe813b8fca64a3188177fa754349809dfabbc2666e08
NNN-TFIM,0.050000000000000003,18,122,4.9581684409284205e-28,6.2784327539217651e-29,160,7.8971434994367771,0.73754387063878335,0.99999975635377736,2.4364622264183566e-07,0.0028430850337815032,build/runs/a1-publication/work/nnn_tfim_expensive/checkpoints/response_j2_0p05_L18_neig160.json,641b26ca5b56bbab3a7ebe813b8fca64a3188177fa754349809dfabbc2666e08
NNN-TFIM,0.050000000000000003,18,123,2.0632587311764727e-28,2.612664606289127e-29,160,7.8971434994367771,0.73754387063878335,0.99999975635377736,2.4364622264183566e-07,0.0028430850337815032,build/runs/a1-publication/work/nnn_tfim_expensive/checkpoints/response_j2_0p05_L18_neig160.json,641b26ca5b56bbab3a7ebe813b8fca64a3188177fa754349809dfabbc2666e08
NNN-TFIM,0.050000000000000003,18,124,1.9013055356106221e-28,2.4075864086124595e-29,160,7.8971434994367771,0.73754387063878335,0.99999975635377736,2.4364622264183566e-07,0.0028430850337815032,build/runs/a1-publication/work/nnn_tfim_expensive/checkpoints/response_j2_0p05_L18_neig160.json,641b26ca5b56bbab3a7ebe813b8fca64a3188177fa754349809dfabbc2666e08
NNN-TFIM,0.050000000000000003,18,125,1.8680493268916934e-28,2.3654747150345215e-29,160,7.8971434994367771,0.73754387063878335,0.99999975635377736,2.4364622264183566e-07,0.0028430850337815032,build/runs/a1-publication/work/nnn_tfim_expensive/checkpoints/response_j2_0p05_L18_neig160.json,641b26ca5b56bbab3a7ebe813b8fca64a3188177fa754349809dfabbc2666e08
NNN-TFIM,0.050000000000000003,18,126,1.5409343124983426e-28,1.9512553021332864e-29,160,7.8971434994367771,0.73754387063878335,0.99999975635377736,2.4364622264183566e-07,0.0028430850337815032,build/runs/a1-publication/work/nnn_tfim_expensive/checkpoints/response_j2_0p05_L18_neig160.json,641b26ca5b56bbab3a7ebe813b8fca64a3188177fa754349809dfabbc2666e08
NNN-TFIM,0.050000000000000003,18,127,1.0864148827877536e-28,1.3757061434495099e-29,160,7.8971434994367771,0.73754387063878335,0.99999975635377736,2.4364622264183566e-07,0.0028430850337815032,build/runs/a1-publication/work/nnn_tfim_expensive/checkpoints/response_j2_0p05_L18_neig160.json,641b26ca5b56bbab3a7ebe813b8fca64a3188177fa754349809dfabbc2666e08
NNN-TFIM,0.050000000000000003,18,128,8.425747160885776e-29,1.0669360587770374e-29,160,7.8971434994367771,0.73754387063878335,0.99999975635377736,2.4364622264183566e-07,0.0028430850337815032,build/runs/a1-publication/work/nnn_tfim_expensive/checkpoints/response_j2_0p05_L18_neig160.json,641b26ca5b56bbab3a7ebe813b8fca64a3188177fa754349809dfabbc2666e08
NNN-TFIM,0.050000000000000003,18,129,4.8036049195394917e-29,6.0827119576617598e-30,160,7.8971434994367771,0.73754387063878335,0.99999975635377736,2.4364622264183566e-07,0.0028430850337815032,build/runs/a1-publication/work/nnn_tfim_expensive/checkpoints/response_j2_0p05_L18_neig160.json,641b26ca5b56bbab3a7ebe813b8fca64a3188177fa754349809dfabbc2666e08
NNN-TFIM,0.050000000000000003,18,130,4.3141370476894223e-29,5.4629082629650908e-30,160,7.8971434994367771,0.73754387063878335,0.99999975635377736,2.4364622264183566e-07,0.0028430850337815032,build/runs/a1-publication/work/nnn_tfim_expensive/checkpoints/response_j2_0p05_L18_neig160.json,641b26ca5b56bbab3a7ebe813b8fca64a3188177fa754349809dfabbc2666e08
NNN-TFIM,0.050000000000000003,18,131,3.2580998395452813e-29,4.1256687810948966e-30,160,7.8971434994367771,0.73754387063878335,0.99999975635377736,2.4364622264183566e-07,0.0028430850337815032,build/runs/a1-publication/work/nnn_tfim_expensive/checkpoints/response_j2_0p05_L18_neig160.json,641b26ca5b56bbab3a7ebe813b8fca64a3188177fa754349809dfabbc2666e08
NNN-TFIM,0.050000000000000003,18,132,2.7628026500177519e-29,3.4984835342232223e-30,160,7.8971434994367771,0.73754387063878335,0.99999975635377736,2.4364622264183566e-07,0.0028430850337815032,build/runs/a1-publication/work/nnn_tfim_expensive/checkpoints/response_j2_0p05_L18_neig160.json,641b26ca5b56bbab3a7ebe813b8fca64a3188177fa754349809dfabbc2666e08
NNN-TFIM,0.050000000000000003,18,133,1.2683880916766479e-29,1.6061352966007381e-30,160,7.8971434994367771,0.73754387063878335,0.99999975635377736,2.4364622264183566e-07,0.0028430850337815032,build/runs/a1-publication/work/nnn_tfim_expensive/checkpoints/response_j2_0p05_L18_neig160.json,641b26ca5b56bbab3a7ebe813b8fca64a3188177fa754349809dfabbc2666e08
NNN-TFIM,0.050000000000000003,18,134,1.1259946412187149e-29,1.4258252256642173e-30,160,7.8971434994367771,0.73754387063878335,0.99999975635377736,2.4364622264183566e-07,0.0028430850337815032,build/runs/a1-publication/work/nnn_tfim_expensive/checkpoints/response_j2_0p05_L18_neig160.json,641b26ca5b56bbab3a7ebe813b8fca64a3188177fa754349809dfabbc2666e08
NNN-TFIM,0.050000000000000003,18,135,2.6706697766049562e-30,3.3818174594338165e-31,160,7.8971434994367771,0.73754387063878335,0.99999975635377736,2.4364622264183566e-07,0.0028430850337815032,build/runs/a1-publication/work/nnn_tfim_expensive/checkpoints/response_j2_0p05_L18_neig160.json,641b26ca5b56bbab3a7ebe813b8fca64a3188177fa754349809dfabbc2666e08
NNN-TFIM,0.050000000000000003,18,136,2.3641164900100866e-30,2.993634964564966e-31,160,7.8971434994367771,0.73754387063878335,0.99999975635377736,2.4364622264183566e-07,0.0028430850337815032,build/runs/a1-publication/work/nnn_tfim_expensive/checkpoints/response_j2_0p05_L18_neig160.json,641b26ca5b56bbab3a7ebe813b8fca64a3188177fa754349809dfabbc2666e08
NNN-TFIM,0.050000000000000003,18,137,2.3417226325514368e-30,2.9652780561964565e-31,160,7.8971434994367771,0.73754387063878335,0.99999975635377736,2.4364622264183566e-07,0.0028430850337815032,build/runs/a1-publication/work/nnn_tfim_expensive/checkpoints/response_j2_0p05_L18_neig160.json,641b26ca5b56bbab3a7ebe813b8fca64a3188177fa754349809dfabbc2666e08
NNN-TFIM,0.050000000000000003,18,138,2.1613233333034953e-30,2.7368419143676959e-31,160,7.8971434994367771,0.73754387063878335,0.99999975635377736,2.4364622264183566e-07,0.0028430850337815032,build/runs/a1-publication/work/nnn_tfim_expensive/checkpoints/response_j2_0p05_L18_neig160.json,641b26ca5b56bbab3a7ebe813b8fca64a3188177fa754349809dfabbc2666e08
NNN-TFIM,0.050000000000000003,18,139,1.7724695524329148e-30,2.2444438961496991e-31,160,7.8971434994367771,0.73754387063878335,0.99999975635377736,2.4364622264183566e-07,0.0028430850337815032,build/runs/a1-publication/work/nnn_tfim_expensive/checkpoints/response_j2_0p05_L18_neig160.json,641b26ca5b56bbab3a7ebe813b8fca64a3188177fa754349809dfabbc2666e08
NNN-TFIM,0.050000000000000003,18,140,1.6872747354610669e-30,2.1365633479769021e-31,160,7.8971434994367771,0.73754387063878335,0.99999975635377736,2.4364622264183566e-07,0.0028430850337815032,build/runs/a1-publication/work/nnn_tfim_expensive/checkpoints/response_j2_0p05_L18_neig160.json,641b26ca5b56bbab3a7ebe813b8fca64a3188177fa754349809dfabbc2666e08
NNN-TFIM,0.050000000000000003,18,141,1.5115475868683416e-30,1.9140434601145907e-31,160,7.8971434994367771,0.73754387063878335,0.99999975635377736,2.4364622264183566e-07,0.0028430850337815032,build/runs/a1-publication/work/nnn_tfim_expensive/checkpoints/response_j2_0p05_L18_neig160.json,641b26ca5b56bbab3a7ebe813b8fca64a3188177fa754349809dfabbc2666e08
NNN-TFIM,0.050000000000000003,18,142,1.09789323226152e-30,1.390240955276831e-31,160,7.8971434994367771,0.73754387063878335,0.99999975635377736,2.4364622264183566e-07,0.0028430850337815032,build/runs/a1-publication/work/nnn_tfim_expensive/checkpoints/response_j2_0p05_L18_neig160.json,641b26ca5b56bbab3a7ebe813b8fca64a3188177fa754349809dfabbc2666e08
NNN-TFIM,0.050000000000000003,18,143,1.0412736801403034e-30,1.3185447120399508e-31,160,7.8971434994367771,0.73754387063878335,0.99999975635377736,2.4364622264183566e-07,0.0028430850337815032,build/runs/a1-publication/work/nnn_tfim_expensive/checkpoints/response_j2_0p05_L18_neig160.json,641b26ca5b56bbab3a7ebe813b8fca64a3188177fa754349809dfabbc2666e08
NNN-TFIM,0.050000000000000003,18,144,9.0086733026855969e-31,1.1407508681244166e-31,160,7.8971434994367771,0.73754387063878335,0.99999975635377736,2.4364622264183566e-07,0.0028430850337815032,build/runs/a1-publication/work/nnn_tfim_expensive/checkpoints/response_j2_0p05_L18_neig160.json,641b26ca5b56bbab3a7ebe813b8fca64a3188177fa754349809dfabbc2666e08
NNN-TFIM,0.050000000000000003,18,145,7.2038798474622572e-31,9.1221336524732474e-32,160,7.8971434994367771,0.73754387063878335,0.99999975635377736,2.4364622264183566e-07,0.0028430850337815032,build/runs/a1-publication/work/nnn_tfim_expensive/checkpoints/response_j2_0p05_L18_neig160.json,641b26ca5b56bbab3a7ebe813b8fca64a3188177fa754349809dfabbc2666e08
NNN-TFIM,0.050000000000000003,18,146,6.4737544293849489e-31,8.1975899638225595e-32,160,7.8971434994367771,0.73754387063878335,0.99999975635377736,2.4364622264183566e-07,0.0028430850337815032,build/runs/a1-publication/work/nnn_tfim_expensive/checkpoints/response_j2_0p05_L18_neig160.json,641b26ca5b56bbab3a7ebe813b8fca64a3188177fa754349809dfabbc2666e08
NNN-TFIM,0.050000000000000003,18,147,3.1911997459896224e-31,4.0409544871727584e-32,160,7.8971434994367771,0.73754387063878335,0.99999975635377736,2.4364622264183566e-07,0.0028430850337815032,build/runs/a1-publication/work/nnn_tfim_expensive/checkpoints/response_j2_0p05_L18_neig160.json,641b26ca5b56bbab3a7ebe813b8fca64a3188177fa754349809dfabbc2666e08
NNN-TFIM,0.050000000000000003,18,148,2.9669336573202763e-31,3.7569706787421016e-32,160,7.8971434994367771,0.73754387063878335,0.99999975635377736,2.4364622264183566e-07,0.0028430850337815032,build/runs/a1-publication/work/nnn_tfim_expensive/checkpoints/response_j2_0p05_L18_neig160.json,641b26ca5b56bbab3a7ebe813b8fca64a3188177fa754349809dfabbc2666e08
NNN-TFIM,0.050000000000000003,18,149,2.2672755951534992e-31,2.8710072133236543e-32,160,7.8971434994367771,0.73754387063878335,0.99999975635377736,2.4364622264183566e-07,0.0028430850337815032,build/runs/a1-publication/work/nnn_tfim_expensive/checkpoints/response_j2_0p05_L18_neig160.json,641b26ca5b56bbab3a7ebe813b8fca64a3188177fa754349809dfabbc2666e08
NNN-TFIM,0.050000000000000003,18,150,1.1378256406027802e-31,1.4408065912490125e-32,160,7.8971434994367771,0.73754387063878335,0.99999975635377736,2.4364622264183566e-07,0.0028430850337815032,build/runs/a1-publication/work/nnn_tfim_expensive/checkpoints/response_j2_0p05_L18_neig160.json,641b26ca5b56bbab3a7ebe813b8fca64a3188177fa754349809dfabbc2666e08
NNN-TFIM,0.050000000000000003,18,151,1.0919410076105406e-31,1.3827037683795635e-32,160,7.8971434994367771,0.73754387063878335,0.99999975635377736,2.4364622264183566e-07,0.0028430850337815032,build/runs/a1-publication/work/nnn_tfim_expensive/checkpoints/response_j2_0p05_L18_neig160.json,641b26ca5b56bbab3a7ebe813b8fca64a3188177fa754349809dfabbc2666e08
NNN-TFIM,0.050000000000000003,18,152,8.3540492929587214e-32,1.0578570965000865e-32,160,7.8971434994367771,0.73754387063878335,0.99999975635377736,2.4364622264183566e-07,0.0028430850337815032,build/runs/a1-publication/work/nnn_tfim_expensive/checkpoints/response_j2_0p05_L18_neig160.json,641b26ca5b56bbab3a7ebe813b8fca64a3188177fa754349809dfabbc2666e08
NNN-TFIM,0.050000000000000003,18,153,4.9219135603258579e-32,6.2325239001632522e-33,160,7.8971434994367771,0.73754387063878335,0.99999975635377736,2.4364622264183566e-07,0.0028430850337815032,build/runs/a1-publication/work/nnn_tfim_expensive/checkpoints/response_j2_0p05_L18_neig160.json,641b26ca5b56bbab3a7ebe813b8fca64a3188177fa754349809dfabbc2666e08
NNN-TFIM,0.050000000000000003,18,154,3.9115704502591237e-32,4.9531459704867922e-33,160,7.8971434994367771,0.73754387063878335,0.99999975635377736,2.4364622264183566e-07,0.0028430850337815032,build/runs/a1-publication/work/nnn_tfim_expensive/checkpoints/response_j2_0p05_L18_neig160.json,641b26ca5b56bbab3a7ebe813b8fca64a3188177fa754349809dfabbc2666e08
NNN-TFIM,0.050000000000000003,18,155,7.5908064630574793e-33,9.6120913385945875e-34,160,7.8971434994367771,0.73754387063878335,0.99999975635377736,2.4364622264183566e-07,0.0028430850337815032,build/runs/a1-publication/work/nnn_tfim_expensive/checkpoints/response_j2_0p05_L18_neig160.json,641b26ca5b56bbab3a7ebe813b8fca64a3188177fa754349809dfabbc2666e08
NNN-TFIM,0.050000000000000003,18,156,6.6264166243048658e-33,8.3909031471663916e-34,160,7.8971434994367771,0.73754387063878335,0.99999975635377736,2.4364622264183566e-07,0.0028430850337815032,build/runs/a1-publication/work/nnn_tfim_expensive/checkpoints/response_j2_0p05_L18_neig160.json,641b26ca5b56bbab3a7ebe813b8fca64a3188177fa754349809dfabbc2666e08
NNN-TFIM,0.050000000000000003,18,157,6.1852988319264541e-33,7.8323242225085418e-34,160,7.8971434994367771,0.73754387063878335,0.99999975635377736,2.4364622264183566e-07,0.0028430850337815032,build/runs/a1-publication/work/nnn_tfim_expensive/checkpoints/response_j2_0p05_L18_neig160.json,641b26ca5b56bbab3a7ebe813b8fca64a3188177fa754349809dfabbc2666e08
NNN-TFIM,0.050000000000000003,18,158,1.456498269261479e-34,1.8443355744584814e-35,160,7.8971434994367771,0.73754387063878335,0.99999975635377736,2.4364622264183566e-07,0.0028430850337815032,build/runs/a1-publication/work/nnn_tfim_expensive/checkpoints/response_j2_0p05_L18_neig160.json,641b26ca5b56bbab3a7ebe813b8fca64a3188177fa754349809dfabbc2666e08
NNN-TFIM,0.050000000000000003,18,159,5.4756164866019714e-35,6.9336672013019538e-36,160,7.8971434994367771,0.73754387063878335,0.99999975635377736,2.4364622264183566e-07,0.0028430850337815032,build/runs/a1-publication/work/nnn_tfim_expensive/checkpoints/response_j2_0p05_L18_neig160.json,641b26ca5b56bbab3a7ebe813b8fca64a3188177fa754349809dfabbc2666e08
NNN-TFIM,0.050000000000000003,20,1,8.3170818878909856,0.84866663620652283,64,9.8001753963932501,0.73017296702534529,0.99999205817674097,7.9418232590278137e-06,0.0028314700659464024,build/runs/a1-publication/work/nnn_tfim_expensive/checkpoints/response_j2_0p05_L20_neig64.json,184e510da7596ed702560034aa6725c30f060b32fe73e9a933a936a48afcb657
NNN-TFIM,0.050000000000000003,20,2,0.91338751230437287,0.093201139302111477,64,9.8001753963932501,0.73017296702534529,0.99999205817674097,7.9418232590278137e-06,0.0028314700659464024,build/runs/a1-publication/work/nnn_tfim_expensive/checkpoints/response_j2_0p05_L20_neig64.json,184e510da7596ed702560034aa6725c30f060b32fe73e9a933a936a48afcb657
NNN-TFIM,0.050000000000000003,20,3,0.30892373471839807,0.031522265900678775,64,9.8001753963932501,0.73017296702534529,0.99999205817674097,7.9418232590278137e-06,0.0028314700659464024,build/runs/a1-publication/work/nnn_tfim_expensive/checkpoints/response_j2_0p05_L20_neig64.json,184e510da7596ed702560034aa6725c30f060b32fe73e9a933a936a48afcb657
NNN-TFIM,0.050000000000000003,20,4,0.13775997577014193,0.014056888800259801,64,9.8001753963932501,0.73017296702534529,0.99999205817674097,7.9418232590278137e-06,0.0028314700659464024,build/runs/a1-publication/work/nnn_tfim_expensive/checkpoints/response_j2_0p05_L20_neig64.json,184e510da7596ed702560034aa6725c30f060b32fe73e9a933a936a48afcb657
NNN-TFIM,0.050000000000000003,20,5,0.06678293216512457,0.0068144629523368156,64,9.8001753963932501,0.73017296702534529,0.99999205817674097,7.9418232590278137e-06,0.0028314700659464024,build/runs/a1-publication/work/nnn_tfim_expensive/checkpoints/response_j2_0p05_L20_neig64.json,184e510da7596ed702560034aa6725c30f060b32fe73e9a933a936a48afcb657
NNN-TFIM,0.050000000000000003,20,6,0.03248445731405343,0.0033146812174411344,64,9.8001753963932501,0.73017296702534529,0.99999205817674097,7.9418232590278137e-06,0.0028314700659464024,build/runs/a1-publication/work/nnn_tfim_expensive/checkpoints/response_j2_0p05_L20_neig64.json,184e510da7596ed702560034aa6725c30f060b32fe73e9a933a936a48afcb657
NNN-TFIM,0.050000000000000003,20,7,0.01504388885618421,0.0015350632256766342,64,9.8001753963932501,0.73017296702534529,0.99999205817674097,7.9418232590278137e-06,0.0028314700659464024,build/runs/a1-publication/work/nnn_tfim_expensive/checkpoints/response_j2_0p05_L20_neig64.json,184e510da7596ed702560034aa6725c30f060b32fe73e9a933a936a48afcb657
NNN-TFIM,0.050000000000000003,20,8,0.00611197843713577,0.00062366010708187489,64,9.8001753963932501,0.73017296702534529,0.99999205817674097,7.9418232590278137e-06,0.0028314700659464024,build/runs/a1-publication/work/nnn_tfim_expensive/checkpoints/response_j2_0p05_L20_neig64.json,184e510da7596ed702560034aa6725c30f060b32fe73e9a933a936a48afcb657
NNN-TFIM,0.050000000000000003,20,9,0.0018576111580868705,0.00018954876652213035,64,9.8001753963932501,0.73017296702534529,0.99999205817674097,7.9418232590278137e-06,0.0028314700659464024,build/runs/a1-publication/work/nnn_tfim_expensive/checkpoints/response_j2_0p05_L20_neig64.json,184e510da7596ed702560034aa6725c30f060b32fe73e9a933a936a48afcb657
NNN-TFIM,0.050000000000000003,20,10,0.00018370113437538472,1.874467822718684e-05,64,9.8001753963932501,0.73017296702534529,0.99999205817674097,7.9418232590278137e-06,0.0028314700659464024,build/runs/a1-publication/work/nnn_tfim_expensive/checkpoints/response_j2_0p05_L20_neig64.json,184e510da7596ed702560034aa6725c30f060b32fe73e9a933a936a48afcb657
NNN-TFIM,0.050000000000000003,20,11,7.8756730543026791e-05,8.0362572461725082e-06,64,9.8001753963932501,0.73017296702534529,0.99999205817674097,7.9418232590278137e-06,0.0028314700659464024,build/runs/a1-publication/work/nnn_tfim_expensive/checkpoints/response_j2_0p05_L20_neig64.json,184e510da7596ed702560034aa6725c30f060b32fe73e9a933a936a48afcb657
NNN-TFIM,0.050000000000000003,20,12,5.4275617956007679e-05,5.5382292418952709e-06,64,9.8001753963932501,0.73017296702534529,0.99999205817674097,7.9418232590278137e-06,0.0028314700659464024,build/runs/a1-publication/work/nnn_tfim_expensive/checkpoints/response_j2_0p05_L20_neig64.json,184e510da7596ed702560034aa6725c30f060b32fe73e9a933a936a48afcb657
NNN-TFIM,0.050000000000000003,20,13,4.5010525597118784e-05,4.5928285746481606e-06,64,9.8001753963932501,0.73017296702534529,0.99999205817674097,7.9418232590278137e-06,0.0028314700659464024,build/runs/a1-publication/work/nnn_tfim_expensive/checkpoints/response_j2_0p05_L20_neig64.json,184e510da7596ed702560034aa6725c30f060b32fe73e9a933a936a48afcb657
NNN-TFIM,0.050000000000000003,20,14,4.2610153887136053e-05,4.3478970695583503e-06,64,9.8001753963932501,0.73017296702534529,0.99999205817674097,7.9418232590278137e-06,0.0028314700659464024,build/runs/a1-publication/work/nnn_tfim_expensive/checkpoints/response_j2_0p05_L20_neig64.json,184e510da7596ed702560034aa6725c30f060b32fe73e9a933a936a48afcb657
NNN-TFIM,0.050000000000000003,20,15,4.032826700001066e-05,4.1150556361320467e-06,64,9.8001753963932501,0.73017296702534529,0.99999205817674097,7.9418232590278137e-06,0.0028314700659464024,build/runs/a1-publication/work/nnn_tfim_expensive/checkpoints/response_j2_0p05_L20_neig64.json,184e510da7596ed702560034aa6725c30f060b32fe73e9a933a936a48afcb657
NNN-TFIM,0.050000000000000003,20,16,3.8595198648546186e-05,3.9382150918186976e-06,64,9.8001753963932501,0.73017296702534529,0.99999205817674097,7.9418232590278137e-06,0.0028314700659464024,build/runs/a1-publication/work/nnn_tfim_expensive/checkpoints/response_j2_0p05_L20_neig64.json,184e510da7596ed702560034aa6725c30f060b32fe73e9a933a936a48afcb657
NNN-TFIM,0.050000000000000003,20,17,3.3301698828011008e-05,3.3980717161722433e-06,64,9.8001753963932501,0.73017296702534529,0.99999205817674097,7.9418232590278137e-06,0.0028314700659464024,build/runs/a1-publication/work/nnn_tfim_expensive/checkpoints/response_j2_0p05_L20_neig64.json,184e510da7596ed702560034aa6725c30f060b32fe73e9a933a936a48afcb657
NNN-TFIM,0.050000000000000003,20,18,3.0563779658364533e-05,3.1186972091961633e-06,64,9.8001753963932501,0.73017296702534529,0.99999205817674097,7.9418232590278137e-06,0.0028314700659464024,build/runs/a1-publication/work/nnn_tfim_expensive/checkpoints/response_j2_0p05_L20_neig64.json,184e510da7596ed702560034aa6725c30f060b32fe73e9a933a936a48afcb657
NNN-TFIM,0.050000000000000003,20,19,3.0271673302816945e-05,3.0888909716817723e-06,64,9.8001753963932501,0.73017296702534529,0.99999205817674097,7.9418232590278137e-06,0.0028314700659464024,build/runs/a1-publication/work/nnn_tfim_expensive/checkpoints/response_j2_0p05_L20_neig64.json,184e510da7596ed702560034aa6725c30f060b32fe73e9a933a936a48afcb657
NNN-TFIM,0.050000000000000003,20,20,2.7978813167182426e-05,2.8549298390597627e-06,64,9.8001753963932501,0.73017296702534529,0.99999205817674097,7.9418232590278137e-06,0.0028314700659464024,build/runs/a1-publication/work/nnn_tfim_expensive/checkpoints/response_j2_0p05_L20_neig64.json,184e510da7596ed702560034aa6725c30f060b32fe73e9a933a936a48afcb657
NNN-TFIM,0.050000000000000003,20,21,9.7306490758570405e-06,9.929056044688959e-07,64,9.8001753963932501,0.73017296702534529,0.99999205817674097,7.9418232590278137e-06,0.0028314700659464024,build/runs/a1-publication/work/nnn_tfim_expensive/checkpoints/response_j2_0p05_L20_neig64.json,184e510da7596ed702560034aa6725c30f060b32fe73e9a933a936a48afcb657
NNN-TFIM,0.050000000000000003,20,22,6.6394735592130263e-06,6.7748517660781315e-07,64,9.8001753963932501,0.73017296702534529,0.99999205817674097,7.9418232590278137e-06,0.0028314700659464024,build/runs/a1-publication/work/nnn_tfim_expensive/checkpoints/response_j2_0p05_L20_neig64.json,184e510da7596ed702560034aa6725c30f060b32fe73e9a933a936a48afcb657
NNN-TFIM,0.050000000000000003,20,23,5.6729238877550514e-06,5.788594242754933e-07,64,9.8001753963932501,0.73017296702534529,0.99999205817674097,7.9418232590278137e-06,0.0028314700659464024,build/runs/a1-publication/work/nnn_tfim_expensive/checkpoints/response_j2_0p05_L20_neig64.json,184e510da7596ed702560034aa6725c30f060b32fe73e9a933a936a48afcb657
NNN-TFIM,0.050000000000000003,20,24,5.5515443904285237e-06,5.6647398295255553e-07,64,9.8001753963932501,0.73017296702534529,0.99999205817674097,7.9418232590278137e-06,0.0028314700659464024,build/runs/a1-publication/work/nnn_tfim_expensive/checkpoints/response_j2_0p05_L20_neig64.json,184e510da7596ed702560034aa6725c30f060b32fe73e9a933a936a48afcb657
NNN-TFIM,0.050000000000000003,20,25,5.5187573728468741e-06,5.6312842879097223e-07,64,9.8001753963932501,0.73017296702534529,0.99999205817674097,7.9418232590278137e-06,0.0028314700659464024,build/runs/a1-publication/work/nnn_tfim_expensive/checkpoints/response_j2_0p05_L20_neig64.json,184e510da7596ed702560034aa6725c30f060b32fe73e9a933a936a48afcb657
NNN-TFIM,0.050000000000000003,20,26,3.6630887362107667e-06,3.737778751958756e-07,64,9.8001753963932501,0.73017296702534529,0.99999205817674097,7.9418232590278137e-06,0.0028314700659464024,build/runs/a1-publication/work/nnn_tfim_expensive/checkpoints/response_j2_0p05_L20_neig64.json,184e510da7596ed702560034aa6725c30f060b32fe73e9a933a936a48afcb657
NNN-TFIM,0.050000000000000003,20,27,3.1905277374019552e-06,3.2555822812887229e-07,64,9.8001753963932501,0.73017296702534529,0.99999205817674097,7.9418232590278137e-06,0.0028314700659464024,build/runs/a1-publication/work/nnn_tfim_expensive/checkpoints/response_j2_0p05_L20_neig64.json,184e510da7596ed702560034aa6725c30f060b32fe73e9a933a936a48afcb657
NNN-TFIM,0.050000000000000003,20,28,3.1033340729212859e-06,3.166610746643783e-07,64,9.8001753963932501,0.73017296702534529,0.99999205817674097,7.9418232590278137e-06,0.0028314700659464024,build/runs/a1-publication/work/nnn_tfim_expensive/checkpoints/response_j2_0p05_L20_neig64.json,184e510da7596ed702560034aa6725c30f060b32fe73e9a933a936a48afcb657
NNN-TFIM,0.050000000000000003,20,29,3.0272609766458022e-06,3.0889865274859491e-07,64,9.8001753963932501,0.73017296702534529,0.99999205817674097,7.9418232590278137e-06,0.0028314700659464024,build/runs/a1-publication/work/nnn_tfim_expensive/checkpoints/response_j2_0p05_L20_neig64.json,184e510da7596ed702560034aa6725c30f060b32fe73e9a933a936a48afcb657
NNN-TFIM,0.050000000000000003,20,30,2.8889319619238747e-06,2.9478369978838192e-07,64,9.8001753963932501,0.73017296702534529,0.99999205817674097,7.9418232590278137e-06,0.0028314700659464024,build/runs/a1-publication/work/nnn_tfim_expensive/checkpoints/response_j2_0p05_L20_neig64.json,184e510da7596ed702560034aa6725c30f060b32fe73e9a933a936a48afcb657
NNN-TFIM,0.050000000000000003,20,31,2.1052857367828583e-06,2.1482123039937273e-07,64,9.8001753963932501,0.73017296702534529,0.99999205817674097,7.9418232590278137e-06,0.0028314700659464024,build/runs/a1-publication/work/nnn_tfim_expensive/checkpoints/response_j2_0p05_L20_neig64.json,184e510da7596ed702560034aa6725c30f060b32fe73e9a933a936a48afcb657
NNN-TFIM,0.050000000000000003,20,32,1.6786808484859751e-06,1.7129089843675435e-07,64,9.8001753963932501,0.73017296702534529,0.99999205817674097,7.9418232590278137e-06,0.0028314700659464024,build/runs/a1-publication/work/nnn_tfim_expensive/checkpoints/response_j2_0p05_L20_neig64.json,184e510da7596ed702560034aa6725c30f060b32fe73e9a933a936a48afcb657
NNN-TFIM,0.050000000000000003,20,33,1.5740107255301104e-06,1.6061046479937413e-07,64,9.8001753963932501,0.73017296702534529,0.99999205817674097,7.9418232590278137e-06,0.0028314700659464024,build/runs/a1-publication/work/nnn_tfim_expensive/checkpoints/response_j2_0p05_L20_neig64.json,184e510da7596ed702560034aa6725c30f060b32fe73e9a933a936a48afcb657
NNN-TFIM,0.050000000000000003,20,34,1.5278027763372774e-06,1.5589545233032803e-07,64,9.8001753963932501,0.73017296702534529,0.99999205817674097,7.9418232590278137e-06,0.0028314700659464024,build/runs/a1-publication/work/nnn_tfim_expensive/checkpoints/response_j2_0p05_L20_neig64.json,184e510da7596ed702560034aa6725c30f060b32fe73e9a933a936a48afcb657
NNN-TFIM,0.050000000000000003,20,35,1.006130837034856e-06,1.0266457449375257e-07,64,9.8001753963932501,0.73017296702534529,0.99999205817674097,7.9418232590278137e-06,0.0028314700659464024,build/runs/a1-publication/work/nnn_tfim_expensive/checkpoints/response_j2_0p05_L20_neig64.json,184e510da7596ed702560034aa6725c30f060b32fe73e9a933a936a48afcb657
NNN-TFIM,0.050000000000000003,20,36,5.4372474560537091e-07,5.5481123920034887e-08,64,9.8001753963932501,0.73017296702534529,0.99999205817674097,7.9418232590278137e-06,0.0028314700659464024,build/runs/a1-publication/work/nnn_tfim_expensive/checkpoints/response_j2_0p05_L20_neig64.json,184e510da7596ed702560034aa6725c30f060b32fe73e9a933a936a48afcb657
NNN-TFIM,0.050000000000000003,20,37,3.9706878329156094e-07,4.0516497637143702e-08,64,9.8001753963932501,0.73017296702534529,0.99999205817674097,7.9418232590278137e-06,0.0028314700659464024,build/runs/a1-publication/work/nnn_tfim_expensive/checkpoints/response_j2_0p05_L20_neig64.json,184e510da7596ed702560034aa6725c30f060b32fe73e9a933a936a48afcb657
NNN-TFIM,0.050000000000000003,20,38,1.3857405472142828e-07,1.413995659428989e-08,64,9.8001753963932501,0.73017296702534529,0.99999205817674097,7.9418232590278137e-06,0.0028314700659464024,build/runs/a1-publication/work/nnn_tfim_expensive/checkpoints/response_j2_0p05_L20_neig64.json,184e510da7596ed702560034aa6725c30f060b32fe73e9a933a936a48afcb657
NNN-TFIM,0.050000000000000003,20,39,1.1343506903387782e-07,1.1574799883237317e-08,64,9.8001753963932501,0.73017296702534529,0.99999205817674097,7.9418232590278137e-06,0.0028314700659464024,build/runs/a1-publication/work/nnn_tfim_expensive/checkpoints/response_j2_0p05_L20_neig64.json,184e510da7596ed702560034aa6725c30f060b32fe73e9a933a936a48afcb657
NNN-TFIM,0.050000000000000003,20,40,9.7200583279361042e-08,9.9182493524691084e-09,64,9.8001753963932501,0.73017296702534529,0.99999205817674097,7.9418232590278137e-06,0.0028314700659464024,build/runs/a1-publication/work/nnn_tfim_expensive/checkpoints/response_j2_0p05_L20_neig64.json,184e510da7596ed702560034aa6725c30f060b32fe73e9a933a936a48afcb657
NNN-TFIM,0.050000000000000003,20,41,1.0884517073830698e-08,1.1106451296613036e-09,64,9.8001753963932501,0.73017296702534529,0.99999205817674097,7.9418232590278137e-06,0.0028314700659464024,build/runs/a1-publication/work/nnn_tfim_expensive/checkpoints/response_j2_0p05_L20_neig64.json,184e510da7596ed702560034aa6725c30f060b32fe73e9a933a936a48afcb657
NNN-TFIM,0.050000000000000003,20,42,8.478111812737267e-09,8.6509796710959467e-10,64,9.8001753963932501,0.73017296702534529,0.99999205817674097,7.9418232590278137e-06,0.0028314700659464024,build/runs/a1-publication/work/nnn_tfim_expensive/checkpoints/response_j2_0p05_L20_neig64.json,184e510da7596ed702560034aa6725c30f060b32fe73e9a933a936a48afcb657
NNN-TFIM,0.050000000000000003,20,43,2.6288062775674208e-09,2.6824073766423591e-10,64,9.8001753963932501,0.73017296702534529,0.99999205817674097,7.9418232590278137e-06,0.0028314700659464024,build/runs/a1-publication/work/nnn_tfim_expensive/checkpoints/response_j2_0p05_L20_neig64.json,184e510da7596ed702560034aa6725c30f060b32fe73e9a933a936a48afcb657
NNN-TFIM,0.050000000000000003,20,44,2.4349765451403229e-09,2.4846254752098264e-10,64,9.8001753963932501,0.73017296702534529,0.99999205817674097,7.9418232590278137e-06,0.0028314700659464024,build/runs/a1-publication/work/nnn_tfim_expensive/checkpoints/response_j2_0p05_L20_neig64.json,184e510da7596ed702560034aa6725c30f060b32fe73e9a933a936a48afcb657
NNN-TFIM,0.050000000000000003,20,45,8.7779359882608827e-11,8.9569172317991554e-12,64,9.8001753963932501,0.73017296702534529,0.99999205817674097,7.9418232590278137e-06,0.0028314700659464024,build/runs/a1-publication/work/nnn_tfim_expensive/checkpoints/response_j2_0p05_L20_neig64.json,184e510da7596ed702560034aa6725c30f060b32fe73e9a933a936a48afcb657
NNN-TFIM,0.050000000000000003,20,46,4.7759910188944494e-12,4.8733730017241867e-13,64,9.8001753963932501,0.73017296702534529,0.99999205817674097,7.9418232590278137e-06,0.0028314700659464024,build/runs/a1-publication/work/nnn_tfim_expensive/checkpoints/response_j2_0p05_L20_neig64.json,184e510da7596ed702560034aa6725c30f060b32fe73e9a933a936a48afcb657
NNN-TFIM,0.050000000000000003,20,47,2.7213770662301063e-21,2.776865674497675e-22,64,9.8001753963932501,0.73017296702534529,0.99999205817674097,7.9418232590278137e-06,0.0028314700659464024,build/runs/a1-publication/work/nnn_tfim_expensive/checkpoints/response_j2_0p05_L20_neig64.json,184e510da7596ed702560034aa6725c30f060b32fe73e9a933a936a48afcb657
NNN-TFIM,0.050000000000000003,20,48,7.2070300697384802e-22,7.3539806975198389e-23,64,9.8001753963932501,0.73017296702534529,0.99999205817674097,7.9418232590278137e-06,0.0028314700659464024,build/runs/a1-publication/work/nnn_tfim_expensive/checkpoints/response_j2_0p05_L20_neig64.json,184e510da7596ed702560034aa6725c30f060b32fe73e9a933a936a48afcb657
NNN-TFIM,0.050000000000000003,20,49,4.6814156609912053e-23,4.776869261660462e-24,64,9.8001753963932501,0.73017296702534529,0.99999205817674097,7.9418232590278137e-06,0.0028314700659464024,build/runs/a1-publication/work/nnn_tfim_expensive/checkpoints/response_j2_0p05_L20_neig64.json,184e510da7596ed702560034aa6725c30f060b32fe73e9a933a936a48afcb657
NNN-TFIM,0.050000000000000003,20,50,1.0855837983180723e-23,1.1077187442151278e-24,64,9.8001753963932501,0.73017296702534529,0.99999205817674097,7.9418232590278137e-06,0.0028314700659464024,build/runs/a1-publication/work/nnn_tfim_expensive/checkpoints/response_j2_0p05_L20_neig64.json,184e510da7596ed702560034aa6725c30f060b32fe73e9a933a936a48afcb657
NNN-TFIM,0.050000000000000003,20,51,4.8418025713391391e-24,4.9405264451910352e-25,64,9.8001753963932501,0.73017296702534529,0.99999205817674097,7.9418232590278137e-06,0.0028314700659464024,build/runs/a1-publication/work/nnn_tfim_expensive/checkpoints/response_j2_0p05_L20_neig64.json,184e510da7596ed702560034aa6725c30f060b32fe73e9a933a936a48afcb657
NNN-TFIM,0.050000000000000003,20,52,8.802898652562919e-25,8.9823888823486184e-26,64,9.8001753963932501,0.73017296702534529,0.99999205817674097,7.9418232590278137e-06,0.0028314700659464024,build/runs/a1-publication/work/nnn_tfim_expensive/checkpoints/response_j2_0p05_L20_neig64.json,184e510da7596ed702560034aa6725c30f060b32fe73e9a933a936a48afcb657
NNN-TFIM,0.050000000000000003,20,53,3.8807539134867479e-26,3.9598821005948303e-27,64,9.8001753963932501,0.73017296702534529,0.99999205817674097,7.9418232590278137e-06,0.0028314700659464024,build/runs/a1-publication/work/nnn_tfim_expensive/checkpoints/response_j2_0p05_L20_neig64.json,184e510da7596ed702560034aa6725c30f060b32fe73e9a933a936a48afcb657
NNN-TFIM,0.050000000000000003,20,54,1.9495912448161095e-26,1.9893432167893811e-27,64,9.8001753963932501,0.73017296702534529,0.99999205817674097,7.9418232590278137e-06,0.0028314700659464024,build/runs/a1-publication/work/nnn_tfim_expensive/checkpoints/response_j2_0p05_L20_neig64.json,184e510da7596ed702560034aa6725c30f060b32fe73e9a933a936a48afcb657
NNN-TFIM,0.050000000000000003,20,55,1.3615517364451118e-26,1.389313641209118e-27,64,9.8001753963932501,0.73017296702534529,0.99999205817674097,7.9418232590278137e-06,0.0028314700659464024,build/runs/a1-publication/work/nnn_tfim_expensive/checkpoints/response_j2_0p05_L20_neig64.json,184e510da7596ed702560034aa6725c30f060b32fe73e9a933a936a48afcb657
NNN-TFIM,0.050000000000000003,20,56,9.9793488974457238e-27,1.0182826830954898e-27,64,9.8001753963932501,0.73017296702534529,0.99999205817674097,7.9418232590278137e-06,0.0028314700659464024,build/runs/a1-publication/work/nnn_tfim_expensive/checkpoints/response_j2_0p05_L20_neig64.json,184e510da7596ed702560034aa6725c30f060b32fe73e9a933a936a48afcb657
NNN-TFIM,0.050000000000000003,20,57,7.2435120892706079e-27,7.3912065818091697e-28,64,9.8001753963932501,0.73017296702534529,0.99999205817674097,7.9418232590278137e-06,0.0028314700659464024,build/runs/a1-publication/work/nnn_tfim_expensive/checkpoints/response_j2_0p05_L20_neig64.json,184e510da7596ed702560034aa6725c30f060b32fe73e9a933a936a48afcb657
NNN-TFIM,0.050000000000000003,20,58,1.135170302457941e-27,1.158316312252653e-28,64,9.8001753963932501,0.73017296702534529,0.99999205817674097,7.9418232590278137e-06,0.0028314700659464024,build/runs/a1-publication/work/nnn_tfim_expensive/checkpoints/response_j2_0p05_L20_neig64.json,184e510da7596ed702560034aa6725c30f060b32fe73e9a933a936a48afcb657
NNN-TFIM,0.050000000000000003,20,59,7.075997252055137e-28,7.22027613368972e-29,64,9.8001753963932501,0.73017296702534529,0.99999205817674097,7.9418232590278137e-06,0.0028314700659464024,build/runs/a1-publication/work/nnn_tfim_expensive/checkpoints/response_j2_0p05_L20_neig64.json,184e510da7596ed702560034aa6725c30f060b32fe73e9a933a936a48afcb657
NNN-TFIM,0.050000000000000003,20,60,1.5369813157405195e-28,1.5683202122139296e-29,64,9.8001753963932501,0.73017296702534529,0.99999205817674097,7.9418232590278137e-06,0.0028314700659464024,build/runs/a1-publication/work/nnn_tfim_expensive/checkpoints/response_j2_0p05_L20_neig64.json,184e510da7596ed702560034aa6725c30f060b32fe73e9a933a936a48afcb657
NNN-TFIM,0.050000000000000003,20,61,1.4718790821830577e-28,1.5018905505760153e-29,64,9.8001753963932501,0.73017296702534529,0.99999205817674097,7.9418232590278137e-06,0.0028314700659464024,build/runs/a1-publication/work/nnn_tfim_expensive/checkpoints/response_j2_0p05_L20_neig64.json,184e510da7596ed702560034aa6725c30f060b32fe73e9a933a936a48afcb657
NNN-TFIM,0.050000000000000003,20,62,1.1719326117086798e-28,1.1958282013401363e-29,64,9.8001753963932501,0.73017296702534529,0.99999205817674097,7.9418232590278137e-06,0.0028314700659464024,build/runs/a1-publication/work/nnn_tfim_expensive/checkpoints/response_j2_0p05_L20_neig64.json,184e510da7596ed702560034aa6725c30f060b32fe73e9a933a936a48afcb657
NNN-TFIM,0.050000000000000003,20,63,5.6237999472356086e-31,5.7384686699641426e-32,64,9.8001753963932501,0.73017296702534529,0.99999205817674097,7.9418232590278137e-06,0.0028314700659464024,build/runs/a1-publication/work/nnn_tfim_expensive/checkpoints/response_j2_0p05_L20_neig64.json,184e510da7596ed702560034aa6725c30f060b32fe73e9a933a936a48afcb657
NNN-TFIM,0.10000000000000001,6,1,0.6186312881666457,0.93924439879314736,160,0.65864783325994447,0.88556114551356768,0.99999983633188894,1.6366811106394152e-07,0.011224354954253344,build/runs/a1-publication/work/nnn_tfim_expensive/checkpoints/response_j2_0p1_L6_neig160.json,cb3076c1413c17bc49c36ae183e5c0397195968b651df9cc021c94f1baf33d42
NNN-TFIM,0.10000000000000001,6,2,0.038271896067253189,0.058106766825343305,160,0.65864783325994447,0.88556114551356768,0.99999983633188894,1.6366811106394152e-07,0.011224354954253344,build/runs/a1-publication/work/nnn_tfim_expensive/checkpoints/response_j2_0p1_L6_neig160.json,cb3076c1413c17bc49c36ae183e5c0397195968b651df9cc021c94f1baf33d42
NNN-TFIM,0.10000000000000001,6,3,0.0013976482006568995,0.0021219962020360863,160,0.65864783325994447,0.88556114551356768,0.99999983633188894,1.6366811106394152e-07,0.011224354954253344,build/runs/a1-publication/work/nnn_tfim_expensive/checkpoints/response_j2_0p1_L6_neig160.json,cb3076c1413c17bc49c36ae183e5c0397195968b651df9cc021c94f1baf33d42
NNN-TFIM,0.10000000000000001,6,4,0.00029394259229035749,0.00044628187848960705,160,0.65864783325994447,0.88556114551356768,0.99999983633188894,1.6366811106394152e-07,0.011224354954253344,build/runs/a1-publication/work/nnn_tfim_expensive/checkpoints/response_j2_0p1_L6_neig160.json,cb3076c1413c17bc49c36ae183e5c0397195968b651df9cc021c94f1baf33d42
NNN-TFIM,0.10000000000000001,6,5,5.2950433451552394e-05,8.0392632872527454e-05,160,0.65864783325994447,0.88556114551356768,0.99999983633188894,1.6366811106394152e-07,0.011224354954253344,build/runs/a1-publication/work/nnn_tfim_expensive/checkpoints/response_j2_0p1_L6_neig160.json,cb3076c1413c17bc49c36ae183e5c0397195968b651df9cc021c94f1baf33d42
NNN-TFIM,0.10000000000000001,8,1,1.1213331733309453,0.90983005245288462,160,1.2324644259747766,0.83407175601659223,0.99999999999947831,5.2169379927136106e-13,0.0074145479715336691,build/runs/a1-publication/work/nnn_tfim_expensive/checkpoints/response_j2_0p1_L8_neig160.json,86c1c5fcdaca3744fc40e80b423aa39bab64be08c7b46e46cecfac67e5f0586f
NNN-TFIM,0.10000000000000001,8,2,0.096753899574654259,0.078504415653319962,160,1.2324644259747766,0.83407175601659223,0.99999999999947831,5.2169379927136106e-13,0.0074145479715336691,build/runs/a1-publication/work/nnn_tfim_expensive/checkpoints/response_j2_0p1_L8_neig160.json,86c1c5fcdaca3744fc40e80b423aa39bab64be08c7b46e46cecfac67e5f0586f
NNN-TFIM,0.10000000000000001,8,3,0.013372088872015601,0.010849878171079375,160,1.2324644259747766,0.83407175601659223,0.99999999999947831,5.2169379927136106e-13,0.0074145479715336691,build/runs/a1-publication/work/nnn_tfim_expensive/checkpoints/response_j2_0p1_L8_neig160.json,86c1c5fcdaca3744fc40e80b423aa39bab64be08c7b46e46cecfac67e5f0586f
NNN-TFIM,0.10000000000000001,8,4,0.00071879352839939587,0.00058321645091775377,160,1.2324644259747766,0.83407175601659223,0.99999999999947831,5.2169379927136106e-13,0.0074145479715336691,build/runs/a1-publication/work/nnn_tfim_expensive/checkpoints/response_j2_0p1_L8_neig160.json,86c1c5fcdaca3744fc40e80b423aa39bab64be08c7b46e46cecfac67e5f0586f
NNN-TFIM,0.10000000000000001,8,5,0.00020123252876148729,0.00016327654131057708,160,1.2324644259747766,0.83407175601659223,0.99999999999947831,5.2169379927136106e-13,0.0074145479715336691,build/runs/a1-publication/work/nnn_tfim_expensive/checkpoints/response_j2_0p1_L8_neig160.json,86c1c5fcdaca3744fc40e80b423aa39bab64be08c7b46e46cecfac67e5f0586f
NNN-TFIM,0.10000000000000001,8,6,3.7494312321325436e-05,3.042222682546846e-05,160,1.2324644259747766,0.83407175601659223,0.99999999999947831,5.2169379927136106e-13,0.0074145479715336691,build/runs/a1-publication/work/nnn_tfim_expensive/checkpoints/response_j2_0p1_L8_neig160.json,86c1c5fcdaca3744fc40e80b423aa39bab64be08c7b46e46cecfac67e5f0586f
NNN-TFIM,0.10000000000000001,8,7,3.3398054455282312e-05,2.7098595100517598e-05,160,1.2324644259747766,0.83407175601659223,0.99999999999947831,5.2169379927136106e-13,0.0074145479715336691,build/runs/a1-publication/work/nnn_tfim_expensive/checkpoints/response_j2_0p1_L8_neig160.json,86c1c5fcdaca3744fc40e80b423aa39bab64be08c7b46e46cecfac67e5f0586f
NNN-TFIM,0.10000000000000001,8,8,1.0474016707112615e-05,8.4984332905418691e-06,160,1.2324644259747766,0.83407175601659223,0.99999999999947831,5.2169379927136106e-13,0.0074145479715336691,build/runs/a1-publication/work/nnn_tfim_expensive/checkpoints/response_j2_0p1_L8_neig160.json,86c1c5fcdaca3744fc40e80b423aa39bab64be08c7b46e46cecfac67e5f0586f
NNN-TFIM,0.10000000000000001,8,9,1.8817934144488876e-06,1.5268541426342151e-06,160,1.2324644259747766,0.83407175601659223,0.99999999999947831,5.2169379927136106e-13,0.0074145479715336691,build/runs/a1-publication/work/nnn_tfim_expensive/checkpoints/response_j2_0p1_L8_neig160.json,86c1c5fcdaca3744fc40e80b423aa39bab64be08c7b46e46cecfac67e5f0586f
NNN-TFIM,0.10000000000000001,8,10,1.5646197880980051e-06,1.2695050300218777e-06,160,1.2324644259747766,0.83407175601659223,0.99999999999947831,5.2169379927136106e-13,0.0074145479715336691,build/runs/a1-publication/work/nnn_tfim_expensive/checkpoints/response_j2_0p1_L8_neig160.json,86c1c5fcdaca3744fc40e80b423aa39bab64be08c7b46e46cecfac67e5f0586f
NNN-TFIM,0.10000000000000001,8,11,4.0323957770594813e-07,3.2718151470134257e-07,160,1.2324644259747766,0.83407175601659223,0.99999999999947831,5.2169379927136106e-13,0.0074145479715336691,build/runs/a1-publication/work/nnn_tfim_expensive/checkpoints/response_j2_0p1_L8_neig160.json,86c1c5fcdaca3744fc40e80b423aa39bab64be08c7b46e46cecfac67e5f0586f
NNN-TFIM,0.10000000000000001,8,12,1.2477301797028392e-08,1.0123863645930297e-08,160,1.2324644259747766,0.83407175601659223,0.99999999999947831,5.2169379927136106e-13,0.0074145479715336691,build/runs/a1-publication/work/nnn_tfim_expensive/checkpoints/response_j2_0p1_L8_neig160.json,86c1c5fcdaca3744fc40e80b423aa39bab64be08c7b46e46cecfac67e5f0586f
NNN-TFIM,0.10000000000000001,8,13,9.0295894552828364e-09,7.3264503745340837e-09,160,1.2324644259747766,0.83407175601659223,0.99999999999947831,5.2169379927136106e-13,0.0074145479715336691,build/runs/a1-publication/work/nnn_tfim_expensive/checkpoints/response_j2_0p1_L8_neig160.json,86c1c5fcdaca3744fc40e80b423aa39bab64be08c7b46e46cecfac67e5f0586f
NNN-TFIM,0.10000000000000001,8,14,4.3815313161027117e-10,3.5550975945105158e-10,160,1.2324644259747766,0.83407175601659223,0.99999999999947831,5.2169379927136106e-13,0.0074145479715336691,build/runs/a1-publication/work/nnn_tfim_expensive/checkpoints/response_j2_0p1_L8_neig160.json,86c1c5fcdaca3744fc40e80b423aa39bab64be08c7b46e46cecfac67e5f0586f
NNN-TFIM,0.10000000000000001,8,15,1.5804922688483334e-10,1.2823836822700142e-10,160,1.2324644259747766,0.83407175601659223,0.99999999999947831,5.2169379927136106e-13,0.0074145479715336691,build/runs/a1-publication/work/nnn_tfim_expensive/checkpoints/response_j2_0p1_L8_neig160.json,86c1c5fcdaca3744fc40e80b423aa39bab64be08c7b46e46cecfac67e5f0586f
NNN-TFIM,0.10000000000000001,8,16,1.9350262753380706e-34,1.5700463514860693e-34,160,1.2324644259747766,0.83407175601659223,0.99999999999947831,5.2169379927136106e-13,0.0074145479715336691,build/runs/a1-publication/work/nnn_tfim_expensive/checkpoints/response_j2_0p1_L8_neig160.json,86c1c5fcdaca3744fc40e80b423aa39bab64be08c7b46e46cecfac67e5f0586f
NNN-TFIM,0.10000000000000001,8,17,9.2049516792552842e-35,7.4687362046778225e-35,160,1.2324644259747766,0.83407175601659223,0.99999999999947831,5.2169379927136106e-13,0.0074145479715336691,build/runs/a1-publication/work/nnn_tfim_expensive/checkpoints/response_j2_0p1_L8_neig160.json,86c1c5fcdaca3744fc40e80b423aa39bab64be08c7b46e46cecfac67e5f0586f
NNN-TFIM,0.10000000000000001,10,1,1.7585242521243802,0.89000889602989253,160,1.9758501965190662,0.80018646144976346,1.0000000000000002,0,0.0065713003063757776,build/runs/a1-publication/work/nnn_tfim_expensive/checkpoints/response_j2_0p1_L10_neig160.json,da4ac9e09de50b84e4fb973dc2eeb3293af5c86c21f8878d1344adcaadb63b20
NNN-TFIM,0.10000000000000001,10,2,0.1735818666875151,0.087851734404420526,160,1.9758501965190662,0.80018646144976346,1.0000000000000002,0,0.0065713003063757776,build/runs/a1-publication/work/nnn_tfim_expensive/checkpoints/response_j2_0p1_L10_neig160.json,da4ac9e09de50b84e4fb973dc2eeb3293af5c86c21f8878d1344adcaadb63b20
NNN-TFIM,0.10000000000000001,10,3,0.036534303452684741,0.018490421752139243,160,1.9758501965190662,0.80018646144976346,1.0000000000000002,0,0.0065713003063757776,build/runs/a1-publication/work/nnn_tfim_expensive/checkpoints/response_j2_0p1_L10_neig160.json,da4ac9e09de50b84e4fb973dc2eeb3293af5c86c21f8878d1344adcaadb63b20
NNN-TFIM,0.10000000000000001,10,4,0.006479052839029051,0.0032791214892927893,160,1.9758501965190662,0.80018646144976346,1.0000000000000002,0,0.0065713003063757776,build/runs/a1-publication/work/nnn_tfim_expensive/checkpoints/response_j2_0p1_L10_neig160.json,da4ac9e09de50b84e4fb973dc2eeb3293af5c86c21f8878d1344adcaadb63b20
NNN-TFIM,0.10000000000000001,10,5,0.00041114610397419214,0.00020808566595712801,160,1.9758501965190662,0.80018646144976346,1.0000000000000002,0,0.0065713003063757776,build/runs/a1-publication/work/nnn_tfim_expensive/checkpoints/response_j2_0p1_L10_neig160.json,da4ac9e09de50b84e4fb973dc2eeb3293af5c86c21f8878d1344adcaadb63b20
NNN-TFIM,0.10000000000000001,10,6,0.00015402421404605245,7.7953386505415757e-05,160,1.9758501965190662,0.80018646144976346,1.0000000000000002,0,0.0065713003063757776,build/runs/a1-publication/work/nnn_tfim_expensive/checkpoints/response_j2_0p1_L10_neig160.json,da4ac9e09de50b84e4fb973dc2eeb3293af5c86c21f8878d1344adcaadb63b20
NNN-TFIM,0.10000000000000001,10,7,5.7758953899645035e-05,2.9232455983455263e-05,160,1.9758501965190662,0.80018646144976346,1.0000000000000002,0,0.0065713003063757776,build/runs/a1-publication/work/nnn_tfim_expensive/checkpoints/response_j2_0p1_L10_neig160.json,da4ac9e09de50b84e4fb973dc2eeb3293af5c86c21f8878d1344adcaadb63b20
NNN-TFIM,0.10000000000000001,10,8,2.9843369408360803e-05,1.5104064802552872e-05,160,1.9758501965190662,0.80018646144976346,1.0000000000000002,0,0.0065713003063757776,build/runs/a1-publication/work/nnn_tfim_expensive/checkpoints/response_j2_0p1_L10_neig160.json,da4ac9e09de50b84e4fb973dc2eeb3293af5c86c21f8878d1344adcaadb63b20
NNN-TFIM,0.10000000000000001,10,9,2.6041195522523868e-05,1.317974184905398e-05,160,1.9758501965190662,0.80018646144976346,1.0000000000000002,0,0.0065713003063757776,build/runs/a1-publication/work/nnn_tfim_expensive/checkpoints/response_j2_0p1_L10_neig160.json,da4ac9e09de50b84e4fb973dc2eeb3293af5c86c21f8878d1344adcaadb63b20
NNN-TFIM,0.10000000000000001,10,10,2.5677013805749368e-05,1.2995425387504367e-05,160,1.9758501965190662,0.80018646144976346,1.0000000000000002,0,0.0065713003063757776,build/runs/a1-publication/work/nnn_tfim_expensive/checkpoints/response_j2_0p1_L10_neig160.json,da4ac9e09de50b84e4fb973dc2eeb3293af5c86c21f8878d1344adcaadb63b20
NNN-TFIM,0.10000000000000001,10,11,1.4472612816669104e-05,7.3247520698512878e-06,160,1.9758501965190662,0.80018646144976346,1.0000000000000002,0,0.0065713003063757776,build/runs/a1-publication/work/nnn_tfim_expensive/checkpoints/response_j2_0p1_L10_neig160.json,da4ac9e09de50b84e4fb973dc2eeb3293af5c86c21f8878d1344adcaadb63b20
NNN-TFIM,0.10000000000000001,10,12,4.5931112909281035e-06,2.3246252671482736e-06,160,1.9758501965190662,0.80018646144976346,1.0000000000000002,0,0.0065713003063757776,build/runs/a1-publication/work/nnn_tfim_expensive/checkpoints/response_j2_0p1_L10_neig160.json,da4ac9e09de50b84e4fb973dc2eeb3293af5c86c21f8878d1344adcaadb63b20
NNN-TFIM,0.10000000000000001,10,13,3.5634639239907286e-06,1.8035091578646117e-06,160,1.9758501965190662,0.80018646144976346,1.0000000000000002,0,0.0065713003063757776,build/runs/a1-publication/work/nnn_tfim_expensive/checkpoints/response_j2_0p1_L10_neig160.json,da4ac9e09de50b84e4fb973dc2eeb3293af5c86c21f8878d1344adcaadb63b20
NNN-TFIM,0.10000000000000001,10,14,2.119972854998092e-06,1.0729420979044527e-06,160,1.9758501965190662,0.80018646144976346,1.0000000000000002,0,0.0065713003063757776,build/runs/a1-publication/work/nnn_tfim_expensive/checkpoints/response_j2_0p1_L10_neig160.json,da4ac9e09de50b84e4fb973dc2eeb3293af5c86c21f8878d1344adcaadb63b20
NNN-TFIM,0.10000000000000001,10,15,5.9371192458663022e-07,3.0048428045435638e-07,160,1.9758501965190662,0.80018646144976346,1.0000000000000002,0,0.0065713003063757776,build/runs/a1-publication/work/nnn_tfim_expensive/checkpoints/response_j2_0p1_L10_neig160.json,da4ac9e09de50b84e4fb973dc2eeb3293af5c86c21f8878d1344adcaadb63b20
NNN-TFIM,0.10000000000000001,10,16,3.0971891655031686e-07,1.5675222600172877e-07,160,1.9758501965190662,0.80018646144976346,1.0000000000000002,0,0.0065713003063757776,build/runs/a1-publication/work/nnn_tfim_expensive/checkpoints/response_j2_0p1_L10_neig160.json,da4ac9e09de50b84e4fb973dc2eeb3293af5c86c21f8878d1344adcaadb63b20
NNN-TFIM,0.10000000000000001,10,17,2.7798856989351474e-07,1.4069314079744418e-07,160,1.9758501965190662,0.80018646144976346,1.0000000000000002,0,0.0065713003063757776,build/runs/a1-publication/work/nnn_tfim_expensive/checkpoints/response_j2_0p1_L10_neig160.json,da4ac9e09de50b84e4fb973dc2eeb3293af5c86c21f8878d1344adcaadb63b20
NNN-TFIM,0.10000000000000001,10,18,2.1066902730422952e-07,1.0662196338334431e-07,160,1.9758501965190662,0.80018646144976346,1.0000000000000002,0,0.0065713003063757776,build/runs/a1-publication/work/nnn_tfim_expensive/checkpoints/response_j2_0p1_L10_neig160.json,da4ac9e09de50b84e4fb973dc2eeb3293af5c86c21f8878d1344adcaadb63b20
NNN-TFIM,0.10000000000000001,10,19,3.7406024937170751e-08,1.8931609796669015e-08,160,1.9758501965190662,0.80018646144976346,1.0000000000000002,0,0.0065713003063757776,build/runs/a1-publication/work/nnn_tfim_expensive/checkpoints/response_j2_0p1_L10_neig160.json,da4ac9e09de50b84e4fb973dc2eeb3293af5c86c21f8878d1344adcaadb63b20
NNN-TFIM,0.10000000000000001,10,20,2.1923038416294038e-08,1.109549623494571e-08,160,1.9758501965190662,0.80018646144976346,1.0000000000000002,0,0.0065713003063757776,build/runs/a1-publication/work/nnn_tfim_expensive/checkpoints/response_j2_0p1_L10_neig160.json,da4ac9e09de50b84e4fb973dc2eeb3293af5c86c21f8878d1344adcaadb63b20
NNN-TFIM,0.10000000000000001,10,21,1.1720208643093415e-08,5.9317293708507718e-09,160,1.9758501965190662,0.80018646144976346,1.0000000000000002,0,0.0065713003063757776,build/runs/a1-publication/work/nnn_tfim_expensive/checkpoints/response_j2_0p1_L10_neig160.json,da4ac9e09de50b84e4fb973dc2eeb3293af5c86c21f8878d1344adcaadb63b20
NNN-TFIM,0.10000000000000001,10,22,1.1567448886465611e-08,5.8544159404617035e-09,160,1.9758501965190662,0.80018646144976346,1.0000000000000002,0,0.0065713003063757776,build/runs/a1-publication/work/nnn_tfim_expensive/checkpoints/response_j2_0p1_L10_neig160.json,da4ac9e09de50b84e4fb973dc2eeb3293af5c86c21f8878d1344adcaadb63b20
NNN-TFIM,0.10000000000000001,10,23,3.9752000627974148e-09,2.0118934470845424e-09,160,1.9758501965190662,0.80018646144976346,1.0000000000000002,0,0.0065713003063757776,build/runs/a1-publication/work/nnn_tfim_expensive/checkpoints/response_j2_0p1_L10_neig160.json,da4ac9e09de50b84e4fb973dc2eeb3293af5c86c21f8878d1344adcaadb63b20
NNN-TFIM,0.10000000000000001,10,24,1.3684493100562135e-09,6.9258758202775951e-10,160,1.9758501965190662,0.80018646144976346,1.0000000000000002,0,0.0065713003063757776,build/runs/a1-publication/work/nnn_tfim_expensive/checkpoints/response_j2_0p1_L10_neig160.json,da4ac9e09de50b84e4fb973dc2eeb3293af5c86c21f8878d1344adcaadb63b20
NNN-TFIM,0.10000000000000001,10,25,9.1292043248478453e-10,4.6203929533378227e-10,160,1.9758501965190662,0.80018646144976346,1.0000000000000002,0,0.0065713003063757776,build/runs/a1-publication/work/nnn_tfim_expensive/checkpoints/response_j2_0p1_L10_neig160.json,da4ac9e09de50b84e4fb973dc2eeb3293af5c86c21f8878d1344adcaadb63b20
NNN-TFIM,0.10000000000000001,10,26,1.2203474075722521e-10,6.1763154399163798e-11,160,1.9758501965190662,0.80018646144976346,1.0000000000000002,0,0.0065713003063757776,build/runs/a1-publication/work/nnn_tfim_expensive/checkpoints/response_j2_0p1_L10_neig160.json,da4ac9e09de50b84e4fb973dc2eeb3293af5c86c21f8878d1344adcaadb63b20
NNN-TFIM,0.10000000000000001,10,27,1.131848596476213e-10,5.728413006564139e-11,160,1.9758501965190662,0.80018646144976346,1.0000000000000002,0,0.0065713003063757776,build/runs/a1-publication/work/nnn_tfim_expensive/checkpoints/response_j2_0p1_L10_neig160.json,da4ac9e09de50b84e4fb973dc2eeb3293af5c86c21f8878d1344adcaadb63b20
NNN-TFIM,0.10000000000000001,10,28,1.0599961709095364e-10,5.3647598020182593e-11,160,1.9758501965190662,0.80018646144976346,1.0000000000000002,0,0.0065713003063757776,build/runs/a1-publication/work/nnn_tfim_expensive/checkpoints/response_j2_0p1_L10_neig160.json,da4ac9e09de50b84e4fb973dc2eeb3293af5c86c21f8878d1344adcaadb63b20
NNN-TFIM,0.10000000000000001,10,29,6.2506310854074311e-11,3.1635146715168062e-11,160,1.9758501965190662,0.80018646144976346,1.0000000000000002,0,0.0065713003063757776,build/runs/a1-publication/work/nnn_tfim_expensive/checkpoints/response_j2_0p1_L10_neig160.json,da4ac9e09de50b84e4fb973dc2eeb3293af5c86c21f8878d1344adcaadb63b20
NNN-TFIM,0.10000000000000001,10,30,1.4386107205141115e-11,7.2809706072280635e-12,160,1.9758501965190662,0.80018646144976346,1.0000000000000002,0,0.0065713003063757776,build/runs/a1-publication/work/nnn_tfim_expensive/checkpoints/response_j2_0p1_L10_neig160.json,da4ac9e09de50b84e4fb973dc2eeb3293af5c86c21f8878d1344adcaadb63b20
NNN-TFIM,0.10000000000000001,10,31,9.6012594701436957e-12,4.8593053699408062e-12,160,1.9758501965190662,0.80018646144976346,1.0000000000000002,0,0.0065713003063757776,build/runs/a1-publication/work/nnn_tfim_expensive/checkpoints/response_j2_0p1_L10_neig160.json,da4ac9e09de50b84e4fb973dc2eeb3293af5c86c21f8878d1344adcaadb63b20
NNN-TFIM,0.10000000000000001,10,32,8.0011557107945355e-12,4.0494748665108769e-12,160,1.9758501965190662,0.80018646144976346,1.0000000000000002,0,0.0065713003063757776,build/runs/a1-publication/work/nnn_tfim_expensive/checkpoints/response_j2_0p1_L10_neig160.json,da4ac9e09de50b84e4fb973dc2eeb3293af5c86c21f8878d1344adcaadb63b20
NNN-TFIM,0.10000000000000001,10,33,5.413833914703551e-12,2.7400022148649313e-12,160,1.9758501965190662,0.80018646144976346,1.0000000000000002,0,0.0065713003063757776,build/runs/a1-publication/work/nnn_tfim_expensive/checkpoints/response_j2_0p1_L10_neig160.json,da4ac9e09de50b84e4fb973dc2eeb3293af5c86c21f8878d1344adcaadb63b20
NNN-TFIM,0.10000000000000001,10,34,4.2958656923199081e-13,2.174185927601245e-13,160,1.9758501965190662,0.80018646144976346,1.0000000000000002,0,0.0065713003063757776,build/runs/a1-publication/work/nnn_tfim_expensive/checkpoints/response_j2_0p1_L10_neig160.json,da4ac9e09de50b84e4fb973dc2eeb3293af5c86c21f8878d1344adcaadb63b20
NNN-TFIM,0.10000000000000001,10,35,2.2944052320757906e-13,1.1612242851800886e-13,160,1.9758501965190662,0.80018646144976346,1.0000000000000002,0,0.0065713003063757776,build/runs/a1-publication/work/nnn_tfim_expensive/checkpoints/response_j2_0p1_L10_neig160.json,da4ac9e09de50b84e4fb973dc2eeb3293af5c86c21f8878d1344adcaadb63b20
NNN-TFIM,0.10000000000000001,10,36,1.8155282706012377e-13,9.1885927070773175e-14,160,1.9758501965190662,0.80018646144976346,1.0000000000000002,0,0.0065713003063757776,build/runs/a1-publication/work/nnn_tfim_expensive/checkpoints/response_j2_0p1_L10_neig160.json,da4ac9e09de50b84e4fb973dc2eeb3293af5c86c21f8878d1344adcaadb63b20
NNN-TFIM,0.10000000000000001,10,37,1.2047334431706599e-13,6.0972914105182999e-14,160,1.9758501965190662,0.80018646144976346,1.0000000000000002,0,0.0065713003063757776,build/runs/a1-publication/work/nnn_tfim_expensive/checkpoints/response_j2_0p1_L10_neig160.json,da4ac9e09de50b84e4fb973dc2eeb3293af5c86c21f8878d1344adcaadb63b20
NNN-TFIM,0.10000000000000001,10,38,7.6958238310151794e-14,3.8949429691447346e-14,160,1.9758501965190662,0.80018646144976346,1.0000000000000002,0,0.0065713003063757776,build/runs/a1-publication/work/nnn_tfim_expensive/checkpoints/response_j2_0p1_L10_neig160.json,da4ac9e09de50b84e4fb973dc2eeb3293af5c86c21f8878d1344adcaadb63b20
NNN-TFIM,0.10000000000000001,10,39,1.9094308176879457e-14,9.6638440558493032e-15,160,1.9758501965190662,0.80018646144976346,1.0000000000000002,0,0.0065713003063757776,build/runs/a1-publication/work/nnn_tfim_expensive/checkpoints/response_j2_0p1_L10_neig160.json,da4ac9e09de50b84e4fb973dc2eeb3293af5c86c21f8878d1344adcaadb63b20
NNN-TFIM,0.10000000000000001,10,40,1.4242122244480326e-16,7.2080981997376313e-17,160,1.9758501965190662,0.80018646144976346,1.0000000000000002,0,0.0065713003063757776,build/runs/a1-publication/work/nnn_tfim_expensive/checkpoints/response_j2_0p1_L10_neig160.json,da4ac9e09de50b84e4fb973dc2eeb3293af5c86c21f8878d1344adcaadb63b20
NNN-TFIM,0.10000000000000001,10,41,1.3140403553760704e-18,6.6505059831512913e-19,160,1.9758501965190662,0.80018646144976346,1.0000000000000002,0,0.0065713003063757776,build/runs/a1-publication/work/nnn_tfim_expensive/checkpoints/response_j2_0p1_L10_neig160.json,da4ac9e09de50b84e4fb973dc2eeb3293af5c86c21f8878d1344adcaadb63b20
NNN-TFIM,0.10000000000000001,10,42,2.831319800572462e-29,1.432962785114231e-29,160,1.9758501965190662,0.80018646144976346,1.0000000000000002,0,0.0065713003063757776,build/runs/a1-publication/work/nnn_tfim_expensive/checkpoints/response_j2_0p1_L10_neig160.json,da4ac9e09de50b84e4fb973dc2eeb3293af5c86c21f8878d1344adcaadb63b20
NNN-TFIM,0.10000000000000001,10,43,4.5900244431733459e-31,2.3230629787925089e-31,160,1.9758501965190662,0.80018646144976346,1.0000000000000002,0,0.0065713003063757776,build/runs/a1-publication/work/nnn_tfim_expensive/checkpoints/response_j2_0p1_L10_neig160.json,da4ac9e09de50b84e4fb973dc2eeb3293af5c86c21f8878d1344adcaadb63b20
NNN-TFIM,0.10000000000000001,10,44,2.4319330908367415e-32,1.2308286807983594e-32,160,1.9758501965190662,0.80018646144976346,1.0000000000000002,0,0.0065713003063757776,build/runs/a1-publication/work/nnn_tfim_expensive/checkpoints/response_j2_0p1_L10_neig160.json,da4ac9e09de50b84e4fb973dc2eeb3293af5c86c21f8878d1344adcaadb63b20
NNN-TFIM,0.10000000000000001,10,45,1.7569565620613043e-32,8.8921547046259094e-33,160,1.9758501965190662,0.80018646144976346,1.0000000000000002,0,0.0065713003063757776,build/runs/a1-publication/work/nnn_tfim_expensive/checkpoints/response_j2_0p1_L10_neig160.json,da4ac9e09de50b84e4fb973dc2eeb3293af5c86c21f8878d1344adcaadb63b20
NNN-TFIM,0.10000000000000001,10,46,1.0508358360179788e-32,5.3183983171865865e-33,160,1.9758501965190662,0.80018646144976346,1.0000000000000002,0,0.0065713003063757776,build/runs/a1-publication/work/nnn_tfim_expensive/checkpoints/response_j2_0p1_L10_neig160.json,da4ac9e09de50b84e4fb973dc2eeb3293af5c86c21f8878d1344adcaadb63b20
NNN-TFIM,0.10000000000000001,10,47,1.5742542381868137e-33,7.9674777012965866e-34,160,1.9758501965190662,0.80018646144976346,1.0000000000000002,0,0.0065713003063757776,build/runs/a1-publication/work/nnn_tfim_expensive/checkpoints/response_j2_0p1_L10_neig160.json,da4ac9e09de50b84e4fb973dc2eeb3293af5c86c21f8878d1344adcaadb63b20
NNN-TFIM,0.10000000000000001,10,48,3.5446271414582202e-34,1.7939756504328772e-34,160,1.9758501965190662,0.80018646144976346,1.0000000000000002,0,0.0065713003063757776,build/runs/a1-publication/work/nnn_tfim_expensive/checkpoints/response_j2_0p1_L10_neig160.json,da4ac9e09de50b84e4fb973dc2eeb3293af5c86c21f8878d1344adcaadb63b20
NNN-TFIM,0.10000000000000001,10,49,2.6367765067766739e-34,1.3345022367697652e-34,160,1.9758501965190662,0.80018646144976346,1.0000000000000002,0,0.0065713003063757776,build/runs/a1-publication/work/nnn_tfim_expensive/checkpoints/response_j2_0p1_L10_neig160.json,da4ac9e09de50b84e4fb973dc2eeb3293af5c86c21f8878d1344adcaadb63b20
NNN-TFIM,0.10000000000000001,10,50,1.012739341760328e-35,5.1255876763557838e-36,160,1.9758501965190662,0.80018646144976346,1.0000000000000002,0,0.0065713003063757776,build/runs/a1-publication/work/nnn_tfim_expensive/checkpoints/response_j2_0p1_L10_neig160.json,da4ac9e09de50b84e4fb973dc2eeb3293af5c86c21f8878d1344adcaadb63b20
NNN-TFIM,0.10000000000000001,10,51,8.7558537778419143e-36,4.4314360437180157e-36,160,1.9758501965190662,0.80018646144976346,1.0000000000000002,0,0.0065713003063757776,build/runs/a1-publication/work/nnn_tfim_expensive/checkpoints/response_j2_0p1_L10_neig160.json,da4ac9e09de50b84e4fb973dc2eeb3293af5c86c21f8878d1344adcaadb63b20
NNN-TFIM,0.10000000000000001,10,52,3.3385880349468016e-36,1.6896969420194529e-36,160,1.9758501965190662,0.80018646144976346,1.0000000000000002,0,0.0065713003063757776,build/runs/a1-publication/work/nnn_tfim_expensive/checkpoints/response_j2_0p1_L10_neig160.json,da4ac9e09de50b84e4fb973dc2eeb3293af5c86c21f8878d1344adcaadb63b20
NNN-TFIM,0.10000000000000001,10,53,5.7132048048161374e-37,2.8915171883381226e-37,160,1.9758501965190662,0.80018646144976346,1.0000000000000002,0,0.0065713003063757776,build/runs/a1-publication/work/nnn_tfim_expensive/checkpoints/response_j2_0p1_L10_neig160.json,da4ac9e09de50b84e4fb973dc2eeb3293af5c86c21f8878d1344adcaadb63b20
NNN-TFIM,0.10000000000000001,12,1,2.5323329643175545,0.87620082465997529,160,2.890128487724569,0.77681687802231947,1.0000000000000266,0,0.0059917353394472687,build/runs/a1-publication/work/nnn_tfim_expensive/checkpoints/response_j2_0p1_L12_neig160.json,b68921661e70386d904925ac39557d2a94bca347f71dee95046d3149ec90056f
NNN-TFIM,0.10000000000000001,12,2,0.26606303306021734,0.092059240338373954,160,2.890128487724569,0.77681687802231947,1.0000000000000266,0,0.0059917353394472687,build/runs/a1-publication/work/nnn_tfim_expensive/checkpoints/response_j2_0p1_L12_neig160.json,b68921661e70386d904925ac39557d2a94bca347f71dee95046d3149ec90056f
NNN-TFIM,0.10000000000000001,12,3,0.069206597072528575,0.023945854783437574,160,2.890128487724569,0.77681687802231947,1.0000000000000266,0,0.0059917353394472687,build/runs/a1-publication/work/nnn_tfim_expensive/checkpoints/response_j2_0p1_L12_neig160.json,b68921661e70386d904925ac39557d2a94bca347f71dee95046d3149ec90056f
NNN-TFIM,0.10000000000000001,12,4,0.018088685963783629,0.0062587826252752717,160,2.890128487724569,0.77681687802231947,1.0000000000000266,0,0.0059917353394472687,build/runs/a1-publication/work/nnn_tfim_expensive/checkpoints/response_j2_0p1_L12_neig160.json,b68921661e70386d904925ac39557d2a94bca347f71dee95046d3149ec90056f
NNN-TFIM,0.10000000000000001,12,5,0.0035307208645358251,0.001221648407512706,160,2.890128487724569,0.77681687802231947,1.0000000000000266,0,0.0059917353394472687,build/runs/a1-publication/work/nnn_tfim_expensive/checkpoints/response_j2_0p1_L12_neig160.json,b68921661e70386d904925ac39557d2a94bca347f71dee95046d3149ec90056f
NNN-TFIM,0.10000000000000001,12,6,0.00028476252068969051,9.8529363624897965e-05,160,2.890128487724569,0.77681687802231947,1.0000000000000266,0,0.0059917353394472687,build/runs/a1-publication/work/nnn_tfim_expensive/checkpoints/response_j2_0p1_L12_neig160.json,b68921661e70386d904925ac39557d2a94bca347f71dee95046d3149ec90056f
NNN-TFIM,0.10000000000000001,12,7,0.0002558783420395008,8.853528247145743e-05,160,2.890128487724569,0.77681687802231947,1.0000000000000266,0,0.0059917353394472687,build/runs/a1-publication/work/nnn_tfim_expensive/checkpoints/response_j2_0p1_L12_neig160.json,b68921661e70386d904925ac39557d2a94bca347f71dee95046d3149ec90056f
NNN-TFIM,0.10000000000000001,12,8,9.8150283329505826e-05,3.3960525888861314e-05,160,2.890128487724569,0.77681687802231947,1.0000000000000266,0,0.0059917353394472687,build/runs/a1-publication/work/nnn_tfim_expensive/checkpoints/response_j2_0p1_L12_neig160.json,b68921661e70386d904925ac39557d2a94bca347f71dee95046d3149ec90056f
NNN-TFIM,0.10000000000000001,12,9,7.7131076091629583e-05,2.6687767142268391e-05,160,2.890128487724569,0.77681687802231947,1.0000000000000266,0,0.0059917353394472687,build/runs/a1-publication/work/nnn_tfim_expensive/checkpoints/response_j2_0p1_L12_neig160.json,b68921661e70386d904925ac39557d2a94bca347f71dee95046d3149ec90056f
NNN-TFIM,0.10000000000000001,12,10,6.8983817827377122e-05,2.3868771966497886e-05,160,2.890128487724569,0.77681687802231947,1.0000000000000266,0,0.0059917353394472687,build/runs/a1-publication/work/nnn_tfim_expensive/checkpoints/response_j2_0p1_L12_neig160.json,b68921661e70386d904925ac39557d2a94bca347f71dee95046d3149ec90056f
NNN-TFIM,0.10000000000000001,12,11,5.2060082486654503e-05,1.8013068521961111e-05,160,2.890128487724569,0.77681687802231947,1.0000000000000266,0,0.0059917353394472687,build/runs/a1-publication/work/nnn_tfim_expensive/checkpoints/response_j2_0p1_L12_neig160.json,b68921661e70386d904925ac39557d2a94bca347f71dee95046d3149ec90056f
NNN-TFIM,0.10000000000000001,12,12,1.807994564227873e-05,6.2557584270287156e-06,160,2.890128487724569,0.77681687802231947,1.0000000000000266,0,0.0059917353394472687,build/runs/a1-publication/work/nnn_tfim_expensive/checkpoints/response_j2_0p1_L12_neig160.json,b68921661e70386d904925ac39557d2a94bca347f71dee95046d3149ec90056f
NNN-TFIM,0.10000000000000001,12,13,1.6167225210184153e-05,5.5939468708233083e-06,160,2.890128487724569,0.77681687802231947,1.0000000000000266,0,0.0059917353394472687,build/runs/a1-publication/work/nnn_tfim_expensive/checkpoints/response_j2_0p1_L12_neig160.json,b68921661e70386d904925ac39557d2a94bca347f71dee95046d3149ec90056f
NNN-TFIM,0.10000000000000001,12,14,1.4571073190124734e-05,5.0416696877019144e-06,160,2.890128487724569,0.77681687802231947,1.0000000000000266,0,0.0059917353394472687,build/runs/a1-publication/work/nnn_tfim_expensive/checkpoints/response_j2_0p1_L12_neig160.json,b68921661e70386d904925ac39557d2a94bca347f71dee95046d3149ec90056f
NNN-TFIM,0.10000000000000001,12,15,6.0927164181452511e-06,2.1081126475944727e-06,160,2.890128487724569,0.77681687802231947,1.0000000000000266,0,0.0059917353394472687,build/runs/a1-publication/work/nnn_tfim_expensive/checkpoints/response_j2_0p1_L12_neig160.json,b68921661e70386d904925ac39557d2a94bca347f71dee95046d3149ec90056f
NNN-TFIM,0.10000000000000001,12,16,3.4057972281177204e-06,1.178424157466834e-06,160,2.890128487724569,0.77681687802231947,1.0000000000000266,0,0.0059917353394472687,build/runs/a1-publication/work/nnn_tfim_expensive/checkpoints/response_j2_0p1_L12_neig160.json,b68921661e70386d904925ac39557d2a94bca347f71dee95046d3149ec90056f
NNN-TFIM,0.10000000000000001,12,17,2.0960247190355207e-06,7.2523582530607302e-07,160,2.890128487724569,0.77681687802231947,1.0000000000000266,0,0.0059917353394472687,build/runs/a1-publication/work/nnn_tfim_expensive/checkpoints/response_j2_0p1_L12_neig160.json,b68921661e70386d904925ac39557d2a94bca347f71dee95046d3149ec90056f
NNN-TFIM,0.10000000000000001,12,18,1.8364020849497381e-06,6.3540499764962293e-07,160,2.890128487724569,0.77681687802231947,1.0000000000000266,0,0.0059917353394472687,build/runs/a1-publication/work/nnn_tfim_expensive/checkpoints/response_j2_0p1_L12_neig160.json,b68921661e70386d904925ac39557d2a94bca347f71dee95046d3149ec90056f
NNN-TFIM,0.10000000000000001,12,19,1.6193969462984417e-06,5.603200526124053e-07,160,2.890128487724569,0.77681687802231947,1.0000000000000266,0,0.0059917353394472687,build/runs/a1-publication/work/nnn_tfim_expensive/checkpoints/response_j2_0p1_L12_neig160.json,b68921661e70386d904925ac39557d2a94bca347f71dee95046d3149ec90056f
NNN-TFIM,0.10000000000000001,12,20,1.3071441076256515e-06,4.5227889112112828e-07,160,2.890128487724569,0.77681687802231947,1.0000000000000266,0,0.0059917353394472687,build/runs/a1-publication/work/nnn_tfim_expensive/checkpoints/response_j2_0p1_L12_neig160.json,b68921661e70386d904925ac39557d2a94bca347f71dee95046d3149ec90056f
NNN-TFIM,0.10000000000000001,12,21,1.1149969375647494e-06,3.8579493690351435e-07,160,2.890128487724569,0.77681687802231947,1.0000000000000266,0,0.0059917353394472687,build/runs/a1-publication/work/nnn_tfim_expensive/checkpoints/response_j2_0p1_L12_neig160.json,b68921661e70386d904925ac39557d2a94bca347f71dee95046d3149ec90056f
NNN-TFIM,0.10000000000000001,12,22,7.0759727820642784e-07,2.4483246375095494e-07,160,2.890128487724569,0.77681687802231947,1.0000000000000266,0,0.0059917353394472687,build/runs/a1-publication/work/nnn_tfim_expensive/checkpoints/response_j2_0p1_L12_neig160.json,b68921661e70386d904925ac39557d2a94bca347f71dee95046d3149ec90056f
NNN-TFIM,0.10000000000000001,12,23,6.018010072216798e-07,2.0822638501289766e-07,160,2.890128487724569,0.77681687802231947,1.0000000000000266,0,0.0059917353394472687,build/runs/a1-publication/work/nnn_tfim_expensive/checkpoints/response_j2_0p1_L12_neig160.json,b68921661e70386d904925ac39557d2a94bca347f71dee95046d3149ec90056f
NNN-TFIM,0.10000000000000001,12,24,4.7791306596553939e-07,1.6536049106308273e-07,160,2.890128487724569,0.77681687802231947,1.0000000000000266,0,0.0059917353394472687,build/runs/a1-publication/work/nnn_tfim_expensive/checkpoints/response_j2_0p1_L12_neig160.json,b68921661e70386d904925ac39557d2a94bca347f71dee95046d3149ec90056f
NNN-TFIM,0.10000000000000001,12,25,4.2230267678288511e-07,1.4611899733058886e-07,160,2.890128487724569,0.77681687802231947,1.0000000000000266,0,0.0059917353394472687,build/runs/a1-publication/work/nnn_tfim_expensive/checkpoints/response_j2_0p1_L12_neig160.json,b68921661e70386d904925ac39557d2a94bca347f71dee95046d3149ec90056f
NNN-TFIM,0.10000000000000001,12,26,3.8890317845076736e-07,1.3456259128359903e-07,160,2.890128487724569,0.77681687802231947,1.0000000000000266,0,0.0059917353394472687,build/runs/a1-publication/work/nnn_tfim_expensive/checkpoints/response_j2_0p1_L12_neig160.json,b68921661e70386d904925ac39557d2a94bca347f71dee95046d3149ec90056f
NNN-TFIM,0.10000000000000001,12,27,1.9850785590334438e-07,6.8684785727167406e-08,160,2.890128487724569,0.77681687802231947,1.0000000000000266,0,0.0059917353394472687,build/runs/a1-publication/work/nnn_tfim_expensive/checkpoints/response_j2_0p1_L12_neig160.json,b68921661e70386d904925ac39557d2a94bca347f71dee95046d3149ec90056f
NNN-TFIM,0.10000000000000001,12,28,1.5007709351547841e-07,5.1927481478041761e-08,160,2.890128487724569,0.77681687802231947,1.0000000000000266,0,0.0059917353394472687,build/runs/a1-publication/work/nnn_tfim_expensive/checkpoints/response_j2_0p1_L12_neig160.json,b68921661e70386d904925ac39557d2a94bca347f71dee95046d3149ec90056f
NNN-TFIM,0.10000000000000001,12,29,6.7002039316625418e-08,2.318306594367951e-08,160,2.890128487724569,0.77681687802231947,1.0000000000000266,0,0.0059917353394472687,build/runs/a1-publication/work/nnn_tfim_expensive/checkpoints/response_j2_0p1_L12_neig160.json,b68921661e70386d904925ac39557d2a94bca347f71dee95046d3149ec90056f
NNN-TFIM,0.10000000000000001,12,30,5.4524781405435305e-08,1.8865867603126282e-08,160,2.890128487724569,0.77681687802231947,1.0000000000000266,0,0.0059917353394472687,build/runs/a1-publication/work/nnn_tfim_expensive/checkpoints/response_j2_0p1_L12_neig160.json,b68921661e70386d904925ac39557d2a94bca347f71dee95046d3149ec90056f
NNN-TFIM,0.10000000000000001,12,31,3.5894269244887614e-08,1.2419610199803809e-08,160,2.890128487724569,0.77681687802231947,1.0000000000000266,0,0.0059917353394472687,build/runs/a1-publication/work/nnn_tfim_expensive/checkpoints/response_j2_0p1_L12_neig160.json,b68921661e70386d904925ac39557d2a94bca347f71dee95046d3149ec90056f
NNN-TFIM,0.10000000000000001,12,32,3.1624308088193181e-08,1.0942180675535072e-08,160,2.890128487724569,0.77681687802231947,1.0000000000000266,0,0.0059917353394472687,build/runs/a1-publication/work/nnn_tfim_expensive/checkpoints/response_j2_0p1_L12_neig160.json,b68921661e70386d904925ac39557d2a94bca347f71dee95046d3149ec90056f
NNN-TFIM,0.10000000000000001,12,33,2.1115075483239256e-08,7.3059296750724723e-09,160,2.890128487724569,0.77681687802231947,1.0000000000000266,0,0.0059917353394472687,build/runs/a1-publication/work/nnn_tfim_expensive/checkpoints/response_j2_0p1_L12_neig160.json,b68921661e70386d904925ac39557d2a94bca347f71dee95046d3149ec90056f
NNN-TFIM,0.10000000000000001,12,34,1.7782587104234897e-08,6.1528707736573092e-09,160,2.890128487724569,0.77681687802231947,1.0000000000000266,0,0.0059917353394472687,build/runs/a1-publication/work/nnn_tfim_expensive/checkpoints/response_j2_0p1_L12_neig160.json,b68921661e70386d904925ac39557d2a94bca347f71dee95046d3149ec90056f
NNN-TFIM,0.10000000000000001,12,35,1.1916926643482466e-08,4.1233207084383982e-09,160,2.890128487724569,0.77681687802231947,1.0000000000000266,0,0.0059917353394472687,build/runs/a1-publication/work/nnn_tfim_expensive/checkpoints/response_j2_0p1_L12_neig160.json,b68921661e70386d904925ac39557d2a94bca347f71dee95046d3149ec90056f
NNN-TFIM,0.10000000000000001,12,36,9.3967640717977938e-09,3.2513309050823458e-09,160,2.890128487724569,0.77681687802231947,1.0000000000000266,0,0.0059917353394472687,build/runs/a1-publication/work/nnn_tfim_expensive/checkpoints/response_j2_0p1_L12_neig160.json,b68921661e70386d904925ac39557d2a94bca347f71dee95046d3149ec90056f
NNN-TFIM,0.10000000000000001,12,37,8.325339081959256e-09,2.8806120964240902e-09,160,2.890128487724569,0.77681687802231947,1.0000000000000266,0,0.0059917353394472687,build/runs/a1-publication/work/nnn_tfim_expensive/checkpoints/response_j2_0p1_L12_neig160.json,b68921661e70386d904925ac39557d2a94bca347f71dee95046d3149ec90056f
NNN-TFIM,0.10000000000000001,12,38,6.8158716160045362e-09,2.358328235216542e-09,160,2.890128487724569,0.77681687802231947,1.0000000000000266,0,0.0059917353394472687,build/runs/a1-publication/work/nnn_tfim_expensive/checkpoints/response_j2_0p1_L12_neig160.json,b68921661e70386d904925ac39557d2a94bca347f71dee95046d3149ec90056f
NNN-TFIM,0.10000000000000001,12,39,6.6706179578088981e-09,2.3080696882998278e-09,160,2.890128487724569,0.77681687802231947,1.0000000000000266,0,0.0059917353394472687,build/runs/a1-publication/work/nnn_tfim_expensive/checkpoints/response_j2_0p1_L12_neig160.json,b68921661e70386d904925ac39557d2a94bca347f71dee95046d3149ec90056f
NNN-TFIM,0.10000000000000001,12,40,4.1880723750126736e-09,1.4490955654051182e-09,160,2.890128487724569,0.77681687802231947,1.0000000000000266,0,0.0059917353394472687,build/runs/a1-publication/work/nnn_tfim_expensive/checkpoints/response_j2_0p1_L12_neig160.json,b68921661e70386d904925ac39557d2a94bca347f71dee95046d3149ec90056f
NNN-TFIM,0.10000000000000001,12,41,2.3688003495404437e-09,8.1961766046098086e-10,160,2.890128487724569,0.77681687802231947,1.0000000000000266,0,0.0059917353394472687,build/runs/a1-publication/work/nnn_tfim_expensive/checkpoints/response_j2_0p1_L12_neig160.json,b68921661e70386d904925ac39557d2a94bca347f71dee95046d3149ec90056f
NNN-TFIM,0.10000000000000001,12,42,7.9202694438913791e-10,2.7404558231689889e-10,160,2.890128487724569,0.77681687802231947,1.0000000000000266,0,0.0059917353394472687,build/runs/a1-publication/work/nnn_tfim_expensive/checkpoints/response_j2_0p1_L12_neig160.json,b68921661e70386d904925ac39557d2a94bca347f71dee95046d3149ec90056f
NNN-TFIM,0.10000000000000001,12,43,6.868983714076344e-10,2.3767053067887556e-10,160,2.890128487724569,0.77681687802231947,1.0000000000000266,0,0.0059917353394472687,build/runs/a1-publication/work/nnn_tfim_expensive/checkpoints/response_j2_0p1_L12_neig160.json,b68921661e70386d904925ac39557d2a94bca347f71dee95046d3149ec90056f
NNN-TFIM,0.10000000000000001,12,44,6.6980059206227081e-10,2.3175460707271613e-10,160,2.890128487724569,0.77681687802231947,1.0000000000000266,0,0.0059917353394472687,build/runs/a1-publication/work/nnn_tfim_expensive/checkpoints/response_j2_0p1_L12_neig160.json,b68921661e70386d904925ac39557d2a94bca347f71dee95046d3149ec90056f
NNN-TFIM,0.10000000000000001,12,45,4.9673255000013616e-10,1.7187213375112583e-10,160,2.890128487724569,0.77681687802231947,1.0000000000000266,0,0.0059917353394472687,build/runs/a1-publication/work/nnn_tfim_expensive/checkpoints/response_j2_0p1_L12_neig160.json,b68921661e70386d904925ac39557d2a94bca347f71dee95046d3149ec90056f
NNN-TFIM,0.10000000000000001,12,46,3.5867075235518891e-10,1.2410200926311566e-10,160,2.890128487724569,0.77681687802231947,1.0000000000000266,0,0.0059917353394472687,build/runs/a1-publication/work/nnn_tfim_expensive/checkpoints/response_j2_0p1_L12_neig160.json,b68921661e70386d904925ac39557d2a94bca347f71dee95046d3149ec90056f
NNN-TFIM,0.10000000000000001,12,47,2.8257100699271989e-10,9.7771088099682124e-11,160,2.890128487724569,0.77681687802231947,1.0000000000000266,0,0.0059917353394472687,build/runs/a1-publication/work/nnn_tfim_expensive/checkpoints/response_j2_0p1_L12_neig160.json,b68921661e70386d904925ac39557d2a94bca347f71dee95046d3149ec90056f
NNN-TFIM,0.10000000000000001,12,48,2.8245390492957251e-10,9.7730570156052716e-11,160,2.890128487724569,0.77681687802231947,1.0000000000000266,0,0.0059917353394472687,build/runs/a1-publication/work/nnn_tfim_expensive/checkpoints/response_j2_0p1_L12_neig160.json,b68921661e70386d904925ac39557d2a94bca347f71dee95046d3149ec90056f
NNN-TFIM,0.10000000000000001,12,49,2.7022301136254492e-10,9.3498615203538784e-11,160,2.890128487724569,0.77681687802231947,1.0000000000000266,0,0.0059917353394472687,build/runs/a1-publication/work/nnn_tfim_expensive/checkpoints/response_j2_0p1_L12_neig160.json,b68921661e70386d904925ac39557d2a94bca347f71dee95046d3149ec90056f
NNN-TFIM,0.10000000000000001,12,50,2.0059778677672134e-10,6.9407913049102617e-11,160,2.890128487724569,0.77681687802231947,1.0000000000000266,0,0.0059917353394472687,build/runs/a1-publication/work/nnn_tfim_expensive/checkpoints/response_j2_0p1_L12_neig160.json,b68921661e70386d904925ac39557d2a94bca347f71dee95046d3149ec90056f
NNN-TFIM,0.10000000000000001,12,51,1.4365823636214343e-10,4.9706522382071394e-11,160,2.890128487724569,0.77681687802231947,1.0000000000000266,0,0.0059917353394472687,build/runs/a1-publication/work/nnn_tfim_expensive/checkpoints/response_j2_0p1_L12_neig160.json,b68921661e70386d904925ac39557d2a94bca347f71dee95046d3149ec90056f
NNN-TFIM,0.10000000000000001,12,52,1.1726942352723495e-10,4.0575851220913194e-11,160,2.890128487724569,0.77681687802231947,1.0000000000000266,0,0.0059917353394472687,build/runs/a1-publication/work/nnn_tfim_expensive/checkpoints/response_j2_0p1_L12_neig160.json,b68921661e70386d904925ac39557d2a94bca347f71dee95046d3149ec90056f
NNN-TFIM,0.10000000000000001,12,53,1.0962524274002252e-10,3.7930923557772936e-11,160,2.890128487724569,0.77681687802231947,1.0000000000000266,0,0.0059917353394472687,build/runs/a1-publication/work/nnn_tfim_expensive/checkpoints/response_j2_0p1_L12_neig160.json,b68921661e70386d904925ac39557d2a94bca347f71dee95046d3149ec90056f
NNN-TFIM,0.10000000000000001,12,54,8.7277135191070115e-11,3.0198358156659114e-11,160,2.890128487724569,0.77681687802231947,1.0000000000000266,0,0.0059917353394472687,build/runs/a1-publication/work/nnn_tfim_expensive/checkpoints/response_j2_0p1_L12_neig160.json,b68921661e70386d904925ac39557d2a94bca347f71dee95046d3149ec90056f
NNN-TFIM,0.10000000000000001,12,55,7.261618348091896e-11,2.5125590017657141e-11,160,2.890128487724569,0.77681687802231947,1.0000000000000266,0,0.0059917353394472687,build/runs/a1-publication/work/nnn_tfim_expensive/checkpoints/response_j2_0p1_L12_neig160.json,b68921661e70386d904925ac39557d2a94bca347f71dee95046d3149ec90056f
NNN-TFIM,0.10000000000000001,12,56,6.4524608061695781e-11,2.2325861405731736e-11,160,2.890128487724569,0.77681687802231947,1.0000000000000266,0,0.0059917353394472687,build/runs/a1-publication/work/nnn_tfim_expensive/checkpoints/response_j2_0p1_L12_neig160.json,b68921661e70386d904925ac39557d2a94bca347f71dee95046d3149ec90056f
NNN-TFIM,0.10000000000000001,12,57,6.2475249365977898e-11,2.1616772275465639e-11,160,2.890128487724569,0.77681687802231947,1.0000000000000266,0,0.0059917353394472687,build/runs/a1-publication/work/nnn_tfim_expensive/checkpoints/response_j2_0p1_L12_neig160.json,b68921661e70386d904925ac39557d2a94bca347f71dee95046d3149ec90056f
NNN-TFIM,0.10000000000000001,12,58,5.6291121868748934e-11,1.9477030902895108e-11,160,2.890128487724569,0.77681687802231947,1.0000000000000266,0,0.0059917353394472687,build/runs/a1-publication/work/nnn_tfim_expensive/checkpoints/response_j2_0p1_L12_neig160.json,b68921661e70386d904925ac39557d2a94bca347f71dee95046d3149ec90056f
NNN-TFIM,0.10000000000000001,12,59,2.0320364342479225e-11,7.0309553463755097e-12,160,2.890128487724569,0.77681687802231947,1.0000000000000266,0,0.0059917353394472687,build/runs/a1-publication/work/nnn_tfim_expensive/checkpoints/response_j2_0p1_L12_neig160.json,b68921661e70386d904925ac39557d2a94bca347f71dee95046d3149ec90056f
NNN-TFIM,0.10000000000000001,12,60,1.8107015460479086e-11,6.2651247297087973e-12,160,2.890128487724569,0.77681687802231947,1.0000000000000266,0,0.0059917353394472687,build/runs/a1-publication/work/nnn_tfim_expensive/checkpoints/response_j2_0p1_L12_neig160.json,b68921661e70386d904925ac39557d2a94bca347f71dee95046d3149ec90056f
NNN-TFIM,0.10000000000000001,12,61,1.5775230243931371e-11,5.4583145043324313e-12,160,2.890128487724569,0.77681687802231947,1.0000000000000266,0,0.0059917353394472687,build/runs/a1-publication/work/nnn_tfim_expensive/checkpoints/response_j2_0p1_L12_neig160.json,b68921661e70386d904925ac39557d2a94bca347f71dee95046d3149ec90056f
NNN-TFIM,0.10000000000000001,12,62,1.4918577138231779e-11,5.1619079226395724e-12,160,2.890128487724569,0.77681687802231947,1.0000000000000266,0,0.0059917353394472687,build/runs/a1-publication/work/nnn_tfim_expensive/checkpoints/response_j2_0p1_L12_neig160.json,b68921661e70386d904925ac39557d2a94bca347f71dee95046d3149ec90056f
NNN-TFIM,0.10000000000000001,12,63,1.1409700529087757e-11,3.9478177449718659e-12,160,2.890128487724569,0.77681687802231947,1.0000000000000266,0,0.0059917353394472687,build/runs/a1-publication/work/nnn_tfim_expensive/checkpoints/response_j2_0p1_L12_neig160.json,b68921661e70386d904925ac39557d2a94bca347f71dee95046d3149ec90056f
NNN-TFIM,0.10000000000000001,12,64,1.1141234977383642e-11,3.8549272202618449e-12,160,2.890128487724569,0.77681687802231947,1.0000000000000266,0,0.0059917353394472687,build/runs/a1-publication/work/nnn_tfim_expensive/checkpoints/response_j2_0p1_L12_neig160.json,b68921661e70386d904925ac39557d2a94bca347f71dee95046d3149ec90056f
NNN-TFIM,0.10000000000000001,12,65,6.0553129715474031e-12,2.0951708539141176e-12,160,2.890128487724569,0.77681687802231947,1.0000000000000266,0,0.0059917353394472687,build/runs/a1-publication/work/nnn_tfim_expensive/checkpoints/response_j2_0p1_L12_neig160.json,b68921661e70386d904925ac39557d2a94bca347f71dee95046d3149ec90056f
NNN-TFIM,0.10000000000000001,12,66,4.8870437036509634e-12,1.6909434042147338e-12,160,2.890128487724569,0.77681687802231947,1.0000000000000266,0,0.0059917353394472687,build/runs/a1-publication/work/nnn_tfim_expensive/checkpoints/response_j2_0p1_L12_neig160.json,b68921661e70386d904925ac39557d2a94bca347f71dee95046d3149ec90056f
NNN-TFIM,0.10000000000000001,12,67,4.4890385990441835e-12,1.5532314975305665e-12,160,2.890128487724569,0.77681687802231947,1.0000000000000266,0,0.0059917353394472687,build/runs/a1-publication/work/nnn_tfim_expensive/checkpoints/response_j2_0p1_L12_neig160.json,b68921661e70386d904925ac39557d2a94bca347f71dee95046d3149ec90056f
NNN-TFIM,0.10000000000000001,12,68,4.4430982856394512e-12,1.5373359020233571e-12,160,2.890128487724569,0.77681687802231947,1.0000000000000266,0,0.0059917353394472687,build/runs/a1-publication/work/nnn_tfim_expensive/checkpoints/response_j2_0p1_L12_neig160.json,b68921661e70386d904925ac39557d2a94bca347f71dee95046d3149ec90056f
NNN-TFIM,0.10000000000000001,12,69,2.6650828037900234e-12,9.2213298305234631e-13,160,2.890128487724569,0.77681687802231947,1.0000000000000266,0,0.0059917353394472687,build/runs/a1-publication/work/nnn_tfim_expensive/checkpoints/response_j2_0p1_L12_neig160.json,b68921661e70386d904925ac39557d2a94bca347f71dee95046d3149ec90056f
NNN-TFIM,0.10000000000000001,12,70,1.7186944782954926e-12,5.9467753271019455e-13,160,2.890128487724569,0.77681687802231947,1.0000000000000266,0,0.0059917353394472687,build/runs/a1-publication/work/nnn_tfim_expensive/checkpoints/response_j2_0p1_L12_neig160.json,b68921661e70386d904925ac39557d2a94bca347f71dee95046d3149ec90056f
NNN-TFIM,0.10000000000000001,12,71,4.6992363511728359e-13,1.6259610502205036e-13,160,2.890128487724569,0.77681687802231947,1.0000000000000266,0,0.0059917353394472687,build/runs/a1-publication/work/nnn_tfim_expensive/checkpoints/response_j2_0p1_L12_neig160.json,b68921661e70386d904925ac39557d2a94bca347f71dee95046d3149ec90056f
NNN-TFIM,0.10000000000000001,12,72,4.6012810696469212e-13,1.5920679960044138e-13,160,2.890128487724569,0.77681687802231947,1.0000000000000266,0,0.0059917353394472687,build/runs/a1-publication/work/nnn_tfim_expensive/checkpoints/response_j2_0p1_L12_neig160.json,b68921661e70386d904925ac39557d2a94bca347f71dee95046d3149ec90056f
NNN-TFIM,0.10000000000000001,12,73,4.5766347912888483e-13,1.5835402511436732e-13,160,2.890128487724569,0.77681687802231947,1.0000000000000266,0,0.0059917353394472687,build/runs/a1-publication/work/nnn_tfim_expensive/checkpoints/response_j2_0p1_L12_neig160.json,b68921661e70386d904925ac39557d2a94bca347f71dee95046d3149ec90056f
NNN-TFIM,0.10000000000000001,12,74,4.2533131675846026e-13,1.4716692305030648e-13,160,2.890128487724569,0.77681687802231947,1.0000000000000266,0,0.0059917353394472687,build/runs/a1-publication/work/nnn_tfim_expensive/checkpoints/response_j2_0p1_L12_neig160.json,b68921661e70386d904925ac39557d2a94bca347f71dee95046d3149ec90056f
NNN-TFIM,0.10000000000000001,12,75,3.769239540927957e-13,1.3041771523090734e-13,160,2.890128487724569,0.77681687802231947,1.0000000000000266,0,0.0059917353394472687,build/runs/a1-publication/work/nnn_tfim_expensive/checkpoints/response_j2_0p1_L12_neig160.json,b68921661e70386d904925ac39557d2a94bca347f71dee95046d3149ec90056f
NNN-TFIM,0.10000000000000001,12,76,3.6206098391768967e-13,1.2527504761656615e-13,160,2.890128487724569,0.77681687802231947,1.0000000000000266,0,0.0059917353394472687,build/runs/a1-publication/work/nnn_tfim_expensive/checkpoints/response_j2_0p1_L12_neig160.json,b68921661e70386d904925ac39557d2a94bca347f71dee95046d3149ec90056f
NNN-TFIM,0.10000000000000001,12,77,2.7273521277604716e-13,9.436785040334823e-14,160,2.890128487724569,0.77681687802231947,1.0000000000000266,0,0.0059917353394472687,build/runs/a1-publication/work/nnn_tfim_expensive/checkpoints/response_j2_0p1_L12_neig160.json,b68921661e70386d904925ac39557d2a94bca347f71dee95046d3149ec90056f
NNN-TFIM,0.10000000000000001,12,78,2.7245475034966282e-13,9.4270808895479084e-14,160,2.890128487724569,0.77681687802231947,1.0000000000000266,0,0.0059917353394472687,build/runs/a1-publication/work/nnn_tfim_expensive/checkpoints/response_j2_0p1_L12_neig160.json,b68921661e70386d904925ac39557d2a94bca347f71dee95046d3149ec90056f
NNN-TFIM,0.10000000000000001,12,79,1.678554643526503e-13,5.8078893400619989e-14,160,2.890128487724569,0.77681687802231947,1.0000000000000266,0,0.0059917353394472687,build/runs/a1-publication/work/nnn_tfim_expensive/checkpoints/response_j2_0p1_L12_neig160.json,b68921661e70386d904925ac39557d2a94bca347f71dee95046d3149ec90056f
NNN-TFIM,0.10000000000000001,12,80,1.3188840409693964e-13,4.5634097119597919e-14,160,2.890128487724569,0.77681687802231947,1.0000000000000266,0,0.0059917353394472687,build/runs/a1-publication/work/nnn_tfim_expensive/checkpoints/response_j2_0p1_L12_neig160.json,b68921661e70386d904925ac39557d2a94bca347f71dee95046d3149ec90056f
NNN-TFIM,0.10000000000000001,12,81,1.2432963247788929e-13,4.3018721487976273e-14,160,2.890128487724569,0.77681687802231947,1.0000000000000266,0,0.0059917353394472687,build/runs/a1-publication/work/nnn_tfim_expensive/checkpoints/response_j2_0p1_L12_neig160.json,b68921661e70386d904925ac39557d2a94bca347f71dee95046d3149ec90056f
NNN-TFIM,0.10000000000000001,12,82,8.3162648601280547e-14,2.8774723668689017e-14,160,2.890128487724569,0.77681687802231947,1.0000000000000266,0,0.0059917353394472687,build/runs/a1-publication/work/nnn_tfim_expensive/checkpoints/response_j2_0p1_L12_neig160.json,b68921661e70386d904925ac39557d2a94bca347f71dee95046d3149ec90056f
NNN-TFIM,0.10000000000000001,12,83,6.5719313446621263e-14,2.2739235894097851e-14,160,2.890128487724569,0.77681687802231947,1.0000000000000266,0,0.0059917353394472687,build/runs/a1-publication/work/nnn_tfim_expensive/checkpoints/response_j2_0p1_L12_neig160.json,b68921661e70386d904925ac39557d2a94bca347f71dee95046d3149ec90056f
NNN-TFIM,0.10000000000000001,12,84,4.6997683368136162e-14,1.6261451201132573e-14,160,2.890128487724569,0.77681687802231947,1.0000000000000266,0,0.0059917353394472687,build/runs/a1-publication/work/nnn_tfim_expensive/checkpoints/response_j2_0p1_L12_neig160.json,b68921661e70386d904925ac39557d2a94bca347f71dee95046d3149ec90056f
NNN-TFIM,0.10000000000000001,12,85,4.0664864442681201e-14,1.4070261794726334e-14,160,2.890128487724569,0.77681687802231947,1.0000000000000266,0,0.0059917353394472687,build/runs/a1-publication/work/nnn_tfim_expensive/checkpoints/response_j2_0p1_L12_neig160.json,b68921661e70386d904925ac39557d2a94bca347f71dee95046d3149ec90056f
NNN-TFIM,0.10000000000000001,12,86,2.2007405009674911e-14,7.614680490209482e-15,160,2.890128487724569,0.77681687802231947,1.0000000000000266,0,0.0059917353394472687,build/runs/a1-publication/work/nnn_tfim_expensive/checkpoints/response_j2_0p1_L12_neig160.json,b68921661e70386d904925ac39557d2a94bca347f71dee95046d3149ec90056f
NNN-TFIM,0.10000000000000001,12,87,1.2963920495326888e-14,4.4855862119588768e-15,160,2.890128487724569,0.77681687802231947,1.0000000000000266,0,0.0059917353394472687,build/runs/a1-publication/work/nnn_tfim_expensive/checkpoints/response_j2_0p1_L12_neig160.json,b68921661e70386d904925ac39557d2a94bca347f71dee95046d3149ec90056f
NNN-TFIM,0.10000000000000001,12,88,1.0326838129410781e-14,3.5731415309985812e-15,160,2.890128487724569,0.77681687802231947,1.0000000000000266,0,0.0059917353394472687,build/runs/a1-publication/work/nnn_tfim_expensive/checkpoints/response_j2_0p1_L12_neig160.json,b68921661e70386d904925ac39557d2a94bca347f71dee95046d3149ec90056f
NNN-TFIM,0.10000000000000001,12,89,6.2768038051418063e-15,2.1718078735259295e-15,160,2.890128487724569,0.77681687802231947,1.0000000000000266,0,0.0059917353394472687,build/runs/a1-publication/work/nnn_tfim_expensive/checkpoints/response_j2_0p1_L12_neig160.json,b68921661e70386d904925ac39557d2a94bca347f71dee95046d3149ec90056f
NNN-TFIM,0.10000000000000001,12,90,4.7700610711803125e-15,1.6504667842417747e-15,160,2.890128487724569,0.77681687802231947,1.0000000000000266,0,0.0059917353394472687,build/runs/a1-publication/work/nnn_tfim_expensive/checkpoints/response_j2_0p1_L12_neig160.json,b68921661e70386d904925ac39557d2a94bca347f71dee95046d3149ec90056f
NNN-TFIM,0.10000000000000001,12,91,2.6246317186055806e-15,9.0813669003068551e-16,160,2.890128487724569,0.77681687802231947,1.0000000000000266,0,0.0059917353394472687,build/runs/a1-publication/work/nnn_tfim_expensive/checkpoints/response_j2_0p1_L12_neig160.json,b68921661e70386d904925ac39557d2a94bca347f71dee95046d3149ec90056f
NNN-TFIM,0.10000000000000001,12,92,1.8665950251643514e-15,6.4585191734293541e-16,160,2.890128487724569,0.77681687802231947,1.0000000000000266,0,0.0059917353394472687,build/runs/a1-publication/work/nnn_tfim_expensive/checkpoints/response_j2_0p1_L12_neig160.json,b68921661e70386d904925ac39557d2a94bca347f71dee95046d3149ec90056f
NNN-TFIM,0.10000000000000001,12,93,1.7515474169047872e-15,6.0604482615366362e-16,160,2.890128487724569,0.77681687802231947,1.0000000000000266,0,0.0059917353394472687,build/runs/a1-publication/work/nnn_tfim_expensive/checkpoints/response_j2_0p1_L12_neig160.json,b68921661e70386d904925ac39557d2a94bca347f71dee95046d3149ec90056f
NNN-TFIM,0.10000000000000001,12,94,1.7037904574027018e-15,5.8952066132676183e-16,160,2.890128487724569,0.77681687802231947,1.0000000000000266,0,0.0059917353394472687,build/runs/a1-publication/work/nnn_tfim_expensive/checkpoints/response_j2_0p1_L12_neig160.json,b68921661e70386d904925ac39557d2a94bca347f71dee95046d3149ec90056f
NNN-TFIM,0.10000000000000001,12,95,1.3502500355325973e-15,4.6719377400264455e-16,160,2.890128487724569,0.77681687802231947,1.0000000000000266,0,0.0059917353394472687,build/runs/a1-publication/work/nnn_tfim_expensive/checkpoints/response_j2_0p1_L12_neig160.json,b68921661e70386d904925ac39557d2a94bca347f71dee95046d3149ec90056f
NNN-TFIM,0.10000000000000001,12,96,7.5209348605385794e-16,2.6022839096886993e-16,160,2.890128487724569,0.77681687802231947,1.0000000000000266,0,0.0059917353394472687,build/runs/a1-publication/work/nnn_tfim_expensive/checkpoints/response_j2_0p1_L12_neig160.json,b68921661e70386d904925ac39557d2a94bca347f71dee95046d3149ec90056f
NNN-TFIM,0.10000000000000001,12,97,3.0970621870391386e-16,1.0716001728620346e-16,160,2.890128487724569,0.77681687802231947,1.0000000000000266,0,0.0059917353394472687,build/runs/a1-publication/work/nnn_tfim_expensive/checkpoints/response_j2_0p1_L12_neig160.json,b68921661e70386d904925ac39557d2a94bca347f71dee95046d3149ec90056f
NNN-TFIM,0.10000000000000001,12,98,2.5456574874186417e-16,8.8081118131286496e-17,160,2.890128487724569,0.77681687802231947,1.0000000000000266,0,0.0059917353394472687,build/runs/a1-publication/work/nnn_tfim_expensive/checkpoints/response_j2_0p1_L12_neig160.json,b68921661e70386d904925ac39557d2a94bca347f71dee95046d3149ec90056f
NNN-TFIM,0.10000000000000001,12,99,2.2991141641833904e-16,7.9550586555184929e-17,160,2.890128487724569,0.77681687802231947,1.0000000000000266,0,0.0059917353394472687,build/runs/a1-publication/work/nnn_tfim_expensive/checkpoints/response_j2_0p1_L12_neig160.json,b68921661e70386d904925ac39557d2a94bca347f71dee95046d3149ec90056f
NNN-TFIM,0.10000000000000001,12,100,2.1188637298138444e-16,7.3313824586465004e-17,160,2.890128487724569,0.77681687802231947,1.0000000000000266,0,0.0059917353394472687,build/runs/a1-publication/work/nnn_tfim_expensive/checkpoints/response_j2_0p1_L12_neig160.json,b68921661e70386d904925ac39557d2a94bca347f71dee95046d3149ec90056f
NNN-TFIM,0.10000000000000001,12,101,1.7727301069402572e-16,6.1337415082744223e-17,160,2.890128487724569,0.77681687802231947,1.0000000000000266,0,0.0059917353394472687,build/runs/a1-publication/work/nnn_tfim_expensive/checkpoints/response_j2_0p1_L12_neig160.json,b68921661e70386d904925ac39557d2a94bca347f71dee95046d3149ec90056f
NNN-TFIM,0.10000000000000001,12,102,1.2624588371113207e-16,4.3681754720367773e-17,160,2.890128487724569,0.77681687802231947,1.0000000000000266,0,0.0059917353394472687,build/runs/a1-publication/work/nnn_tfim_expensive/checkpoints/response_j2_0p1_L12_neig160.json,b68921661e70386d904925ac39557d2a94bca347f71dee95046d3149ec90056f
NNN-TFIM,0.10000000000000001,12,103,4.067743653531681e-17,1.4074611806391564e-17,160,2.890128487724569,0.77681687802231947,1.0000000000000266,0,0.0059917353394472687,build/runs/a1-publication/work/nnn_tfim_expensive/checkpoints/response_j2_0p1_L12_neig160.json,b68921661e70386d904925ac39557d2a94bca347f71dee95046d3149ec90056f
NNN-TFIM,0.10000000000000001,12,104,1.216207939469257e-19,4.208144878800151e-20,160,2.890128487724569,0.77681687802231947,1.0000000000000266,0,0.0059917353394472687,build/runs/a1-publication/work/nnn_tfim_expensive/checkpoints/response_j2_0p1_L12_neig160.json,b68921661e70386d904925ac39557d2a94bca347f71dee95046d3149ec90056f
NNN-TFIM,0.10000000000000001,12,105,1.0993925527699836e-27,3.8039573584340808e-28,160,2.890128487724569,0.77681687802231947,1.0000000000000266,0,0.0059917353394472687,build/runs/a1-publication/work/nnn_tfim_expensive/checkpoints/response_j2_0p1_L12_neig160.json,b68921661e70386d904925ac39557d2a94bca347f71dee95046d3149ec90056f
NNN-TFIM,0.10000000000000001,12,106,8.4050745832225893e-30,2.9082010086824896e-30,160,2.890128487724569,0.77681687802231947,1.0000000000000266,0,0.0059917353394472687,build/runs/a1-publication/work/nnn_tfim_expensive/checkpoints/response_j2_0p1_L12_neig160.json,b68921661e70386d904925ac39557d2a94bca347f71dee95046d3149ec90056f
NNN-TFIM,0.10000000000000001,12,107,2.4576180338464098e-30,8.5034905689653967e-31,160,2.890128487724569,0.77681687802231947,1.0000000000000266,0,0.0059917353394472687,build/runs/a1-publication/work/nnn_tfim_expensive/checkpoints/response_j2_0p1_L12_neig160.json,b68921661e70386d904925ac39557d2a94bca347f71dee95046d3149ec90056f
NNN-TFIM,0.10000000000000001,12,108,1.3569443024340111e-30,4.6951002635261689e-31,160,2.890128487724569,0.77681687802231947,1.0000000000000266,0,0.0059917353394472687,build/runs/a1-publication/work/nnn_tfim_expensive/checkpoints/response_j2_0p1_L12_neig160.json,b68921661e70386d904925ac39557d2a94bca347f71dee95046d3149ec90056f
NNN-TFIM,0.10000000000000001,12,109,5.9486902832508343e-31,2.0582788303416592e-31,160,2.890128487724569,0.77681687802231947,1.0000000000000266,0,0.0059917353394472687,build/runs/a1-publication/work/nnn_tfim_expensive/checkpoints/response_j2_0p1_L12_neig160.json,b68921661e70386d904925ac39557d2a94bca347f71dee95046d3149ec90056f
NNN-TFIM,0.10000000000000001,12,110,2.9132186550159189e-31,1.0079893220628157e-31,160,2.890128487724569,0.77681687802231947,1.0000000000000266,0,0.0059917353394472687,build/runs/a1-publication/work/nnn_tfim_expensive/checkpoints/response_j2_0p1_L12_neig160.json,b68921661e70386d904925ac39557d2a94bca347f71dee95046d3149ec90056f
NNN-TFIM,0.10000000000000001,12,111,3.1627729712402557e-32,1.0943364575913173e-32,160,2.890128487724569,0.77681687802231947,1.0000000000000266,0,0.0059917353394472687,build/runs/a1-publication/work/nnn_tfim_expensive/checkpoints/response_j2_0p1_L12_neig160.json,b68921661e70386d904925ac39557d2a94bca347f71dee95046d3149ec90056f
NNN-TFIM,0.10000000000000001,12,112,1.2397450970080896e-32,4.289584709723944e-33,160,2.890128487724569,0.77681687802231947,1.0000000000000266,0,0.0059917353394472687,build/runs/a1-publication/work/nnn_tfim_expensive/checkpoints/response_j2_0p1_L12_neig160.json,b68921661e70386d904925ac39557d2a94bca347f71dee95046d3149ec90056f
NNN-TFIM,0.10000000000000001,12,113,8.4240073548339374e-33,2.9147518494813544e-33,160,2.890128487724569,0.77681687802231947,1.0000000000000266,0,0.0059917353394472687,build/runs/a1-publication/work/nnn_tfim_expensive/checkpoints/response_j2_0p1_L12_neig160.json,b68921661e70386d904925ac39557d2a94bca347f71dee95046d3149ec90056f
NNN-TFIM,0.10000000000000001,12,114,6.7383246859427272e-33,2.3314965803641094e-33,160,2.890128487724569,0.77681687802231947,1.0000000000000266,0,0.0059917353394472687,build/runs/a1-publication/work/nnn_tfim_expensive/checkpoints/response_j2_0p1_L12_neig160.json,b68921661e70386d904925ac39557d2a94bca347f71dee95046d3149ec90056f
NNN-TFIM,0.10000000000000001,12,115,6.5749759567097873e-33,2.2749770415523431e-33,160,2.890128487724569,0.77681687802231947,1.0000000000000266,0,0.0059917353394472687,build/runs/a1-publication/work/nnn_tfim_expensive/checkpoints/response_j2_0p1_L12_neig160.json,b68921661e70386d904925ac39557d2a94bca347f71dee95046d3149ec90056f
NNN-TFIM,0.10000000000000001,12,116,4.9891698964399019e-33,1.7262796161591874e-33,160,2.890128487724569,0.77681687802231947,1.0000000000000266,0,0.0059917353394472687,build/runs/a1-publication/work/nnn_tfim_expensive/checkpoints/response_j2_0p1_L12_neig160.json,b68921661e70386d904925ac39557d2a94bca347f71dee95046d3149ec90056f
NNN-TFIM,0.10000000000000001,12,117,4.2522574755202232e-33,1.4713039553712277e-33,160,2.890128487724569,0.77681687802231947,1.0000000000000266,0,0.0059917353394472687,build/runs/a1-publication/work/nnn_tfim_expensive/checkpoints/response_j2_0p1_L12_neig160.json,b68921661e70386d904925ac39557d2a94bca347f71dee95046d3149ec90056f
NNN-TFIM,0.10000000000000001,12,118,4.0014905529406814e-33,1.3845372515223711e-33,160,2.890128487724569,0.77681687802231947,1.0000000000000266,0,0.0059917353394472687,build/runs/a1-publication/work/nnn_tfim_expensive/checkpoints/response_j2_0p1_L12_neig160.json,b68921661e70386d904925ac39557d2a94bca347f71dee95046d3149ec90056f
NNN-TFIM,0.10000000000000001,12,119,3.7068562347214247e-33,1.2825921928612505e-33,160,2.890128487724569,0.77681687802231947,1.0000000000000266,0,0.0059917353394472687,build/runs/a1-publication/work/nnn_tfim_expensive/checkpoints/response_j2_0p1_L12_neig160.json,b68921661e70386d904925ac39557d2a94bca347f71dee95046d3149ec90056f
NNN-TFIM,0.10000000000000001,12,120,3.6177147782688208e-33,1.2517487695216931e-33,160,2.890128487724569,0.77681687802231947,1.0000000000000266,0,0.0059917353394472687,build/runs/a1-publication/work/nnn_tfim_expensive/checkpoints/response_j2_0p1_L12_neig160.json,b68921661e70386d904925ac39557d2a94bca347f71dee95046d3149ec90056f
NNN-TFIM,0.10000000000000001,12,121,3.251594158521364e-33,1.1250690660751146e-33,160,2.890128487724569,0.77681687802231947,1.0000000000000266,0,0.0059917353394472687,build/runs/a1-publication/work/nnn_tfim_expensive/checkpoints/response_j2_0p1_L12_neig160.json,b68921661e70386d904925ac39557d2a94bca347f71dee95046d3149ec90056f
NNN-TFIM,0.10000000000000001,12,122,3.0508099106827351e-33,1.0555966364957954e-33,160,2.890128487724569,0.77681687802231947,1.0000000000000266,0,0.0059917353394472687,build/runs/a1-publication/work/nnn_tfim_expensive/checkpoints/response_j2_0p1_L12_neig160.json,b68921661e70386d904925ac39557d2a94bca347f71dee95046d3149ec90056f
NNN-TFIM,0.10000000000000001,12,123,2.7661896127080477e-33,9.5711648269516914e-34,160,2.890128487724569,0.77681687802231947,1.0000000000000266,0,0.0059917353394472687,build/runs/a1-publication/work/nnn_tfim_expensive/checkpoints/response_j2_0p1_L12_neig160.json,b68921661e70386d904925ac39557d2a94bca347f71dee95046d3149ec90056f
NNN-TFIM,0.10000000000000001,12,124,2.3344297016863221e-33,8.0772523145648972e-34,160,2.890128487724569,0.77681687802231947,1.0000000000000266,0,0.0059917353394472687,build/runs/a1-publication/work/nnn_tfim_expensive/checkpoints/response_j2_0p1_L12_neig160.json,b68921661e70386d904925ac39557d2a94bca347f71dee95046d3149ec90056f
NNN-TFIM,0.10000000000000001,12,125,2.2503831901915277e-33,7.7864468647318864e-34,160,2.890128487724569,0.77681687802231947,1.0000000000000266,0,0.0059917353394472687,build/runs/a1-publication/work/nnn_tfim_expensive/checkpoints/response_j2_0p1_L12_neig160.json,b68921661e70386d904925ac39557d2a94bca347f71dee95046d3149ec90056f
NNN-TFIM,0.10000000000000001,12,126,2.1357382924518144e-33,7.3897693528958138e-34,160,2.890128487724569,0.77681687802231947,1.0000000000000266,0,0.0059917353394472687,build/runs/a1-publication/work/nnn_tfim_expensive/checkpoints/response_j2_0p1_L12_neig160.json,b68921661e70386d904925ac39557d2a94bca347f71dee95046d3149ec90056f
NNN-TFIM,0.10000000000000001,12,127,1.72898702827908e-33,5.98238810358335e-34,160,2.890128487724569,0.77681687802231947,1.0000000000000266,0,0.0059917353394472687,build/runs/a1-publication/work/nnn_tfim_expensive/checkpoints/response_j2_0p1_L12_neig160.json,b68921661e70386d904925ac39557d2a94bca347f71dee95046d3149ec90056f
NNN-TFIM,0.10000000000000001,12,128,1.4596384832408834e-33,5.0504276520594191e-34,160,2.890128487724569,0.77681687802231947,1.0000000000000266,0,0.0059917353394472687,build/runs/a1-publication/work/nnn_tfim_expensive/checkpoints/response_j2_0p1_L12_neig160.json,b68921661e70386d904925ac39557d2a94bca347f71dee95046d3149ec90056f
NNN-TFIM,0.10000000000000001,12,129,1.1072148990367846e-33,3.8310230972066832e-34,160,2.890128487724569,0.77681687802231947,1.0000000000000266,0,0.0059917353394472687,build/runs/a1-publication/work/nnn_tfim_expensive/checkpoints/response_j2_0p1_L12_neig160.json,b68921661e70386d904925ac39557d2a94bca347f71dee95046d3149ec90056f
NNN-TFIM,0.10000000000000001,12,130,9.6398057161382178e-34,3.335424621113557e-34,160,2.890128487724569,0.77681687802231947,1.0000000000000266,0,0.0059917353394472687,build/runs/a1-publication/work/nnn_tfim_expensive/checkpoints/response_j2_0p1_L12_neig160.json,b68921661e70386d904925ac39557d2a94bca347f71dee95046d3149ec90056f
NNN-TFIM,0.10000000000000001,12,131,9.4828903439395695e-34,3.2811310584345533e-34,160,2.890128487724569,0.77681687802231947,1.0000000000000266,0,0.0059917353394472687,build/runs/a1-publication/work/nnn_tfim_expensive/checkpoints/response_j2_0p1_L12_neig160.json,b68921661e70386d904925ac39557d2a94bca347f71dee95046d3149ec90056f
NNN-TFIM,0.10000000000000001,12,132,7.2362296130065123e-34,2.5037743628843567e-34,160,2.890128487724569,0.77681687802231947,1.0000000000000266,0,0.0059917353394472687,build/runs/a1-publication/work/nnn_tfim_expensive/checkpoints/response_j2_0p1_L12_neig160.json,b68921661e70386d904925ac39557d2a94bca347f71dee95046d3149ec90056f
NNN-TFIM,0.10000000000000001,12,133,7.2241210459801351e-34,2.4995847335727857e-34,160,2.890128487724569,0.77681687802231947,1.0000000000000266,0,0.0059917353394472687,build/runs/a1-publication/work/nnn_tfim_expensive/checkpoints/response_j2_0p1_L12_neig160.json,b68921661e70386d904925ac39557d2a94bca347f71dee95046d3149ec90056f
NNN-TFIM,0.10000000000000001,12,134,7.1253172012815204e-34,2.4653980719353289e-34,160,2.890128487724569,0.77681687802231947,1.0000000000000266,0,0.0059917353394472687,build/runs/a1-publication/work/nnn_tfim_expensive/checkpoints/response_j2_0p1_L12_neig160.json,b68921661e70386d904925ac39557d2a94bca347f71dee95046d3149ec90056f
NNN-TFIM,0.10000000000000001,12,135,7.1227633565468369e-34,2.4645144279224309e-34,160,2.890128487724569,0.77681687802231947,1.0000000000000266,0,0.0059917353394472687,build/runs/a1-publication/work/nnn_tfim_expensive/checkpoints/response_j2_0p1_L12_neig160.json,b68921661e70386d904925ac39557d2a94bca347f71dee95046d3149ec90056f
NNN-TFIM,0.10000000000000001,12,136,6.7084125338294245e-34,2.3211468148639419e-34,160,2.890128487724569,0.77681687802231947,1.0000000000000266,0,0.0059917353394472687,build/runs/a1-publication/work/nnn_tfim_expensive/checkpoints/response_j2_0p1_L12_neig160.json,b68921661e70386d904925ac39557d2a94bca347f71dee95046d3149ec90056f
NNN-TFIM,0.10000000000000001,12,137,6.5311119968396825e-34,2.2597998755348422e-34,160,2.890128487724569,0.77681687802231947,1.0000000000000266,0,0.0059917353394472687,build/runs/a1-publication/work/nnn_tfim_expensive/checkpoints/response_j2_0p1_L12_neig160.json,b68921661e70386d904925ac39557d2a94bca347f71dee95046d3149ec90056f
NNN-TFIM,0.10000000000000001,12,138,6.1280237145123595e-34,2.1203291620217973e-34,160,2.890128487724569,0.77681687802231947,1.0000000000000266,0,0.0059917353394472687,build/runs/a1-publication/work/nnn_tfim_expensive/checkpoints/response_j2_0p1_L12_neig160.json,b68921661e70386d904925ac39557d2a94bca347f71dee95046d3149ec90056f
NNN-TFIM,0.10000000000000001,12,139,5.8338490252656486e-34,2.0185431374570837e-34,160,2.890128487724569,0.77681687802231947,1.0000000000000266,0,0.0059917353394472687,build/runs/a1-publication/work/nnn_tfim_expensive/checkpoints/response_j2_0p1_L12_neig160.json,b68921661e70386d904925ac39557d2a94bca347f71dee95046d3149ec90056f
NNN-TFIM,0.10000000000000001,12,140,4.9756758005693312e-34,1.721610586416086e-34,160,2.890128487724569,0.77681687802231947,1.0000000000000266,0,0.0059917353394472687,build/runs/a1-publication/work/nnn_tfim_expensive/checkpoints/response_j2_0p1_L12_neig160.json,b68921661e70386d904925ac39557d2a94bca347f71dee95046d3149ec90056f
NNN-TFIM,0.10000000000000001,12,141,4.4708087162984247e-34,1.5469238600593648e-34,160,2.890128487724569,0.77681687802231947,1.0000000000000266,0,0.0059917353394472687,build/runs/a1-publication/work/nnn_tfim_expensive/checkpoints/response_j2_0p1_L12_neig160.json,b68921661e70386d904925ac39557d2a94bca347f71dee95046d3149ec90056f
NNN-TFIM,0.10000000000000001,12,142,3.9190312206048721e-34,1.3560058790640032e-34,160,2.890128487724569,0.77681687802231947,1.0000000000000266,0,0.0059917353394472687,build/runs/a1-publication/work/nnn_tfim_expensive/checkpoints/response_j2_0p1_L12_neig160.json,b68921661e70386d904925ac39557d2a94bca347f71dee95046d3149ec90056f
NNN-TFIM,0.10000000000000001,12,143,3.780055382247159e-34,1.307919491573622e-34,160,2.890128487724569,0.77681687802231947,1.0000000000000266,0,0.0059917353394472687,build/runs/a1-publication/work/nnn_tfim_expensive/checkpoints/response_j2_0p1_L12_neig160.json,b68921661e70386d904925ac39557d2a94bca347f71dee95046d3149ec90056f
NNN-TFIM,0.10000000000000001,12,144,3.7156678169939139e-34,1.2856410477166368e-34,160,2.890128487724569,0.77681687802231947,1.0000000000000266,0,0.0059917353394472687,build/runs/a1-publication/work/nnn_tfim_expensive/checkpoints/response_j2_0p1_L12_neig160.json,b68921661e70386d904925ac39557d2a94bca347f71dee95046d3149ec90056f
NNN-TFIM,0.10000000000000001,12,145,2.667163354568786e-34,9.2285286481109849e-35,160,2.890128487724569,0.77681687802231947,1.0000000000000266,0,0.0059917353394472687,build/runs/a1-publication/work/nnn_tfim_expensive/checkpoints/response_j2_0p1_L12_neig160.json,b68921661e70386d904925ac39557d2a94bca347f71dee95046d3149ec90056f
NNN-TFIM,0.10000000000000001,12,146,2.2514618536439114e-34,7.7901790982881626e-35,160,2.890128487724569,0.77681687802231947,1.0000000000000266,0,0.0059917353394472687,build/runs/a1-publication/work/nnn_tfim_expensive/checkpoints/response_j2_0p1_L12_neig160.json,b68921661e70386d904925ac39557d2a94bca347f71dee95046d3149ec90056f
NNN-TFIM,0.10000000000000001,12,147,1.6320671342075271e-34,5.6470400576981689e-35,160,2.890128487724569,0.77681687802231947,1.0000000000000266,0,0.0059917353394472687,build/runs/a1-publication/work/nnn_tfim_expensive/checkpoints/response_j2_0p1_L12_neig160.json,b68921661e70386d904925ac39557d2a94bca347f71dee95046d3149ec90056f
NNN-TFIM,0.10000000000000001,12,148,1.3893268554025473e-34,4.8071456383462737e-35,160,2.890128487724569,0.77681687802231947,1.0000000000000266,0,0.0059917353394472687,build/runs/a1-publication/work/nnn_tfim_expensive/checkpoints/response_j2_0p1_L12_neig160.json,b68921661e70386d904925ac39557d2a94bca347f71dee95046d3149ec90056f
NNN-TFIM,0.10000000000000001,12,149,1.1373767272619096e-34,3.9353846449829614e-35,160,2.890128487724569,0.77681687802231947,1.0000000000000266,0,0.0059917353394472687,build/runs/a1-publication/work/nnn_tfim_expensive/checkpoints/response_j2_0p1_L12_neig160.json,b68921661e70386d904925ac39557d2a94bca347f71dee95046d3149ec90056f
NNN-TFIM,0.10000000000000001,12,150,7.6085352335908133e-35,2.6325941098837098e-35,160,2.890128487724569,0.77681687802231947,1.0000000000000266,0,0.0059917353394472687,build/runs/a1-publication/work/nnn_tfim_expensive/checkpoints/response_j2_0p1_L12_neig160.json,b68921661e70386d904925ac39557d2a94bca347f71dee95046d3149ec90056f
NNN-TFIM,0.10000000000000001,12,151,7.1140856662988232e-35,2.4615119004275909e-35,160,2.890128487724569,0.77681687802231947,1.0000000000000266,0,0.0059917353394472687,build/runs/a1-publication/work/nnn_tfim_expensive/checkpoints/response_j2_0p1_L12_neig160.json,b68921661e70386d904925ac39557d2a94bca347f71dee95046d3149ec90056f
NNN-TFIM,0.10000000000000001,12,152,6.2106871418340673e-35,2.1489311524429184e-35,160,2.890128487724569,0.77681687802231947,1.0000000000000266,0,0.0059917353394472687,build/runs/a1-publication/work/nnn_tfim_expensive/checkpoints/response_j2_0p1_L12_neig160.json,b68921661e70386d904925ac39557d2a94bca347f71dee95046d3149ec90056f
NNN-TFIM,0.10000000000000001,12,153,5.4205962899537832e-35,1.8755554685464798e-35,160,2.890128487724569,0.77681687802231947,1.0000000000000266,0,0.0059917353394472687,build/runs/a1-publication/work/nnn_tfim_expensive/checkpoints/response_j2_0p1_L12_neig160.json,b68921661e70386d904925ac39557d2a94bca347f71dee95046d3149ec90056f
NNN-TFIM,0.10000000000000001,12,154,4.5413982810933899e-35,1.5713482291124311e-35,160,2.890128487724569,0.77681687802231947,1.0000000000000266,0,0.0059917353394472687,build/runs/a1-publication/work/nnn_tfim_expensive/checkpoints/response_j2_0p1_L12_neig160.json,b68921661e70386d904925ac39557d2a94bca347f71dee95046d3149ec90056f
NNN-TFIM,0.10000000000000001,12,155,4.0969304759865097e-35,1.4175599781766344e-35,160,2.890128487724569,0.77681687802231947,1.0000000000000266,0,0.0059917353394472687,build/runs/a1-publication/work/nnn_tfim_expensive/checkpoints/response_j2_0p1_L12_neig160.json,b68921661e70386d904925ac39557d2a94bca347f71dee95046d3149ec90056f
NNN-TFIM,0.10000000000000001,12,156,2.5841972924319774e-35,8.9414616111636795e-36,160,2.890128487724569,0.77681687802231947,1.0000000000000266,0,0.0059917353394472687,build/runs/a1-publication/work/nnn_tfim_expensive/checkpoints/response_j2_0p1_L12_neig160.json,b68921661e70386d904925ac39557d2a94bca347f71dee95046d3149ec90056f
NNN-TFIM,0.10000000000000001,12,157,1.0155045256819845e-35,3.5137002731719473e-36,160,2.890128487724569,0.77681687802231947,1.0000000000000266,0,0.0059917353394472687,build/runs/a1-publication/work/nnn_tfim_expensive/checkpoints/response_j2_0p1_L12_neig160.json,b68921661e70386d904925ac39557d2a94bca347f71dee95046d3149ec90056f
NNN-TFIM,0.10000000000000001,12,158,8.0818029657109048e-36,2.7963472904534427e-36,160,2.890128487724569,0.77681687802231947,1.0000000000000266,0,0.0059917353394472687,build/runs/a1-publication/work/nnn_tfim_expensive/checkpoints/response_j2_0p1_L12_neig160.json,b68921661e70386d904925ac39557d2a94bca347f71dee95046d3149ec90056f
NNN-TFIM,0.10000000000000001,12,159,4.322785883414278e-36,1.4957071638076743e-36,160,2.890128487724569,0.77681687802231947,1.0000000000000266,0,0.0059917353394472687,build/runs/a1-publication/work/nnn_tfim_expensive/checkpoints/response_j2_0p1_L12_neig160.json,b68921661e70386d904925ac39557d2a94bca347f71dee95046d3149ec90056f
NNN-TFIM,0.10000000000000001,14,1,3.4436495365824724,0.86618162494824935,160,3.9756668086652329,0.75993661126842926,0.9999999997301533,2.6984670054019944e-10,0.0048863491706756246,build/runs/a1-publication/work/nnn_tfim_expensive/checkpoints/response_j2_0p1_L14_neig160.json,883fc415f9e8b3dc3a430908d7d7db0b1a63378474d7931b2cf202a2f6f706b1
NNN-TFIM,0.10000000000000001,14,2,0.37340005834395201,0.093921366229710576,160,3.9756668086652329,0.75993661126842926,0.9999999997301533,2.6984670054019944e-10,0.0048863491706756246,build/runs/a1-publication/work/nnn_tfim_expensive/checkpoints/response_j2_0p1_L14_neig160.json,883fc415f9e8b3dc3a430908d7d7db0b1a63378474d7931b2cf202a2f6f706b1
NNN-TFIM,0.10000000000000001,14,3,0.10941997843766406,0.02752242169770763,160,3.9756668086652329,0.75993661126842926,0.9999999997301533,2.6984670054019944e-10,0.0048863491706756246,build/runs/a1-publication/work/nnn_tfim_expensive/checkpoints/response_j2_0p1_L14_neig160.json,883fc415f9e8b3dc3a430908d7d7db0b1a63378474d7931b2cf202a2f6f706b1
NNN-TFIM,0.10000000000000001,14,4,0.035542591668826305,0.0089400327993681052,160,3.9756668086652329,0.75993661126842926,0.9999999997301533,2.6984670054019944e-10,0.0048863491706756246,build/runs/a1-publication/work/nnn_tfim_expensive/checkpoints/response_j2_0p1_L14_neig160.json,883fc415f9e8b3dc3a430908d7d7db0b1a63378474d7931b2cf202a2f6f706b1
NNN-TFIM,0.10000000000000001,14,5,0.010547482201897832,0.0026530095980148252,160,3.9756668086652329,0.75993661126842926,0.9999999997301533,2.6984670054019944e-10,0.0048863491706756246,build/runs/a1-publication/work/nnn_tfim_expensive/checkpoints/response_j2_0p1_L14_neig160.json,883fc415f9e8b3dc3a430908d7d7db0b1a63378474d7931b2cf202a2f6f706b1
NNN-TFIM,0.10000000000000001,14,6,0.0022745101827629012,0.00057210784812385519,160,3.9756668086652329,0.75993661126842926,0.9999999997301533,2.6984670054019944e-10,0.0048863491706756246,build/runs/a1-publication/work/nnn_tfim_expensive/checkpoints/response_j2_0p1_L14_neig160.json,883fc415f9e8b3dc3a430908d7d7db0b1a63378474d7931b2cf202a2f6f706b1
NNN-TFIM,0.10000000000000001,14,7,0.0002868345261642088,7.2147526432304052e-05,160,3.9756668086652329,0.75993661126842926,0.9999999997301533,2.6984670054019944e-10,0.0048863491706756246,build/runs/a1-publication/work/nnn_tfim_expensive/checkpoints/response_j2_0p1_L14_neig160.json,883fc415f9e8b3dc3a430908d7d7db0b1a63378474d7931b2cf202a2f6f706b1
NNN-TFIM,0.10000000000000001,14,8,9.3976428432900738e-05,2.3637903515473882e-05,160,3.9756668086652329,0.75993661126842926,0.9999999997301533,2.6984670054019944e-10,0.0048863491706756246,build/runs/a1-publication/work/nnn_tfim_expensive/checkpoints/response_j2_0p1_L14_neig160.json,883fc415f9e8b3dc3a430908d7d7db0b1a63378474d7931b2cf202a2f6f706b1
NNN-TFIM,0.10000000000000001,14,9,7.123753974272684e-05,1.7918387825523967e-05,160,3.9756668086652329,0.75993661126842926,0.9999999997301533,2.6984670054019944e-10,0.0048863491706756246,build/runs/a1-publication/work/nnn_tfim_expensive/checkpoints/response_j2_0p1_L14_neig160.json,883fc415f9e8b3dc3a430908d7d7db0b1a63378474d7931b2cf202a2f6f706b1
NNN-TFIM,0.10000000000000001,14,10,6.7425256287996345e-05,1.6959483662222013e-05,160,3.9756668086652329,0.75993661126842926,0.9999999997301533,2.6984670054019944e-10,0.0048863491706756246,build/runs/a1-publication/work/nnn_tfim_expensive/checkpoints/response_j2_0p1_L14_neig160.json,883fc415f9e8b3dc3a430908d7d7db0b1a63378474d7931b2cf202a2f6f706b1
NNN-TFIM,0.10000000000000001,14,11,6.2313547872164504e-05,1.5673734966005686e-05,160,3.9756668086652329,0.75993661126842926,0.9999999997301533,2.6984670054019944e-10,0.0048863491706756246,build/runs/a1-publication/work/nnn_tfim_expensive/checkpoints/response_j2_0p1_L14_neig160.json,883fc415f9e8b3dc3a430908d7d7db0b1a63378474d7931b2cf202a2f6f706b1
NNN-TFIM,0.10000000000000001,14,12,6.0998233049901257e-05,1.53428936542045e-05,160,3.9756668086652329,0.75993661126842926,0.9999999997301533,2.6984670054019944e-10,0.0048863491706756246,build/runs/a1-publication/work/nnn_tfim_expensive/checkpoints/response_j2_0p1_L14_neig160.json,883fc415f9e8b3dc3a430908d7d7db0b1a63378474d7931b2cf202a2f6f706b1
NNN-TFIM,0.10000000000000001,14,13,5.2846487605830613e-05,1.3292484040827603e-05,160,3.9756668086652329,0.75993661126842926,0.9999999997301533,2.6984670054019944e-10,0.0048863491706756246,build/runs/a1-publication/work/nnn_tfim_expensive/checkpoints/response_j2_0p1_L14_neig160.json,883fc415f9e8b3dc3a430908d7d7db0b1a63378474d7931b2cf202a2f6f706b1
NNN-TFIM,0.10000000000000001,14,14,4.1217002391106039e-05,1.0367318081402298e-05,160,3.9756668086652329,0.75993661126842926,0.9999999997301533,2.6984670054019944e-10,0.0048863491706756246,build/runs/a1-publication/work/nnn_tfim_expensive/checkpoints/response_j2_0p1_L14_neig160.json,883fc415f9e8b3dc3a430908d7d7db0b1a63378474d7931b2cf202a2f6f706b1
NNN-TFIM,0.10000000000000001,14,15,1.4646770234633e-05,3.6841040609110855e-06,160,3.9756668086652329,0.75993661126842926,0.9999999997301533,2.6984670054019944e-10,0.0048863491706756246,build/runs/a1-publication/work/nnn_tfim_expensive/checkpoints/response_j2_0p1_L14_neig160.json,883fc415f9e8b3dc3a430908d7d7db0b1a63378474d7931b2cf202a2f6f706b1
NNN-TFIM,0.10000000000000001,14,16,1.1372621207911226e-05,2.8605569217027528e-06,160,3.9756668086652329,0.75993661126842926,0.9999999997301533,2.6984670054019944e-10,0.0048863491706756246,build/runs/a1-publication/work/nnn_tfim_expensive/checkpoints/response_j2_0p1_L14_neig160.json,883fc415f9e8b3dc3a430908d7d7db0b1a63378474d7931b2cf202a2f6f706b1
NNN-TFIM,0.10000000000000001,14,17,1.0552363438981862e-05,2.654237376226367e-06,160,3.9756668086652329,0.75993661126842926,0.9999999997301533,2.6984670054019944e-10,0.0048863491706756246,build/runs/a1-publication/work/nnn_tfim_expensive/checkpoints/response_j2_0p1_L14_neig160.json,883fc415f9e8b3dc3a430908d7d7db0b1a63378474d7931b2cf202a2f6f706b1
NNN-TFIM,0.10000000000000001,14,18,1.0224077879505737e-05,2.5716636658840907e-06,160,3.9756668086652329,0.75993661126842926,0.9999999997301533,2.6984670054019944e-10,0.0048863491706756246,build/runs/a1-publication/work/nnn_tfim_expensive/checkpoints/response_j2_0p1_L14_neig160.json,883fc415f9e8b3dc3a430908d7d7db0b1a63378474d7931b2cf202a2f6f706b1
NNN-TFIM,0.10000000000000001,14,19,7.3818993843096734e-06,1.8567701317978478e-06,160,3.9756668086652329,0.75993661126842926,0.9999999997301533,2.6984670054019944e-10,0.0048863491706756246,build/runs/a1-publication/work/nnn_tfim_expensive/checkpoints/response_j2_0p1_L14_neig160.json,883fc415f9e8b3dc3a430908d7d7db0b1a63378474d7931b2cf202a2f6f706b1
NNN-TFIM,0.10000000000000001,14,20,6.3173298601694769e-06,1.5889988181103185e-06,160,3.9756668086652329,0.75993661126842926,0.9999999997301533,2.6984670054019944e-10,0.0048863491706756246,build/runs/a1-publication/work/nnn_tfim_expensive/checkpoints/response_j2_0p1_L14_neig160.json,883fc415f9e8b3dc3a430908d7d7db0b1a63378474d7931b2cf202a2f6f706b1
NNN-TFIM,0.10000000000000001,14,21,5.6183378118134584e-06,1.4131812554230938e-06,160,3.9756668086652329,0.75993661126842926,0.9999999997301533,2.6984670054019944e-10,0.0048863491706756246,build/runs/a1-publication/work/nnn_tfim_expensive/checkpoints/response_j2_0p1_L14_neig160.json,883fc415f9e8b3dc3a430908d7d7db0b1a63378474d7931b2cf202a2f6f706b1
NNN-TFIM,0.10000000000000001,14,22,4.8577013484412427e-06,1.2218582648459262e-06,160,3.9756668086652329,0.75993661126842926,0.9999999997301533,2.6984670054019944e-10,0.0048863491706756246,build/runs/a1-publication/work/nnn_tfim_expensive/checkpoints/response_j2_0p1_L14_neig160.json,883fc415f9e8b3dc3a430908d7d7db0b1a63378474d7931b2cf202a2f6f706b1
NNN-TFIM,0.10000000000000001,14,23,3.4662380385121814e-06,8.7186331383638159e-07,160,3.9756668086652329,0.75993661126842926,0.9999999997301533,2.6984670054019944e-10,0.0048863491706756246,build/runs/a1-publication/work/nnn_tfim_expensive/checkpoints/response_j2_0p1_L14_neig160.json,883fc415f9e8b3dc3a430908d7d7db0b1a63378474d7931b2cf202a2f6f706b1
NNN-TFIM,0.10000000000000001,14,24,3.207640500138946e-06,8.068182406905121e-07,160,3.9756668086652329,0.75993661126842926,0.9999999997301533,2.6984670054019944e-10,0.0048863491706756246,build/runs/a1-publication/work/nnn_tfim_expensive/checkpoints/response_j2_0p1_L14_neig160.json,883fc415f9e8b3dc3a430908d7d7db0b1a63378474d7931b2cf202a2f6f706b1
NNN-TFIM,0.10000000000000001,14,25,2.9620068295592593e-06,7.4503397093120743e-07,160,3.9756668086652329,0.75993661126842926,0.9999999997301533,2.6984670054019944e-10,0.0048863491706756246,build/runs/a1-publication/work/nnn_tfim_expensive/checkpoints/response_j2_0p1_L14_neig160.json,883fc415f9e8b3dc3a430908d7d7db0b1a63378474d7931b2cf202a2f6f706b1
NNN-TFIM,0.10000000000000001,14,26,2.5322965832849426e-06,6.3694889565836653e-07,160,3.9756668086652329,0.75993661126842926,0.9999999997301533,2.6984670054019944e-10,0.0048863491706756246,build/runs/a1-publication/work/nnn_tfim_expensive/checkpoints/response_j2_0p1_L14_neig160.json,883fc415f9e8b3dc3a430908d7d7db0b1a63378474d7931b2cf202a2f6f706b1
NNN-TFIM,0.10000000000000001,14,27,2.3487647184568955e-06,5.9078510134139131e-07,160,3.9756668086652329,0.75993661126842926,0.9999999997301533,2.6984670054019944e-10,0.0048863491706756246,build/runs/a1-publication/work/nnn_tfim_expensive/checkpoints/response_j2_0p1_L14_neig160.json,883fc415f9e8b3dc3a430908d7d7db0b1a63378474d7931b2cf202a2f6f706b1
NNN-TFIM,0.10000000000000001,14,28,1.4634772464592997e-06,3.681086260220682e-07,160,3.9756668086652329,0.75993661126842926,0.9999999997301533,2.6984670054019944e-10,0.0048863491706756246,build/runs/a1-publication/work/nnn_tfim_expensive/checkpoints/response_j2_0p1_L14_neig160.json,883fc415f9e8b3dc3a430908d7d7db0b1a63378474d7931b2cf202a2f6f706b1
NNN-TFIM,0.10000000000000001,14,29,1.1637429403070982e-06,2.9271641621743612e-07,160,3.9756668086652329,0.75993661126842926,0.9999999997301533,2.6984670054019944e-10,0.0048863491706756246,build/runs/a1-publication/work/nnn_tfim_expensive/checkpoints/response_j2_0p1_L14_neig160.json,883fc415f9e8b3dc3a430908d7d7db0b1a63378474d7931b2cf202a2f6f706b1
NNN-TFIM,0.10000000000000001,14,30,1.0581066725885184e-06,2.6614571177904139e-07,160,3.9756668086652329,0.75993661126842926,0.9999999997301533,2.6984670054019944e-10,0.0048863491706756246,build/runs/a1-publication/work/nnn_tfim_expensive/checkpoints/response_j2_0p1_L14_neig160.json,883fc415f9e8b3dc3a430908d7d7db0b1a63378474d7931b2cf202a2f6f706b1
NNN-TFIM,0.10000000000000001,14,31,9.4749641505841695e-07,2.3832389902324935e-07,160,3.9756668086652329,0.75993661126842926,0.9999999997301533,2.6984670054019944e-10,0.0048863491706756246,build/runs/a1-publication/work/nnn_tfim_expensive/checkpoints/response_j2_0p1_L14_neig160.json,883fc415f9e8b3dc3a430908d7d7db0b1a63378474d7931b2cf202a2f6f706b1
NNN-TFIM,0.10000000000000001,14,32,9.3383045882960229e-07,2.3488649923938698e-07,160,3.9756668086652329,0.75993661126842926,0.9999999997301533,2.6984670054019944e-10,0.0048863491706756246,build/runs/a1-publication/work/nnn_tfim_expensive/checkpoints/response_j2_0p1_L14_neig160.json,883fc415f9e8b3dc3a430908d7d7db0b1a63378474d7931b2cf202a2f6f706b1
NNN-TFIM,0.10000000000000001,14,33,8.4256401574629109e-07,2.1193023869854138e-07,160,3.9756668086652329,0.75993661126842926,0.9999999997301533,2.6984670054019944e-10,0.0048863491706756246,build/runs/a1-publication/work/nnn_tfim_expensive/checkpoints/response_j2_0p1_L14_neig160.json,883fc415f9e8b3dc3a430908d7d7db0b1a63378474d7931b2cf202a2f6f706b1
NNN-TFIM,0.10000000000000001,14,34,7.0106342372240638e-07,1.7633857600802752e-07,160,3.9756668086652329,0.75993661126842926,0.9999999997301533,2.6984670054019944e-10,0.0048863491706756246,build/runs/a1-publication/work/nnn_tfim_expensive/checkpoints/response_j2_0p1_L14_neig160.json,883fc415f9e8b3dc3a430908d7d7db0b1a63378474d7931b2cf202a2f6f706b1
NNN-TFIM,0.10000000000000001,14,35,6.0390436742883416e-07,1.5190014568438785e-07,160,3.9756668086652329,0.75993661126842926,0.9999999997301533,2.6984670054019944e-10,0.0048863491706756246,build/runs/a1-publication/work/nnn_tfim_expensive/checkpoints/response_j2_0p1_L14_neig160.json,883fc415f9e8b3dc3a430908d7d7db0b1a63378474d7931b2cf202a2f6f706b1
NNN-TFIM,0.10000000000000001,14,36,5.5851258400881289e-07,1.4048274437674133e-07,160,3.9756668086652329,0.75993661126842926,0.9999999997301533,2.6984670054019944e-10,0.0048863491706756246,build/runs/a1-publication/work/nnn_tfim_expensive/checkpoints/response_j2_0p1_L14_neig160.json,883fc415f9e8b3dc3a430908d7d7db0b1a63378474d7931b2cf202a2f6f706b1
NNN-TFIM,0.10000000000000001,14,37,5.4112530192397517e-07,1.3610931900645099e-07,160,3.9756668086652329,0.75993661126842926,0.9999999997301533,2.6984670054019944e-10,0.0048863491706756246,build/runs/a1-publication/work/nnn_tfim_expensive/checkpoints/response_j2_0p1_L14_neig160.json,883fc415f9e8b3dc3a430908d7d7db0b1a63378474d7931b2cf202a2f6f706b1
NNN-TFIM,0.10000000000000001,14,38,3.3657150087855659e-07,8.465787428286907e-08,160,3.9756668086652329,0.75993661126842926,0.9999999997301533,2.6984670054019944e-10,0.0048863491706756246,build/runs/a1-publication/work/nnn_tfim_expensive/checkpoints/response_j2_0p1_L14_neig160.json,883fc415f9e8b3dc3a430908d7d7db0b1a63378474d7931b2cf202a2f6f706b1
NNN-TFIM,0.10000000000000001,14,39,2.8464298787827546e-07,7.1596288516401062e-08,160,3.9756668086652329,0.75993661126842926,0.9999999997301533,2.6984670054019944e-10,0.0048863491706756246,build/runs/a1-publication/work/nnn_tfim_expensive/checkpoints/response_j2_0p1_L14_neig160.json,883fc415f9e8b3dc3a430908d7d7db0b1a63378474d7931b2cf202a2f6f706b1
NNN-TFIM,0.10000000000000001,14,40,1.6496075393894605e-07,4.1492600330440925e-08,160,3.9756668086652329,0.75993661126842926,0.9999999997301533,2.6984670054019944e-10,0.0048863491706756246,build/runs/a1-publication/work/nnn_tfim_expensive/checkpoints/response_j2_0p1_L14_neig160.json,883fc415f9e8b3dc3a430908d7d7db0b1a63378474d7931b2cf202a2f6f706b1
NNN-TFIM,0.10000000000000001,14,41,1.1923778922354264e-07,2.9991896947615391e-08,160,3.9756668086652329,0.75993661126842926,0.9999999997301533,2.6984670054019944e-10,0.0048863491706756246,build/runs/a1-publication/work/nnn_tfim_expensive/checkpoints/response_j2_0p1_L14_neig160.json,883fc415f9e8b3dc3a430908d7d7db0b1a63378474d7931b2cf202a2f6f706b1
NNN-TFIM,0.10000000000000001,14,42,1.1758312211362934e-07,2.9575698309865662e-08,160,3.9756668086652329,0.75993661126842926,0.9999999997301533,2.6984670054019944e-10,0.0048863491706756246,build/runs/a1-publication/work/nnn_tfim_expensive/checkpoints/response_j2_0p1_L14_neig160.json,883fc415f9e8b3dc3a430908d7d7db0b1a63378474d7931b2cf202a2f6f706b1
NNN-TFIM,0.10000000000000001,14,43,1.1724202318005486e-07,2.9489901649835944e-08,160,3.9756668086652329,0.75993661126842926,0.9999999997301533,2.6984670054019944e-10,0.0048863491706756246,build/runs/a1-publication/work/nnn_tfim_expensive/checkpoints/response_j2_0p1_L14_neig160.json,883fc415f9e8b3dc3a430908d7d7db0b1a63378474d7931b2cf202a2f6f706b1
NNN-TFIM,0.10000000000000001,14,44,9.1888286534445391e-08,2.3112672906635107e-08,160,3.9756668086652329,0.75993661126842926,0.9999999997301533,2.6984670054019944e-10,0.0048863491706756246,build/runs/a1-publication/work/nnn_tfim_expensive/checkpoints/response_j2_0p1_L14_neig160.json,883fc415f9e8b3dc3a430908d7d7db0b1a63378474d7931b2cf202a2f6f706b1
NNN-TFIM,0.10000000000000001,14,45,3.9124279526078439e-08,9.8409352214336586e-09,160,3.9756668086652329,0.75993661126842926,0.9999999997301533,2.6984670054019944e-10,0.0048863491706756246,build/runs/a1-publication/work/nnn_tfim_expensive/checkpoints/response_j2_0p1_L14_neig160.json,883fc415f9e8b3dc3a430908d7d7db0b1a63378474d7931b2cf202a2f6f706b1
NNN-TFIM,0.10000000000000001,14,46,3.5685277341365386e-08,8.9759225455178802e-09,160,3.9756668086652329,0.75993661126842926,0.9999999997301533,2.6984670054019944e-10,0.0048863491706756246,build/runs/a1-publication/work/nnn_tfim_expensive/checkpoints/response_j2_0p1_L14_neig160.json,883fc415f9e8b3dc3a430908d7d7db0b1a63378474d7931b2cf202a2f6f706b1
NNN-TFIM,0.10000000000000001,14,47,2.8887467831790837e-08,7.2660686174275621e-09,160,3.9756668086652329,0.75993661126842926,0.9999999997301533,2.6984670054019944e-10,0.0048863491706756246,build/runs/a1-publication/work/nnn_tfim_expensive/checkpoints/response_j2_0p1_L14_neig160.json,883fc415f9e8b3dc3a430908d7d7db0b1a63378474d7931b2cf202a2f6f706b1
NNN-TFIM,0.10000000000000001,14,48,2.781393804684082e-08,6.9960435281494096e-09,160,3.9756668086652329,0.75993661126842926,0.9999999997301533,2.6984670054019944e-10,0.0048863491706756246,build/runs/a1-publication/work/nnn_tfim_expensive/checkpoints/response_j2_0p1_L14_neig160.json,883fc415f9e8b3dc3a430908d7d7db0b1a63378474d7931b2cf202a2f6f706b1
NNN-TFIM,0.10000000000000001,14,49,1.827437493817606e-08,4.5965559534178851e-09,160,3.9756668086652329,0.75993661126842926,0.9999999997301533,2.6984670054019944e-10,0.0048863491706756246,build/runs/a1-publication/work/nnn_tfim_expensive/checkpoints/response_j2_0p1_L14_neig160.json,883fc415f9e8b3dc3a430908d7d7db0b1a63378474d7931b2cf202a2f6f706b1
NNN-TFIM,0.10000000000000001,14,50,1.7639226088449466e-08,4.4367968789546418e-09,160,3.9756668086652329,0.75993661126842926,0.9999999997301533,2.6984670054019944e-10,0.0048863491706756246,build/runs/a1-publication/work/nnn_tfim_expensive/checkpoints/response_j2_0p1_L14_neig160.json,883fc415f9e8b3dc3a430908d7d7db0b1a63378474d7931b2cf202a2f6f706b1
NNN-TFIM,0.10000000000000001,14,51,1.1705481642114881e-08,2.9442813508923828e-09,160,3.9756668086652329,0.75993661126842926,0.9999999997301533,2.6984670054019944e-10,0.0048863491706756246,build/runs/a1-publication/work/nnn_tfim_expensive/checkpoints/response_j2_0p1_L14_neig160.json,883fc415f9e8b3dc3a430908d7d7db0b1a63378474d7931b2cf202a2f6f706b1
NNN-TFIM,0.10000000000000001,14,52,1.1449661946644379e-08,2.8799349889404893e-09,160,3.9756668086652329,0.75993661126842926,0.9999999997301533,2.6984670054019944e-10,0.0048863491706756246,build/runs/a1-publication/work/nnn_tfim_expensive/checkpoints/response_j2_0p1_L14_neig160.json,883fc415f9e8b3dc3a430908d7d7db0b1a63378474d7931b2cf202a2f6f706b1
NNN-TFIM,0.10000000000000001,14,53,9.8031520461505858e-09,2.4657881351585996e-09,160,3.9756668086652329,0.75993661126842926,0.9999999997301533,2.6984670054019944e-10,0.0048863491706756246,build/runs/a1-publication/work/nnn_tfim_expensive/checkpoints/response_j2_0p1_L14_neig160.json,883fc415f9e8b3dc3a430908d7d7db0b1a63378474d7931b2cf202a2f6f706b1
NNN-TFIM,0.10000000000000001,14,54,7.3648348215514774e-09,1.8524778800626162e-09,160,3.9756668086652329,0.75993661126842926,0.9999999997301533,2.6984670054019944e-10,0.0048863491706756246,build/runs/a1-publication/work/nnn_tfim_expensive/checkpoints/response_j2_0p1_L14_neig160.json,883fc415f9e8b3dc3a430908d7d7db0b1a63378474d7931b2cf202a2f6f706b1
NNN-TFIM,0.10000000000000001,14,55,7.2339828323409553e-09,1.8195646618509388e-09,160,3.9756668086652329,0.75993661126842926,0.9999999997301533,2.6984670054019944e-10,0.0048863491706756246,build/runs/a1-publication/work/nnn_tfim_expensive/checkpoints/response_j2_0p1_L14_neig160.json,883fc415f9e8b3dc3a430908d7d7db0b1a63378474d7931b2cf202a2f6f706b1
NNN-TFIM,0.10000000000000001,14,56,6.0048330267009976e-09,1.5103964481160897e-09,160,3.9756668086652329,0.75993661126842926,0.9999999997301533,2.6984670054019944e-10,0.0048863491706756246,build/runs/a1-publication/work/nnn_tfim_expensive/checkpoints/response_j2_0p1_L14_neig160.json,883fc415f9e8b3dc3a430908d7d7db0b1a63378474d7931b2cf202a2f6f706b1
NNN-TFIM,0.10000000000000001,14,57,5.0821881019672729e-09,1.2783234477522871e-09,160,3.9756668086652329,0.75993661126842926,0.9999999997301533,2.6984670054019944e-10,0.0048863491706756246,build/runs/a1-publication/work/nnn_tfim_expensive/checkpoints/response_j2_0p1_L14_neig160.json,883fc415f9e8b3dc3a430908d7d7db0b1a63378474d7931b2cf202a2f6f706b1
NNN-TFIM,0.10000000000000001,14,58,4.6892804956559675e-09,1.1794953453934734e-09,160,3.9756668086652329,0.75993661126842926,0.9999999997301533,2.6984670054019944e-10,0.0048863491706756246,build/runs/a1-publication/work/nnn_tfim_expensive/checkpoints/response_j2_0p1_L14_neig160.json,883fc415f9e8b3dc3a430908d7d7db0b1a63378474d7931b2cf202a2f6f706b1
NNN-TFIM,0.10000000000000001,14,59,3.6638430423217913e-09,9.2156692666905568e-10,160,3.9756668086652329,0.75993661126842926,0.9999999997301533,2.6984670054019944e-10,0.0048863491706756246,build/runs/a1-publication/work/nnn_tfim_expensive/checkpoints/response_j2_0p1_L14_neig160.json,883fc415f9e8b3dc3a430908d7d7db0b1a63378474d7931b2cf202a2f6f706b1
NNN-TFIM,0.10000000000000001,14,60,3.4899071594117544e-09,8.7781681095741403e-10,160,3.9756668086652329,0.75993661126842926,0.9999999997301533,2.6984670054019944e-10,0.0048863491706756246,build/runs/a1-publication/work/nnn_tfim_expensive/checkpoints/response_j2_0p1_L14_neig160.json,883fc415f9e8b3dc3a430908d7d7db0b1a63378474d7931b2cf202a2f6f706b1
NNN-TFIM,0.10000000000000001,14,61,3.4384708188527137e-09,8.6487902139040819e-10,160,3.9756668086652329,0.75993661126842926,0.9999999997301533,2.6984670054019944e-10,0.0048863491706756246,build/runs/a1-publication/work/nnn_tfim_expensive/checkpoints/response_j2_0p1_L14_neig160.json,883fc415f9e8b3dc3a430908d7d7db0b1a63378474d7931b2cf202a2f6f706b1
NNN-TFIM,0.10000000000000001,14,62,3.1960532178087272e-09,8.0390369002822731e-10,160,3.9756668086652329,0.75993661126842926,0.9999999997301533,2.6984670054019944e-10,0.0048863491706756246,build/runs/a1-publication/work/nnn_tfim_expensive/checkpoints/response_j2_0p1_L14_neig160.json,883fc415f9e8b3dc3a430908d7d7db0b1a63378474d7931b2cf202a2f6f706b1
NNN-TFIM,0.10000000000000001,14,63,3.1566165853165465e-09,7.9398418862377715e-10,160,3.9756668086652329,0.75993661126842926,0.9999999997301533,2.6984670054019944e-10,0.0048863491706756246,build/runs/a1-publication/work/nnn_tfim_expensive/checkpoints/response_j2_0p1_L14_neig160.json,883fc415f9e8b3dc3a430908d7d7db0b1a63378474d7931b2cf202a2f6f706b1
NNN-TFIM,0.10000000000000001,14,64,2.6372554823042673e-09,6.6334922145794308e-10,160,3.9756668086652329,0.75993661126842926,0.9999999997301533,2.6984670054019944e-10,0.0048863491706756246,build/runs/a1-publication/work/nnn_tfim_expensive/checkpoints/response_j2_0p1_L14_neig160.json,883fc415f9e8b3dc3a430908d7d7db0b1a63378474d7931b2cf202a2f6f706b1
NNN-TFIM,0.10000000000000001,14,65,2.357345431970913e-09,5.9294340935033091e-10,160,3.9756668086652329,0.75993661126842926,0.9999999997301533,2.6984670054019944e-10,0.0048863491706756246,build/runs/a1-publication/work/nnn_tfim_expensive/checkpoints/response_j2_0p1_L14_neig160.json,883fc415f9e8b3dc3a430908d7d7db0b1a63378474d7931b2cf202a2f6f706b1
NNN-TFIM,0.10000000000000001,14,66,1.8457034643200954e-09,4.6425003732638274e-10,160,3.9756668086652329,0.75993661126842926,0.9999999997301533,2.6984670054019944e-10,0.0048863491706756246,build/runs/a1-publication/work/nnn_tfim_expensive/checkpoints/response_j2_0p1_L14_neig160.json,883fc415f9e8b3dc3a430908d7d7db0b1a63378474d7931b2cf202a2f6f706b1
NNN-TFIM,0.10000000000000001,14,67,1.6490732722988688e-09,4.1479161903220933e-10,160,3.9756668086652329,0.75993661126842926,0.9999999997301533,2.6984670054019944e-10,0.0048863491706756246,build/runs/a1-publication/work/nnn_tfim_expensive/checkpoints/response_j2_0p1_L14_neig160.json,883fc415f9e8b3dc3a430908d7d7db0b1a63378474d7931b2cf202a2f6f706b1
NNN-TFIM,0.10000000000000001,14,68,1.4090346377424076e-09,3.5441466942635184e-10,160,3.9756668086652329,0.75993661126842926,0.9999999997301533,2.6984670054019944e-10,0.0048863491706756246,build/runs/a1-publication/work/nnn_tfim_expensive/checkpoints/response_j2_0p1_L14_neig160.json,883fc415f9e8b3dc3a430908d7d7db0b1a63378474d7931b2cf202a2f6f706b1
NNN-TFIM,0.10000000000000001,14,69,9.5133525957543706e-10,2.3928948409407395e-10,160,3.9756668086652329,0.75993661126842926,0.9999999997301533,2.6984670054019944e-10,0.0048863491706756246,build/runs/a1-publication/work/nnn_tfim_expensive/checkpoints/response_j2_0p1_L14_neig160.json,883fc415f9e8b3dc3a430908d7d7db0b1a63378474d7931b2cf202a2f6f706b1
NNN-TFIM,0.10000000000000001,14,70,9.404957900482764e-10,2.3656303088538571e-10,160,3.9756668086652329,0.75993661126842926,0.9999999997301533,2.6984670054019944e-10,0.0048863491706756246,build/runs/a1-publication/work/nnn_tfim_expensive/checkpoints/response_j2_0p1_L14_neig160.json,883fc415f9e8b3dc3a430908d7d7db0b1a63378474d7931b2cf202a2f6f706b1
NNN-TFIM,0.10000000000000001,14,71,9.3264473535986379e-10,2.3458825405768458e-10,160,3.9756668086652329,0.75993661126842926,0.9999999997301533,2.6984670054019944e-10,0.0048863491706756246,build/runs/a1-publication/work/nnn_tfim_expensive/checkpoints/response_j2_0p1_L14_neig160.json,883fc415f9e8b3dc3a430908d7d7db0b1a63378474d7931b2cf202a2f6f706b1
NNN-TFIM,0.10000000000000001,14,72,8.7574701387734503e-10,2.2027676262220858e-10,160,3.9756668086652329,0.75993661126842926,0.9999999997301533,2.6984670054019944e-10,0.0048863491706756246,build/runs/a1-publication/work/nnn_tfim_expensive/checkpoints/response_j2_0p1_L14_neig160.json,883fc415f9e8b3dc3a430908d7d7db0b1a63378474d7931b2cf202a2f6f706b1
NNN-TFIM,0.10000000000000001,14,73,5.9127564564411333e-10,1.4872364161790126e-10,160,3.9756668086652329,0.75993661126842926,0.9999999997301533,2.6984670054019944e-10,0.0048863491706756246,build/runs/a1-publication/work/nnn_tfim_expensive/checkpoints/response_j2_0p1_L14_neig160.json,883fc415f9e8b3dc3a430908d7d7db0b1a63378474d7931b2cf202a2f6f706b1
NNN-TFIM,0.10000000000000001,14,74,5.6815992837610562e-10,1.4290934218575935e-10,160,3.9756668086652329,0.75993661126842926,0.9999999997301533,2.6984670054019944e-10,0.0048863491706756246,build/runs/a1-publication/work/nnn_tfim_expensive/checkpoints/response_j2_0p1_L14_neig160.json,883fc415f9e8b3dc3a430908d7d7db0b1a63378474d7931b2cf202a2f6f706b1
NNN-TFIM,0.10000000000000001,14,75,5.2646669974130684e-10,1.3242223885408035e-10,160,3.9756668086652329,0.75993661126842926,0.9999999997301533,2.6984670054019944e-10,0.0048863491706756246,build/runs/a1-publication/work/nnn_tfim_expensive/checkpoints/response_j2_0p1_L14_neig160.json,883fc415f9e8b3dc3a430908d7d7db0b1a63378474d7931b2cf202a2f6f706b1
NNN-TFIM,0.10000000000000001,14,76,4.6242342123252153e-10,1.163134245114904e-10,160,3.9756668086652329,0.75993661126842926,0.9999999997301533,2.6984670054019944e-10,0.0048863491706756246,build/runs/a1-publication/work/nnn_tfim_expensive/checkpoints/response_j2_0p1_L14_neig160.json,883fc415f9e8b3dc3a430908d7d7db0b1a63378474d7931b2cf202a2f6f706b1
NNN-TFIM,0.10000000000000001,14,77,4.047027247842759e-10,1.0179493007366692e-10,160,3.9756668086652329,0.75993661126842926,0.9999999997301533,2.6984670054019944e-10,0.0048863491706756246,build/runs/a1-publication/work/nnn_tfim_expensive/checkpoints/response_j2_0p1_L14_neig160.json,883fc415f9e8b3dc3a430908d7d7db0b1a63378474d7931b2cf202a2f6f706b1
NNN-TFIM,0.10000000000000001,14,78,3.7708373939418586e-10,9.4847923013142476e-11,160,3.9756668086652329,0.75993661126842926,0.9999999997301533,2.6984670054019944e-10,0.0048863491706756246,build/runs/a1-publication/work/nnn_tfim_expensive/checkpoints/response_j2_0p1_L14_neig160.json,883fc415f9e8b3dc3a430908d7d7db0b1a63378474d7931b2cf202a2f6f706b1
NNN-TFIM,0.10000000000000001,14,79,3.2941198900788932e-10,8.2857041311891064e-11,160,3.9756668086652329,0.75993661126842926,0.9999999997301533,2.6984670054019944e-10,0.0048863491706756246,build/runs/a1-publication/work/nnn_tfim_expensive/checkpoints/response_j2_0p1_L14_neig160.json,883fc415f9e8b3dc3a430908d7d7db0b1a63378474d7931b2cf202a2f6f706b1
NNN-TFIM,0.10000000000000001,14,80,2.9988802051538978e-10,7.5430873598804535e-11,160,3.9756668086652329,0.75993661126842926,0.9999999997301533,2.6984670054019944e-10,0.0048863491706756246,build/runs/a1-publication/work/nnn_tfim_expensive/checkpoints/response_j2_0p1_L14_neig160.json,883fc415f9e8b3dc3a430908d7d7db0b1a63378474d7931b2cf202a2f6f706b1
NNN-TFIM,0.10000000000000001,14,81,2.8115260580078624e-10,7.0718352249236596e-11,160,3.9756668086652329,0.75993661126842926,0.9999999997301533,2.6984670054019944e-10,0.0048863491706756246,build/runs/a1-publication/work/nnn_tfim_expensive/checkpoints/response_j2_0p1_L14_neig160.json,883fc415f9e8b3dc3a430908d7d7db0b1a63378474d7931b2cf202a2f6f706b1
NNN-TFIM,0.10000000000000001,14,82,2.5008441308158608e-10,6.2903765611471845e-11,160,3.9756668086652329,0.75993661126842926,0.9999999997301533,2.6984670054019944e-10,0.0048863491706756246,build/runs/a1-publication/work/nnn_tfim_expensive/checkpoints/response_j2_0p1_L14_neig160.json,883fc415f9e8b3dc3a430908d7d7db0b1a63378474d7931b2cf202a2f6f706b1
NNN-TFIM,0.10000000000000001,14,83,2.4840268415980185e-10,6.2480760112590797e-11,160,3.9756668086652329,0.75993661126842926,0.9999999997301533,2.6984670054019944e-10,0.0048863491706756246,build/runs/a1-publication/work/nnn_tfim_expensive/checkpoints/response_j2_0p1_L14_neig160.json,883fc415f9e8b3dc3a430908d7d7db0b1a63378474d7931b2cf202a2f6f706b1
NNN-TFIM,0.10000000000000001,14,84,2.3253795918684081e-10,5.8490303734711549e-11,160,3.9756668086652329,0.75993661126842926,0.9999999997301533,2.6984670054019944e-10,0.0048863491706756246,build/runs/a1-publication/work/nnn_tfim_expensive/checkpoints/response_j2_0p1_L14_neig160.json,883fc415f9e8b3dc3a430908d7d7db0b1a63378474d7931b2cf202a2f6f706b1
NNN-TFIM,0.10000000000000001,14,85,2.2916448686356584e-10,5.7641773793539852e-11,160,3.9756668086652329,0.75993661126842926,0.9999999997301533,2.6984670054019944e-10,0.0048863491706756246,build/runs/a1-publication/work/nnn_tfim_expensive/checkpoints/response_j2_0p1_L14_neig160.json,883fc415f9e8b3dc3a430908d7d7db0b1a63378474d7931b2cf202a2f6f706b1
NNN-TFIM,0.10000000000000001,14,86,1.8849194386834596e-10,4.7411403656240782e-11,160,3.9756668086652329,0.75993661126842926,0.9999999997301533,2.6984670054019944e-10,0.0048863491706756246,build/runs/a1-publication/work/nnn_tfim_expensive/checkpoints/response_j2_0p1_L14_neig160.json,883fc415f9e8b3dc3a430908d7d7db0b1a63378474d7931b2cf202a2f6f706b1
NNN-TFIM,0.10000000000000001,14,87,1.562489626698889e-10,3.9301322316380684e-11,160,3.9756668086652329,0.75993661126842926,0.9999999997301533,2.6984670054019944e-10,0.0048863491706756246,build/runs/a1-publication/work/nnn_tfim_expensive/checkpoints/response_j2_0p1_L14_neig160.json,883fc415f9e8b3dc3a430908d7d7db0b1a63378474d7931b2cf202a2f6f706b1
NNN-TFIM,0.10000000000000001,14,88,1.4812824805099719e-10,3.7258717890579191e-11,160,3.9756668086652329,0.75993661126842926,0.9999999997301533,2.6984670054019944e-10,0.0048863491706756246,build/runs/a1-publication/work/nnn_tfim_expensive/checkpoints/response_j2_0p1_L14_neig160.json,883fc415f9e8b3dc3a430908d7d7db0b1a63378474d7931b2cf202a2f6f706b1
NNN-TFIM,0.10000000000000001,14,89,1.3332264287868447e-10,3.353466205671431e-11,160,3.9756668086652329,0.75993661126842926,0.9999999997301533,2.6984670054019944e-10,0.0048863491706756246,build/runs/a1-publication/work/nnn_tfim_expensive/checkpoints/response_j2_0p1_L14_neig160.json,883fc415f9e8b3dc3a430908d7d7db0b1a63378474d7931b2cf202a2f6f706b1
NNN-TFIM,0.10000000000000001,14,90,1.2607841175333953e-10,3.1712519640364016e-11,160,3.9756668086652329,0.75993661126842926,0.9999999997301533,2.6984670054019944e-10,0.0048863491706756246,build/runs/a1-publication/work/nnn_tfim_expensive/checkpoints/response_j2_0p1_L14_neig160.json,883fc415f9e8b3dc3a430908d7d7db0b1a63378474d7931b2cf202a2f6f706b1
NNN-TFIM,0.10000000000000001,14,91,1.1854142642499146e-10,2.9816740720480516e-11,160,3.9756668086652329,0.75993661126842926,0.9999999997301533,2.6984670054019944e-10,0.0048863491706756246,build/runs/a1-publication/work/nnn_tfim_expensive/checkpoints/response_j2_0p1_L14_neig160.json,883fc415f9e8b3dc3a430908d7d7db0b1a63378474d7931b2cf202a2f6f706b1
NNN-TFIM,0.10000000000000001,14,92,8.0525911741722442e-11,2.0254693267104477e-11,160,3.9756668086652329,0.75993661126842926,0.9999999997301533,2.6984670054019944e-10,0.0048863491706756246,build/runs/a1-publication/work/nnn_tfim_expensive/checkpoints/response_j2_0p1_L14_neig160.json,883fc415f9e8b3dc3a430908d7d7db0b1a63378474d7931b2cf202a2f6f706b1
NNN-TFIM,0.10000000000000001,14,93,5.8478496499254836e-11,1.470910398522256e-11,160,3.9756668086652329,0.75993661126842926,0.9999999997301533,2.6984670054019944e-10,0.0048863491706756246,build/runs/a1-publication/work/nnn_tfim_expensive/checkpoints/response_j2_0p1_L14_neig160.json,883fc415f9e8b3dc3a430908d7d7db0b1a63378474d7931b2cf202a2f6f706b1
NNN-TFIM,0.10000000000000001,14,94,1.5454250049792137e-11,3.8872095659798657e-12,160,3.9756668086652329,0.75993661126842926,0.9999999997301533,2.6984670054019944e-10,0.0048863491706756246,build/runs/a1-publication/work/nnn_tfim_expensive/checkpoints/response_j2_0p1_L14_neig160.json,883fc415f9e8b3dc3a430908d7d7db0b1a63378474d7931b2cf202a2f6f706b1
NNN-TFIM,0.10000000000000001,14,95,1.3561526022895823e-11,3.4111324403085201e-12,160,3.9756668086652329,0.75993661126842926,0.9999999997301533,2.6984670054019944e-10,0.0048863491706756246,build/runs/a1-publication/work/nnn_tfim_expensive/checkpoints/response_j2_0p1_L14_neig160.json,883fc415f9e8b3dc3a430908d7d7db0b1a63378474d7931b2cf202a2f6f706b1
NNN-TFIM,0.10000000000000001,14,96,8.3644871799138297e-12,2.1039205704267944e-12,160,3.9756668086652329,0.75993661126842926,0.9999999997301533,2.6984670054019944e-10,0.0048863491706756246,build/runs/a1-publication/work/nnn_tfim_expensive/checkpoints/response_j2_0p1_L14_neig160.json,883fc415f9e8b3dc3a430908d7d7db0b1a63378474d7931b2cf202a2f6f706b1
NNN-TFIM,0.10000000000000001,14,97,3.348432840674338e-12,8.4223175679013232e-13,160,3.9756668086652329,0.75993661126842926,0.9999999997301533,2.6984670054019944e-10,0.0048863491706756246,build/runs/a1-publication/work/nnn_tfim_expensive/checkpoints/response_j2_0p1_L14_neig160.json,883fc415f9e8b3dc3a430908d7d7db0b1a63378474d7931b2cf202a2f6f706b1
NNN-TFIM,0.10000000000000001,14,98,1.5431718324453909e-12,3.8815421581153234e-13,160,3.9756668086652329,0.75993661126842926,0.9999999997301533,2.6984670054019944e-10,0.0048863491706756246,build/runs/a1-publication/work/nnn_tfim_expensive/checkpoints/response_j2_0p1_L14_neig160.json,883fc415f9e8b3dc3a430908d7d7db0b1a63378474d7931b2cf202a2f6f706b1
NNN-TFIM,0.10000000000000001,14,99,5.7797388966921081e-13,1.4537784917223894e-13,160,3.9756668086652329,0.75993661126842926,0.9999999997301533,2.6984670054019944e-10,0.0048863491706756246,build/runs/a1-publication/work/nnn_tfim_expensive/checkpoints/response_j2_0p1_L14_neig160.json,883fc415f9e8b3dc3a430908d7d7db0b1a63378474d7931b2cf202a2f6f706b1
NNN-TFIM,0.10000000000000001,14,100,3.4403902975568773e-13,8.6536182812360323e-14,160,3.9756668086652329,0.75993661126842926,0.9999999997301533,2.6984670054019944e-10,0.0048863491706756246,build/runs/a1-publication/work/nnn_tfim_expensive/checkpoints/response_j2_0p1_L14_neig160.json,883fc415f9e8b3dc3a430908d7d7db0b1a63378474d7931b2cf202a2f6f706b1
NNN-TFIM,0.10000000000000001,14,101,2.9678750152502485e-13,7.4650999645683729e-14,160,3.9756668086652329,0.75993661126842926,0.9999999997301533,2.6984670054019944e-10,0.0048863491706756246,build/runs/a1-publication/work/nnn_tfim_expensive/checkpoints/response_j2_0p1_L14_neig160.json,883fc415f9e8b3dc3a430908d7d7db0b1a63378474d7931b2cf202a2f6f706b1
NNN-TFIM,0.10000000000000001,14,102,3.191593039865202e-25,8.0278182087817582e-26,160,3.9756668086652329,0.75993661126842926,0.9999999997301533,2.6984670054019944e-10,0.0048863491706756246,build/runs/a1-publication/work/nnn_tfim_expensive/checkpoints/response_j2_0p1_L14_neig160.json,883fc415f9e8b3dc3a430908d7d7db0b1a63378474d7931b2cf202a2f6f706b1
NNN-TFIM,0.10000000000000001,14,103,4.7404964347926412e-26,1.1923776973614617e-26,160,3.9756668086652329,0.75993661126842926,0.9999999997301533,2.6984670054019944e-10,0.0048863491706756246,build/runs/a1-publication/work/nnn_tfim_expensive/checkpoints/response_j2_0p1_L14_neig160.json,883fc415f9e8b3dc3a430908d7d7db0b1a63378474d7931b2cf202a2f6f706b1
NNN-TFIM,0.10000000000000001,14,104,7.8893629537740211e-27,1.9844125107714321e-27,160,3.9756668086652329,0.75993661126842926,0.9999999997301533,2.6984670054019944e-10,0.0048863491706756246,build/runs/a1-publication/work/nnn_tfim_expensive/checkpoints/response_j2_0p1_L14_neig160.json,883fc415f9e8b3dc3a430908d7d7db0b1a63378474d7931b2cf202a2f6f706b1
NNN-TFIM,0.10000000000000001,14,105,1.21322463682976e-28,3.0516255391056803e-29,160,3.9756668086652329,0.75993661126842926,0.9999999997301533,2.6984670054019944e-10,0.0048863491706756246,build/runs/a1-publication/work/nnn_tfim_expensive/checkpoints/response_j2_0p1_L14_neig160.json,883fc415f9e8b3dc3a430908d7d7db0b1a63378474d7931b2cf202a2f6f706b1
NNN-TFIM,0.10000000000000001,14,106,1.0373682013980031e-28,2.6092936136825889e-29,160,3.9756668086652329,0.75993661126842926,0.9999999997301533,2.6984670054019944e-10,0.0048863491706756246,build/runs/a1-publication/work/nnn_tfim_expensive/checkpoints/response_j2_0p1_L14_neig160.json,883fc415f9e8b3dc3a430908d7d7db0b1a63378474d7931b2cf202a2f6f706b1
NNN-TFIM,0.10000000000000001,14,107,9.3954463243477454e-29,2.363237860846321e-29,160,3.9756668086652329,0.75993661126842926,0.9999999997301533,2.6984670054019944e-10,0.0048863491706756246,build/runs/a1-publication/work/nnn_tfim_expensive/checkpoints/response_j2_0p1_L14_neig160.json,883fc415f9e8b3dc3a430908d7d7db0b1a63378474d7931b2cf202a2f6f706b1
NNN-TFIM,0.10000000000000001,14,108,6.1454425386014924e-29,1.5457639773049107e-29,160,3.9756668086652329,0.75993661126842926,0.9999999997301533,2.6984670054019944e-10,0.0048863491706756246,build/runs/a1-publication/work/nnn_tfim_expensive/checkpoints/response_j2_0p1_L14_neig160.json,883fc415f9e8b3dc3a430908d7d7db0b1a63378474d7931b2cf202a2f6f706b1
NNN-TFIM,0.10000000000000001,14,109,5.9954253746335241e-29,1.5080301401430552e-29,160,3.9756668086652329,0.75993661126842926,0.9999999997301533,2.6984670054019944e-10,0.0048863491706756246,build/runs/a1-publication/work/nnn_tfim_expensive/checkpoints/response_j2_0p1_L14_neig160.json,883fc415f9e8b3dc3a430908d7d7db0b1a63378474d7931b2cf202a2f6f706b1
NNN-TFIM,0.10000000000000001,14,110,5.0070118214595117e-29,1.2594143479394181e-29,160,3.9756668086652329,0.75993661126842926,0.9999999997301533,2.6984670054019944e-10,0.0048863491706756246,build/runs/a1-publication/work/nnn_tfim_expensive/checkpoints/response_j2_0p1_L14_neig160.json,883fc415f9e8b3dc3a430908d7d7db0b1a63378474d7931b2cf202a2f6f706b1
NNN-TFIM,0.10000000000000001,14,111,4.9172299552575849e-29,1.2368315032185675e-29,160,3.9756668086652329,0.75993661126842926,0.9999999997301533,2.6984670054019944e-10,0.0048863491706756246,build/runs/a1-publication/work/nnn_tfim_expensive/checkpoints/response_j2_0p1_L14_neig160.json,883fc415f9e8b3dc3a430908d7d7db0b1a63378474d7931b2cf202a2f6f706b1
NNN-TFIM,0.10000000000000001,14,112,3.3816239177692806e-29,8.5058031281665861e-30,160,3.9756668086652329,0.75993661126842926,0.9999999997301533,2.6984670054019944e-10,0.0048863491706756246,build/runs/a1-publication/work/nnn_tfim_expensive/checkpoints/response_j2_0p1_L14_neig160.json,883fc415f9e8b3dc3a430908d7d7db0b1a63378474d7931b2cf202a2f6f706b1
NNN-TFIM,0.10000000000000001,14,113,2.6639799975061989e-29,6.7007124231333364e-30,160,3.9756668086652329,0.75993661126842926,0.9999999997301533,2.6984670054019944e-10,0.0048863491706756246,build/runs/a1-publication/work/nnn_tfim_expensive/checkpoints/response_j2_0p1_L14_neig160.json,883fc415f9e8b3dc3a430908d7d7db0b1a63378474d7931b2cf202a2f6f706b1
NNN-TFIM,0.10000000000000001,14,114,8.1756136265431094e-30,2.0564131804817774e-30,160,3.9756668086652329,0.75993661126842926,0.9999999997301533,2.6984670054019944e-10,0.0048863491706756246,build/runs/a1-publication/work/nnn_tfim_expensive/checkpoints/response_j2_0p1_L14_neig160.json,883fc415f9e8b3dc3a430908d7d7db0b1a63378474d7931b2cf202a2f6f706b1
NNN-TFIM,0.10000000000000001,14,115,3.5000716952994875e-30,8.8037349801820568e-31,160,3.9756668086652329,0.75993661126842926,0.9999999997301533,2.6984670054019944e-10,0.0048863491706756246,build/runs/a1-publication/work/nnn_tfim_expensive/checkpoints/response_j2_0p1_L14_neig160.json,883fc415f9e8b3dc3a430908d7d7db0b1a63378474d7931b2cf202a2f6f706b1
NNN-TFIM,0.10000000000000001,14,116,2.0957879349297188e-30,5.2715381740788948e-31,160,3.9756668086652329,0.75993661126842926,0.9999999997301533,2.6984670054019944e-10,0.0048863491706756246,build/runs/a1-publication/work/nnn_tfim_expensive/checkpoints/response_j2_0p1_L14_neig160.json,883fc415f9e8b3dc3a430908d7d7db0b1a63378474d7931b2cf202a2f6f706b1
NNN-TFIM,0.10000000000000001,14,117,1.2860741493790422e-30,3.2348640147005206e-31,160,3.9756668086652329,0.75993661126842926,0.9999999997301533,2.6984670054019944e-10,0.0048863491706756246,build/runs/a1-publication/work/nnn_tfim_expensive/checkpoints/response_j2_0p1_L14_neig160.json,883fc415f9e8b3dc3a430908d7d7db0b1a63378474d7931b2cf202a2f6f706b1
NNN-TFIM,0.10000000000000001,14,118,1.124211756625358e-30,2.8277313233972798e-31,160,3.9756668086652329,0.75993661126842926,0.9999999997301533,2.6984670054019944e-10,0.0048863491706756246,build/runs/a1-publication/work/nnn_tfim_expensive/checkpoints/response_j2_0p1_L14_neig160.json,883fc415f9e8b3dc3a430908d7d7db0b1a63378474d7931b2cf202a2f6f706b1
NNN-TFIM,0.10000000000000001,14,119,8.9864192548057443e-31,2.2603552277618536e-31,160,3.9756668086652329,0.75993661126842926,0.9999999997301533,2.6984670054019944e-10,0.0048863491706756246,build/runs/a1-publication/work/nnn_tfim_expensive/checkpoints/response_j2_0p1_L14_neig160.json,883fc415f9e8b3dc3a430908d7d7db0b1a63378474d7931b2cf202a2f6f706b1
NNN-TFIM,0.10000000000000001,14,120,7.6285463686558451e-31,1.9188092805033148e-31,160,3.9756668086652329,0.75993661126842926,0.9999999997301533,2.6984670054019944e-10,0.0048863491706756246,build/runs/a1-publication/work/nnn_tfim_expensive/checkpoints/response_j2_0p1_L14_neig160.json,883fc415f9e8b3dc3a430908d7d7db0b1a63378474d7931b2cf202a2f6f706b1
NNN-TFIM,0.10000000000000001,14,121,6.0950177438307513e-31,1.5330806219842796e-31,160,3.9756668086652329,0.75993661126842926,0.9999999997301533,2.6984670054019944e-10,0.0048863491706756246,build/runs/a1-publication/work/nnn_tfim_expensive/checkpoints/response_j2_0p1_L14_neig160.json,883fc415f9e8b3dc3a430908d7d7db0b1a63378474d7931b2cf202a2f6f706b1
NNN-TFIM,0.10000000000000001,14,122,4.573260048383123e-31,1.1503127068936953e-31,160,3.9756668086652329,0.75993661126842926,0.9999999997301533,2.6984670054019944e-10,0.0048863491706756246,build/runs/a1-publication/work/nnn_tfim_expensive/checkpoints/response_j2_0p1_L14_neig160.json,883fc415f9e8b3dc3a430908d7d7db0b1a63378474d7931b2cf202a2f6f706b1
NNN-TFIM,0.10000000000000001,14,123,4.2177288097347587e-31,1.0608858872534125e-31,160,3.9756668086652329,0.75993661126842926,0.9999999997301533,2.6984670054019944e-10,0.0048863491706756246,build/runs/a1-publication/work/nnn_tfim_expensive/checkpoints/response_j2_0p1_L14_neig160.json,883fc415f9e8b3dc3a430908d7d7db0b1a63378474d7931b2cf202a2f6f706b1
NNN-TFIM,0.10000000000000001,14,124,3.7783156028163327e-31,9.5036022500206504e-32,160,3.9756668086652329,0.75993661126842926,0.9999999997301533,2.6984670054019944e-10,0.0048863491706756246,build/runs/a1-publication/work/nnn_tfim_expensive/checkpoints/response_j2_0p1_L14_neig160.json,883fc415f9e8b3dc3a430908d7d7db0b1a63378474d7931b2cf202a2f6f706b1
NNN-TFIM,0.10000000000000001,14,125,2.4580473935987522e-31,6.1827298712288278e-32,160,3.9756668086652329,0.75993661126842926,0.9999999997301533,2.6984670054019944e-10,0.0048863491706756246,build/runs/a1-publication/work/nnn_tfim_expensive/checkpoints/response_j2_0p1_L14_neig160.json,883fc415f9e8b3dc3a430908d7d7db0b1a63378474d7931b2cf202a2f6f706b1
NNN-TFIM,0.10000000000000001,14,126,2.149319268692388e-31,5.4061856089343357e-32,160,3.9756668086652329,0.75993661126842926,0.9999999997301533,2.6984670054019944e-10,0.0048863491706756246,build/runs/a1-publication/work/nnn_tfim_expensive/checkpoints/response_j2_0p1_L14_neig160.json,883fc415f9e8b3dc3a430908d7d7db0b1a63378474d7931b2cf202a2f6f706b1
NNN-TFIM,0.10000000000000001,14,127,2.0563278070919067e-31,5.1722840621603454e-32,160,3.9756668086652329,0.75993661126842926,0.9999999997301533,2.6984670054019944e-10,0.0048863491706756246,build/runs/a1-publication/work/nnn_tfim_expensive/checkpoints/response_j2_0p1_L14_neig160.json,883fc415f9e8b3dc3a430908d7d7db0b1a63378474d7931b2cf202a2f6f706b1
NNN-TFIM,0.10000000000000001,14,128,1.8449279425704021e-31,4.6405497023776176e-32,160,3.9756668086652329,0.75993661126842926,0.9999999997301533,2.6984670054019944e-10,0.0048863491706756246,build/runs/a1-publication/work/nnn_tfim_expensive/checkpoints/response_j2_0p1_L14_neig160.json,883fc415f9e8b3dc3a430908d7d7db0b1a63378474d7931b2cf202a2f6f706b1
NNN-TFIM,0.10000000000000001,14,129,5.528246376234377e-32,1.390520544675724e-32,160,3.9756668086652329,0.75993661126842926,0.9999999997301533,2.6984670054019944e-10,0.0048863491706756246,build/runs/a1-publication/work/nnn_tfim_expensive/checkpoints/response_j2_0p1_L14_neig160.json,883fc415f9e8b3dc3a430908d7d7db0b1a63378474d7931b2cf202a2f6f706b1
NNN-TFIM,0.10000000000000001,14,130,3.5716111888353818e-32,8.9836783632139774e-33,160,3.9756668086652329,0.75993661126842926,0.9999999997301533,2.6984670054019944e-10,0.0048863491706756246,build/runs/a1-publication/work/nnn_tfim_expensive/checkpoints/response_j2_0p1_L14_neig160.json,883fc415f9e8b3dc3a430908d7d7db0b1a63378474d7931b2cf202a2f6f706b1
NNN-TFIM,0.10000000000000001,14,131,3.5028217366359685e-32,8.8106521628053267e-33,160,3.9756668086652329,0.75993661126842926,0.9999999997301533,2.6984670054019944e-10,0.0048863491706756246,build/runs/a1-publication/work/nnn_tfim_expensive/checkpoints/response_j2_0p1_L14_neig160.json,883fc415f9e8b3dc3a430908d7d7db0b1a63378474d7931b2cf202a2f6f706b1
NNN-TFIM,0.10000000000000001,14,132,2.2625367059866736e-32,5.6909615792131345e-33,160,3.9756668086652329,0.75993661126842926,0.9999999997301533,2.6984670054019944e-10,0.0048863491706756246,build/runs/a1-publication/work/nnn_tfim_expensive/checkpoints/response_j2_0p1_L14_neig160.json,883fc415f9e8b3dc3a430908d7d7db0b1a63378474d7931b2cf202a2f6f706b1
NNN-TFIM,0.10000000000000001,14,133,1.880404093455793e-32,4.7297829117805491e-33,160,3.9756668086652329,0.75993661126842926,0.9999999997301533,2.6984670054019944e-10,0.0048863491706756246,build/runs/a1-publication/work/nnn_tfim_expensive/checkpoints/response_j2_0p1_L14_neig160.json,883fc415f9e8b3dc3a430908d7d7db0b1a63378474d7931b2cf202a2f6f706b1
NNN-TFIM,0.10000000000000001,14,134,1.2831345230969885e-32,3.2274699688120512e-33,160,3.9756668086652329,0.75993661126842926,0.9999999997301533,2.6984670054019944e-10,0.0048863491706756246,build/runs/a1-publication/work/nnn_tfim_expensive/checkpoints/response_j2_0p1_L14_neig160.json,883fc415f9e8b3dc3a430908d7d7db0b1a63378474d7931b2cf202a2f6f706b1
NNN-TFIM,0.10000000000000001,14,135,1.2437172261973478e-32,3.1283235896091258e-33,160,3.9756668086652329,0.75993661126842926,0.9999999997301533,2.6984670054019944e-10,0.0048863491706756246,build/runs/a1-publication/work/nnn_tfim_expensive/checkpoints/response_j2_0p1_L14_neig160.json,883fc415f9e8b3dc3a430908d7d7db0b1a63378474d7931b2cf202a2f6f706b1
NNN-TFIM,0.10000000000000001,14,136,9.1751066808070325e-33,2.3078158010649361e-33,160,3.9756668086652329,0.75993661126842926,0.9999999997301533,2.6984670054019944e-10,0.0048863491706756246,build/runs/a1-publication/work/nnn_tfim_expensive/checkpoints/response_j2_0p1_L14_neig160.json,883fc415f9e8b3dc3a430908d7d7db0b1a63378474d7931b2cf202a2f6f706b1
NNN-TFIM,0.10000000000000001,14,137,8.9307881282520932e-33,2.2463623231169273e-33,160,3.9756668086652329,0.75993661126842926,0.9999999997301533,2.6984670054019944e-10,0.0048863491706756246,build/runs/a1-publication/work/nnn_tfim_expensive/checkpoints/response_j2_0p1_L14_neig160.json,883fc415f9e8b3dc3a430908d7d7db0b1a63378474d7931b2cf202a2f6f706b1
NNN-TFIM,0.10000000000000001,14,138,8.3623475489493966e-33,2.103382388766357e-33,160,3.9756668086652329,0.75993661126842926,0.9999999997301533,2.6984670054019944e-10,0.0048863491706756246,build/runs/a1-publication/work/nnn_tfim_expensive/checkpoints/response_j2_0p1_L14_neig160.json,883fc415f9e8b3dc3a430908d7d7db0b1a63378474d7931b2cf202a2f6f706b1
NNN-TFIM,0.10000000000000001,14,139,6.4575924720645426e-33,1.6242790914947363e-33,160,3.9756668086652329,0.75993661126842926,0.9999999997301533,2.6984670054019944e-10,0.0048863491706756246,build/runs/a1-publication/work/nnn_tfim_expensive/checkpoints/response_j2_0p1_L14_neig160.json,883fc415f9e8b3dc3a430908d7d7db0b1a63378474d7931b2cf202a2f6f706b1
NNN-TFIM,0.10000000000000001,14,140,5.6555110142182296e-33,1.4225314359572747e-33,160,3.9756668086652329,0.75993661126842926,0.9999999997301533,2.6984670054019944e-10,0.0048863491706756246,build/runs/a1-publication/work/nnn_tfim_expensive/checkpoints/response_j2_0p1_L14_neig160.json,883fc415f9e8b3dc3a430908d7d7db0b1a63378474d7931b2cf202a2f6f706b1
NNN-TFIM,0.10000000000000001,14,141,4.2485293363273094e-33,1.0686331477948188e-33,160,3.9756668086652329,0.75993661126842926,0.9999999997301533,2.6984670054019944e-10,0.0048863491706756246,build/runs/a1-publication/work/nnn_tfim_expensive/checkpoints/response_j2_0p1_L14_neig160.json,883fc415f9e8b3dc3a430908d7d7db0b1a63378474d7931b2cf202a2f6f706b1
NNN-TFIM,0.10000000000000001,14,142,2.865552535454252e-33,7.2077280953438751e-34,160,3.9756668086652329,0.75993661126842926,0.9999999997301533,2.6984670054019944e-10,0.0048863491706756246,build/runs/a1-publication/work/nnn_tfim_expensive/checkpoints/response_j2_0p1_L14_neig160.json,883fc415f9e8b3dc3a430908d7d7db0b1a63378474d7931b2cf202a2f6f706b1
NNN-TFIM,0.10000000000000001,14,143,2.7330492509973241e-33,6.8744424081023579e-34,160,3.9756668086652329,0.75993661126842926,0.9999999997301533,2.6984670054019944e-10,0.0048863491706756246,build/runs/a1-publication/work/nnn_tfim_expensive/checkpoints/response_j2_0p1_L14_neig160.json,883fc415f9e8b3dc3a430908d7d7db0b1a63378474d7931b2cf202a2f6f706b1
NNN-TFIM,0.10000000000000001,14,144,1.8754825402934697e-33,4.7174037225798938e-34,160,3.9756668086652329,0.75993661126842926,0.9999999997301533,2.6984670054019944e-10,0.0048863491706756246,build/runs/a1-publication/work/nnn_tfim_expensive/checkpoints/response_j2_0p1_L14_neig160.json,883fc415f9e8b3dc3a430908d7d7db0b1a63378474d7931b2cf202a2f6f706b1
NNN-TFIM,0.10000000000000001,14,145,6.446221198804488e-34,1.6214188736225368e-34,160,3.9756668086652329,0.75993661126842926,0.9999999997301533,2.6984670054019944e-10,0.0048863491706756246,build/runs/a1-publication/work/nnn_tfim_expensive/checkpoints/response_j2_0p1_L14_neig160.json,883fc415f9e8b3dc3a430908d7d7db0b1a63378474d7931b2cf202a2f6f706b1
NNN-TFIM,0.10000000000000001,14,146,5.3123042237042123e-34,1.3362045863918194e-34,160,3.9756668086652329,0.75993661126842926,0.9999999997301533,2.6984670054019944e-10,0.0048863491706756246,build/runs/a1-publication/work/nnn_tfim_expensive/checkpoints/response_j2_0p1_L14_neig160.json,883fc415f9e8b3dc3a430908d7d7db0b1a63378474d7931b2cf202a2f6f706b1
NNN-TFIM,0.10000000000000001,14,147,3.7288962481129489e-34,9.3792976815500966e-35,160,3.9756668086652329,0.75993661126842926,0.9999999997301533,2.6984670054019944e-10,0.0048863491706756246,build/runs/a1-publication/work/nnn_tfim_expensive/checkpoints/response_j2_0p1_L14_neig160.json,883fc415f9e8b3dc3a430908d7d7db0b1a63378474d7931b2cf202a2f6f706b1
NNN-TFIM,0.10000000000000001,14,148,2.5493114999162457e-34,6.4122865989671213e-35,160,3.9756668086652329,0.75993661126842926,0.9999999997301533,2.6984670054019944e-10,0.0048863491706756246,build/runs/a1-publication/work/nnn_tfim_expensive/checkpoints/response_j2_0p1_L14_neig160.json,883fc415f9e8b3dc3a430908d7d7db0b1a63378474d7931b2cf202a2f6f706b1
NNN-TFIM,0.10000000000000001,14,149,2.3130424310685869e-34,5.8179986965385416e-35,160,3.9756668086652329,0.75993661126842926,0.9999999997301533,2.6984670054019944e-10,0.0048863491706756246,build/runs/a1-publication/work/nnn_tfim_expensive/checkpoints/response_j2_0p1_L14_neig160.json,883fc415f9e8b3dc3a430908d7d7db0b1a63378474d7931b2cf202a2f6f706b1
NNN-TFIM,0.10000000000000001,14,150,1.8603534225112239e-34,4.6793494325441422e-35,160,3.9756668086652329,0.75993661126842926,0.9999999997301533,2.6984670054019944e-10,0.0048863491706756246,build/runs/a1-publication/work/nnn_tfim_expensive/checkpoints/response_j2_0p1_L14_neig160.json,883fc415f9e8b3dc3a430908d7d7db0b1a63378474d7931b2cf202a2f6f706b1
NNN-TFIM,0.10000000000000001,14,151,1.31633192860081e-34,3.310971446932565e-35,160,3.9756668086652329,0.75993661126842926,0.9999999997301533,2.6984670054019944e-10,0.0048863491706756246,build/runs/a1-publication/work/nnn_tfim_expensive/checkpoints/response_j2_0p1_L14_neig160.json,883fc415f9e8b3dc3a430908d7d7db0b1a63378474d7931b2cf202a2f6f706b1
NNN-TFIM,0.10000000000000001,14,152,8.6461265860306268e-35,2.174761367624121e-35,160,3.9756668086652329,0.75993661126842926,0.9999999997301533,2.6984670054019944e-10,0.0048863491706756246,build/runs/a1-publication/work/nnn_tfim_expensive/checkpoints/response_j2_0p1_L14_neig160.json,883fc415f9e8b3dc3a430908d7d7db0b1a63378474d7931b2cf202a2f6f706b1
NNN-TFIM,0.10000000000000001,14,153,6.3407425236662706e-35,1.594887808466795e-35,160,3.9756668086652329,0.75993661126842926,0.9999999997301533,2.6984670054019944e-10,0.0048863491706756246,build/runs/a1-publication/work/nnn_tfim_expensive/checkpoints/response_j2_0p1_L14_neig160.json,883fc415f9e8b3dc3a430908d7d7db0b1a63378474d7931b2cf202a2f6f706b1
NNN-TFIM,0.10000000000000001,14,154,3.4568621994645869e-35,8.69505007796459e-36,160,3.9756668086652329,0.75993661126842926,0.9999999997301533,2.6984670054019944e-10,0.0048863491706756246,build/runs/a1-publication/work/nnn_tfim_expensive/checkpoints/response_j2_0p1_L14_neig160.json,883fc415f9e8b3dc3a430908d7d7db0b1a63378474d7931b2cf202a2f6f706b1
NNN-TFIM,0.10000000000000001,14,155,2.634641496925886e-35,6.6269172536881305e-36,160,3.9756668086652329,0.75993661126842926,0.9999999997301533,2.6984670054019944e-10,0.0048863491706756246,build/runs/a1-publication/work/nnn_tfim_expensive/checkpoints/response_j2_0p1_L14_neig160.json,883fc415f9e8b3dc3a430908d7d7db0b1a63378474d7931b2cf202a2f6f706b1
NNN-TFIM,0.10000000000000001,14,156,2.4546506143149971e-35,6.1741859477884842e-36,160,3.9756668086652329,0.75993661126842926,0.9999999997301533,2.6984670054019944e-10,0.0048863491706756246,build/runs/a1-publication/work/nnn_tfim_expensive/checkpoints/response_j2_0p1_L14_neig160.json,883fc415f9e8b3dc3a430908d7d7db0b1a63378474d7931b2cf202a2f6f706b1
NNN-TFIM,0.10000000000000001,14,157,2.427531407254744e-35,6.1059729702795419e-36,160,3.9756668086652329,0.75993661126842926,0.9999999997301533,2.6984670054019944e-10,0.0048863491706756246,build/runs/a1-publication/work/nnn_tfim_expensive/checkpoints/response_j2_0p1_L14_neig160.json,883fc415f9e8b3dc3a430908d7d7db0b1a63378474d7931b2cf202a2f6f706b1
NNN-TFIM,0.10000000000000001,14,158,3.8074987307358867e-36,9.577006610406051e-37,160,3.9756668086652329,0.75993661126842926,0.9999999997301533,2.6984670054019944e-10,0.0048863491706756246,build/runs/a1-publication/work/nnn_tfim_expensive/checkpoints/response_j2_0p1_L14_neig160.json,883fc415f9e8b3dc3a430908d7d7db0b1a63378474d7931b2cf202a2f6f706b1
NNN-TFIM,0.10000000000000001,14,159,3.7274069699397555e-36,9.3755516981846211e-37,160,3.9756668086652329,0.75993661126842926,0.9999999997301533,2.6984670054019944e-10,0.0048863491706756246,build/runs/a1-publication/work/nnn_tfim_expensive/checkpoints/response_j2_0p1_L14_neig160.json,883fc415f9e8b3dc3a430908d7d7db0b1a63378474d7931b2cf202a2f6f706b1
NNN-TFIM,0.10000000000000001,16,1,4.4929533621001347,0.85864439374224111,160,5.2326124701268206,0.74726440015627027,0.99999998154834058,1.8451659422602518e-08,0.0049187043793741149,build/runs/a1-publication/work/nnn_tfim_expensive/checkpoints/response_j2_0p1_L16_neig160.json,2851970dd9614ad4d0f0a3ea762c5831665c805477cad0f86f226bec6b019b6b
NNN-TFIM,0.10000000000000001,16,2,0.49545516301332548,0.094686003567414453,160,5.2326124701268206,0.74726440015627027,0.99999998154834058,1.8451659422602518e-08,0.0049187043793741149,build/runs/a1-publication/work/nnn_tfim_expensive/checkpoints/response_j2_0p1_L16_neig160.json,2851970dd9614ad4d0f0a3ea762c5831665c805477cad0f86f226bec6b019b6b
NNN-TFIM,0.10000000000000001,16,3,0.15593918232714496,0.029801400966994507,160,5.2326124701268206,0.74726440015627027,0.99999998154834058,1.8451659422602518e-08,0.0049187043793741149,build/runs/a1-publication/work/nnn_tfim_expensive/checkpoints/response_j2_0p1_L16_neig160.json,2851970dd9614ad4d0f0a3ea762c5831665c805477cad0f86f226bec6b019b6b
NNN-TFIM,0.10000000000000001,16,4,0.058016929385945396,0.011087564714025012,160,5.2326124701268206,0.74726440015627027,0.99999998154834058,1.8451659422602518e-08,0.0049187043793741149,build/runs/a1-publication/work/nnn_tfim_expensive/checkpoints/response_j2_0p1_L16_neig160.json,2851970dd9614ad4d0f0a3ea762c5831665c805477cad0f86f226bec6b019b6b
NNN-TFIM,0.10000000000000001,16,5,0.020985683091048615,0.0040105555706364,160,5.2326124701268206,0.74726440015627027,0.99999998154834058,1.8451659422602518e-08,0.0049187043793741149,build/runs/a1-publication/work/nnn_tfim_expensive/checkpoints/response_j2_0p1_L16_neig160.json,2851970dd9614ad4d0f0a3ea762c5831665c805477cad0f86f226bec6b019b6b
NNN-TFIM,0.10000000000000001,16,6,0.006460108314737676,0.0012345856590027782,160,5.2326124701268206,0.74726440015627027,0.99999998154834058,1.8451659422602518e-08,0.0049187043793741149,build/runs/a1-publication/work/nnn_tfim_expensive/checkpoints/response_j2_0p1_L16_neig160.json,2851970dd9614ad4d0f0a3ea762c5831665c805477cad0f86f226bec6b019b6b
NNN-TFIM,0.10000000000000001,16,7,0.0015874828047458692,0.00030338245261021481,160,5.2326124701268206,0.74726440015627027,0.99999998154834058,1.8451659422602518e-08,0.0049187043793741149,build/runs/a1-publication/work/nnn_tfim_expensive/checkpoints/response_j2_0p1_L16_neig160.json,2851970dd9614ad4d0f0a3ea762c5831665c805477cad0f86f226bec6b019b6b
NNN-TFIM,0.10000000000000001,16,8,0.00037731403555370772,7.2108155860539571e-05,160,5.2326124701268206,0.74726440015627027,0.99999998154834058,1.8451659422602518e-08,0.0049187043793741149,build/runs/a1-publication/work/nnn_tfim_expensive/checkpoints/response_j2_0p1_L16_neig160.json,2851970dd9614ad4d0f0a3ea762c5831665c805477cad0f86f226bec6b019b6b
NNN-TFIM,0.10000000000000001,16,9,0.00013449091987916936,2.5702442259384394e-05,160,5.2326124701268206,0.74726440015627027,0.99999998154834058,1.8451659422602518e-08,0.0049187043793741149,build/runs/a1-publication/work/nnn_tfim_expensive/checkpoints/response_j2_0p1_L16_neig160.json,2851970dd9614ad4d0f0a3ea762c5831665c805477cad0f86f226bec6b019b6b
NNN-TFIM,0.10000000000000001,16,10,0.00012016886221271918,2.2965366324903227e-05,160,5.2326124701268206,0.74726440015627027,0.99999998154834058,1.8451659422602518e-08,0.0049187043793741149,build/runs/a1-publication/work/nnn_tfim_expensive/checkpoints/response_j2_0p1_L16_neig160.json,2851970dd9614ad4d0f0a3ea762c5831665c805477cad0f86f226bec6b019b6b
NNN-TFIM,0.10000000000000001,16,11,9.9591325098622179e-05,1.9032811175525181e-05,160,5.2326124701268206,0.74726440015627027,0.99999998154834058,1.8451659422602518e-08,0.0049187043793741149,build/runs/a1-publication/work/nnn_tfim_expensive/checkpoints/response_j2_0p1_L16_neig160.json,2851970dd9614ad4d0f0a3ea762c5831665c805477cad0f86f226bec6b019b6b
NNN-TFIM,0.10000000000000001,16,12,7.1310352103024193e-05,1.3628059121545432e-05,160,5.2326124701268206,0.74726440015627027,0.99999998154834058,1.8451659422602518e-08,0.0049187043793741149,build/runs/a1-publication/work/nnn_tfim_expensive/checkpoints/response_j2_0p1_L16_neig160.json,2851970dd9614ad4d0f0a3ea762c5831665c805477cad0f86f226bec6b019b6b
NNN-TFIM,0.10000000000000001,16,13,7.0320861602646831e-05,1.3438958456050634e-05,160,5.2326124701268206,0.74726440015627027,0.99999998154834058,1.8451659422602518e-08,0.0049187043793741149,build/runs/a1-publication/work/nnn_tfim_expensive/checkpoints/response_j2_0p1_L16_neig160.json,2851970dd9614ad4d0f0a3ea762c5831665c805477cad0f86f226bec6b019b6b
NNN-TFIM,0.10000000000000001,16,14,6.2555200979125635e-05,1.1954869835336671e-05,160,5.2326124701268206,0.74726440015627027,0.99999998154834058,1.8451659422602518e-08,0.0049187043793741149,build/runs/a1-publication/work/nnn_tfim_expensive/checkpoints/response_j2_0p1_L16_neig160.json,2851970dd9614ad4d0f0a3ea762c5831665c805477cad0f86f226bec6b019b6b
NNN-TFIM,0.10000000000000001,16,15,6.0275996008821149e-05,1.1519292963684786e-05,160,5.2326124701268206,0.74726440015627027,0.99999998154834058,1.8451659422602518e-08,0.0049187043793741149,build/runs/a1-publication/work/nnn_tfim_expensive/checkpoints/response_j2_0p1_L16_neig160.json,2851970dd9614ad4d0f0a3ea762c5831665c805477cad0f86f226bec6b019b6b
NNN-TFIM,0.10000000000000001,16,16,5.1333244158022181e-05,9.8102514663727892e-06,160,5.2326124701268206,0.74726440015627027,0.99999998154834058,1.8451659422602518e-08,0.0049187043793741149,build/runs/a1-publication/work/nnn_tfim_expensive/checkpoints/response_j2_0p1_L16_neig160.json,2851970dd9614ad4d0f0a3ea762c5831665c805477cad0f86f226bec6b019b6b
NNN-TFIM,0.10000000000000001,16,17,4.1930961189435424e-05,8.0133893784072192e-06,160,5.2326124701268206,0.74726440015627027,0.99999998154834058,1.8451659422602518e-08,0.0049187043793741149,build/runs/a1-publication/work/nnn_tfim_expensive/checkpoints/response_j2_0p1_L16_neig160.json,2851970dd9614ad4d0f0a3ea762c5831665c805477cad0f86f226bec6b019b6b
NNN-TFIM,0.10000000000000001,16,18,2.0016947144005759e-05,3.8254212897062902e-06,160,5.2326124701268206,0.74726440015627027,0.99999998154834058,1.8451659422602518e-08,0.0049187043793741149,build/runs/a1-publication/work/nnn_tfim_expensive/checkpoints/response_j2_0p1_L16_neig160.json,2851970dd9614ad4d0f0a3ea762c5831665c805477cad0f86f226bec6b019b6b
NNN-TFIM,0.10000000000000001,16,19,1.2263925706103578e-05,2.3437481327193226e-06,160,5.2326124701268206,0.74726440015627027,0.99999998154834058,1.8451659422602518e-08,0.0049187043793741149,build/runs/a1-publication/work/nnn_tfim_expensive/checkpoints/response_j2_0p1_L16_neig160.json,2851970dd9614ad4d0f0a3ea762c5831665c805477cad0f86f226bec6b019b6b
NNN-TFIM,0.10000000000000001,16,20,1.0363355037319999e-05,1.9805317318040993e-06,160,5.2326124701268206,0.74726440015627027,0.99999998154834058,1.8451659422602518e-08,0.0049187043793741149,build/runs/a1-publication/work/nnn_tfim_expensive/checkpoints/response_j2_0p1_L16_neig160.json,2851970dd9614ad4d0f0a3ea762c5831665c805477cad0f86f226bec6b019b6b
NNN-TFIM,0.10000000000000001,16,21,6.8146236642068372e-06,1.3023367778737252e-06,160,5.2326124701268206,0.74726440015627027,0.99999998154834058,1.8451659422602518e-08,0.0049187043793741149,build/runs/a1-publication/work/nnn_tfim_expensive/checkpoints/response_j2_0p1_L16_neig160.json,2851970dd9614ad4d0f0a3ea762c5831665c805477cad0f86f226bec6b019b6b
NNN-TFIM,0.10000000000000001,16,22,6.6215369449050964e-06,1.2654361435530908e-06,160,5.2326124701268206,0.74726440015627027,0.99999998154834058,1.8451659422602518e-08,0.0049187043793741149,build/runs/a1-publication/work/nnn_tfim_expensive/checkpoints/response_j2_0p1_L16_neig160.json,2851970dd9614ad4d0f0a3ea762c5831665c805477cad0f86f226bec6b019b6b
NNN-TFIM,0.10000000000000001,16,23,6.4406287085587709e-06,1.2308629284757013e-06,160,5.2326124701268206,0.74726440015627027,0.99999998154834058,1.8451659422602518e-08,0.0049187043793741149,build/runs/a1-publication/work/nnn_tfim_expensive/checkpoints/response_j2_0p1_L16_neig160.json,2851970dd9614ad4d0f0a3ea762c5831665c805477cad0f86f226bec6b019b6b
NNN-TFIM,0.10000000000000001,16,24,6.1091400495881369e-06,1.1675124203188073e-06,160,5.2326124701268206,0.74726440015627027,0.99999998154834058,1.8451659422602518e-08,0.0049187043793741149,build/runs/a1-publication/work/nnn_tfim_expensive/checkpoints/response_j2_0p1_L16_neig160.json,2851970dd9614ad4d0f0a3ea762c5831665c805477cad0f86f226bec6b019b6b
NNN-TFIM,0.10000000000000001,16,25,6.0686683516805606e-06,1.1597779094719537e-06,160,5.2326124701268206,0.74726440015627027,0.99999998154834058,1.8451659422602518e-08,0.0049187043793741149,build/runs/a1-publication/work/nnn_tfim_expensive/checkpoints/response_j2_0p1_L16_neig160.json,2851970dd9614ad4d0f0a3ea762c5831665c805477cad0f86f226bec6b019b6b
NNN-TFIM,0.10000000000000001,16,26,6.0561650654473108e-06,1.1573884173579035e-06,160,5.2326124701268206,0.74726440015627027,0.99999998154834058,1.8451659422602518e-08,0.0049187043793741149,build/runs/a1-publication/work/nnn_tfim_expensive/checkpoints/response_j2_0p1_L16_neig160.json,2851970dd9614ad4d0f0a3ea762c5831665c805477cad0f86f226bec6b019b6b
NNN-TFIM,0.10000000000000001,16,27,5.9043542557376949e-06,1.1283759860769114e-06,160,5.2326124701268206,0.74726440015627027,0.99999998154834058,1.8451659422602518e-08,0.0049187043793741149,build/runs/a1-publication/work/nnn_tfim_expensive/checkpoints/response_j2_0p1_L16_neig160.json,2851970dd9614ad4d0f0a3ea762c5831665c805477cad0f86f226bec6b019b6b
NNN-TFIM,0.10000000000000001,16,28,5.1717093812863463e-06,9.8836086387284135e-07,160,5.2326124701268206,0.74726440015627027,0.99999998154834058,1.8451659422602518e-08,0.0049187043793741149,build/runs/a1-publication/work/nnn_tfim_expensive/checkpoints/response_j2_0p1_L16_neig160.json,2851970dd9614ad4d0f0a3ea762c5831665c805477cad0f86f226bec6b019b6b
NNN-TFIM,0.10000000000000001,16,29,4.8985151515599686e-06,9.3615095318557866e-07,160,5.2326124701268206,0.74726440015627027,0.99999998154834058,1.8451659422602518e-08,0.0049187043793741149,build/runs/a1-publication/work/nnn_tfim_expensive/checkpoints/response_j2_0p1_L16_neig160.json,2851970dd9614ad4d0f0a3ea762c5831665c805477cad0f86f226bec6b019b6b
NNN-TFIM,0.10000000000000001,16,30,4.1252498211637079e-06,7.883728911160367e-07,160,5.2326124701268206,0.74726440015627027,0.99999998154834058,1.8451659422602518e-08,0.0049187043793741149,build/runs/a1-publication/work/nnn_tfim_expensive/checkpoints/response_j2_0p1_L16_neig160.json,2851970dd9614ad4d0f0a3ea762c5831665c805477cad0f86f226bec6b019b6b
NNN-TFIM,0.10000000000000001,16,31,2.7476300798945376e-06,5.2509718531247248e-07,160,5.2326124701268206,0.74726440015627027,0.99999998154834058,1.8451659422602518e-08,0.0049187043793741149,build/runs/a1-publication/work/nnn_tfim_expensive/checkpoints/response_j2_0p1_L16_neig160.json,2851970dd9614ad4d0f0a3ea762c5831665c805477cad0f86f226bec6b019b6b
NNN-TFIM,0.10000000000000001,16,32,2.5893227307836673e-06,4.948432060593455e-07,160,5.2326124701268206,0.74726440015627027,0.99999998154834058,1.8451659422602518e-08,0.0049187043793741149,build/runs/a1-publication/work/nnn_tfim_expensive/checkpoints/response_j2_0p1_L16_neig160.json,2851970dd9614ad4d0f0a3ea762c5831665c805477cad0f86f226bec6b019b6b
NNN-TFIM,0.10000000000000001,16,33,2.3621214284171256e-06,4.5142296355836873e-07,160,5.2326124701268206,0.74726440015627027,0.99999998154834058,1.8451659422602518e-08,0.0049187043793741149,build/runs/a1-publication/work/nnn_tfim_expensive/checkpoints/response_j2_0p1_L16_neig160.json,2851970dd9614ad4d0f0a3ea762c5831665c805477cad0f86f226bec6b019b6b
NNN-TFIM,0.10000000000000001,16,34,1.6618024577117383e-06,3.1758561659190901e-07,160,5.2326124701268206,0.74726440015627027,0.99999998154834058,1.8451659422602518e-08,0.0049187043793741149,build/runs/a1-publication/work/nnn_tfim_expensive/checkpoints/response_j2_0p1_L16_neig160.json,2851970dd9614ad4d0f0a3ea762c5831665c805477cad0f86f226bec6b019b6b
NNN-TFIM,0.10000000000000001,16,35,1.3539018525697601e-06,2.5874300080490124e-07,160,5.2326124701268206,0.74726440015627027,0.99999998154834058,1.8451659422602518e-08,0.0049187043793741149,build/runs/a1-publication/work/nnn_tfim_expensive/checkpoints/response_j2_0p1_L16_neig160.json,2851970dd9614ad4d0f0a3ea762c5831665c805477cad0f86f226bec6b019b6b
NNN-TFIM,0.10000000000000001,16,36,1.260828143171482e-06,2.4095576547462607e-07,160,5.2326124701268206,0.74726440015627027,0.99999998154834058,1.8451659422602518e-08,0.0049187043793741149,build/runs/a1-publication/work/nnn_tfim_expensive/checkpoints/response_j2_0p1_L16_neig160.json,2851970dd9614ad4d0f0a3ea762c5831665c805477cad0f86f226bec6b019b6b
NNN-TFIM,0.10000000000000001,16,37,1.2394586214506165e-06,2.3687185483861683e-07,160,5.2326124701268206,0.74726440015627027,0.99999998154834058,1.8451659422602518e-08,0.0049187043793741149,build/runs/a1-publication/work/nnn_tfim_expensive/checkpoints/response_j2_0p1_L16_neig160.json,2851970dd9614ad4d0f0a3ea762c5831665c805477cad0f86f226bec6b019b6b
NNN-TFIM,0.10000000000000001,16,38,1.1695856048313623e-06,2.2351848364627995e-07,160,5.2326124701268206,0.74726440015627027,0.99999998154834058,1.8451659422602518e-08,0.0049187043793741149,build/runs/a1-publication/work/nnn_tfim_expensive/checkpoints/response_j2_0p1_L16_neig160.json,2851970dd9614ad4d0f0a3ea762c5831665c805477cad0f86f226bec6b019b6b
NNN-TFIM,0.10000000000000001,16,39,1.0887098792028748e-06,2.0806239434285646e-07,160,5.2326124701268206,0.74726440015627027,0.99999998154834058,1.8451659422602518e-08,0.0049187043793741149,build/runs/a1-publication/work/nnn_tfim_expensive/checkpoints/response_j2_0p1_L16_neig160.json,2851970dd9614ad4d0f0a3ea762c5831665c805477cad0f86f226bec6b019b6b
NNN-TFIM,0.10000000000000001,16,40,1.0570183633742082e-06,2.0200585642616673e-07,160,5.2326124701268206,0.74726440015627027,0.99999998154834058,1.8451659422602518e-08,0.0049187043793741149,build/runs/a1-publication/work/nnn_tfim_expensive/checkpoints/response_j2_0p1_L16_neig160.json,2851970dd9614ad4d0f0a3ea762c5831665c805477cad0f86f226bec6b019b6b
NNN-TFIM,0.10000000000000001,16,41,8.7283923294020101e-07,1.6680754363585546e-07,160,5.2326124701268206,0.74726440015627027,0.99999998154834058,1.8451659422602518e-08,0.0049187043793741149,build/runs/a1-publication/work/nnn_tfim_expensive/checkpoints/response_j2_0p1_L16_neig160.json,2851970dd9614ad4d0f0a3ea762c5831665c805477cad0f86f226bec6b019b6b
NNN-TFIM,0.10000000000000001,16,42,6.8136381868000471e-07,1.3021484441470415e-07,160,5.2326124701268206,0.74726440015627027,0.99999998154834058,1.8451659422602518e-08,0.0049187043793741149,build/runs/a1-publication/work/nnn_tfim_expensive/checkpoints/response_j2_0p1_L16_neig160.json,2851970dd9614ad4d0f0a3ea762c5831665c805477cad0f86f226bec6b019b6b
NNN-TFIM,0.10000000000000001,16,43,6.7871549298170995e-07,1.297087252030457e-07,160,5.2326124701268206,0.74726440015627027,0.99999998154834058,1.8451659422602518e-08,0.0049187043793741149,build/runs/a1-publication/work/nnn_tfim_expensive/checkpoints/response_j2_0p1_L16_neig160.json,2851970dd9614ad4d0f0a3ea762c5831665c805477cad0f86f226bec6b019b6b
NNN-TFIM,0.10000000000000001,16,44,6.7687470774039814e-07,1.2935693434296942e-07,160,5.2326124701268206,0.74726440015627027,0.99999998154834058,1.8451659422602518e-08,0.0049187043793741149,build/runs/a1-publication/work/nnn_tfim_expensive/checkpoints/response_j2_0p1_L16_neig160.json,2851970dd9614ad4d0f0a3ea762c5831665c805477cad0f86f226bec6b019b6b
NNN-TFIM,0.10000000000000001,16,45,5.4150982913918001e-07,1.0348747059536317e-07,160,5.2326124701268206,0.74726440015627027,0.99999998154834058,1.8451659422602518e-08,0.0049187043793741149,build/runs/a1-publication/work/nnn_tfim_expensive/checkpoints/response_j2_0p1_L16_neig160.json,2851970dd9614ad4d0f0a3ea762c5831665c805477cad0f86f226bec6b019b6b
NNN-TFIM,0.10000000000000001,16,46,5.2522199391073048e-07,1.0037471662754359e-07,160,5.2326124701268206,0.74726440015627027,0.99999998154834058,1.8451659422602518e-08,0.0049187043793741149,build/runs/a1-publication/work/nnn_tfim_expensive/checkpoints/response_j2_0p1_L16_neig160.json,2851970dd9614ad4d0f0a3ea762c5831665c805477cad0f86f226bec6b019b6b
NNN-TFIM,0.10000000000000001,16,47,5.2357536126505835e-07,1.0006003010048414e-07,160,5.2326124701268206,0.74726440015627027,0.99999998154834058,1.8451659422602518e-08,0.0049187043793741149,build/runs/a1-publication/work/nnn_tfim_expensive/checkpoints/response_j2_0p1_L16_neig160.json,2851970dd9614ad4d0f0a3ea762c5831665c805477cad0f86f226bec6b019b6b
NNN-TFIM,0.10000000000000001,16,48,3.9672329490820742e-07,7.5817442467431994e-08,160,5.2326124701268206,0.74726440015627027,0.99999998154834058,1.8451659422602518e-08,0.0049187043793741149,build/runs/a1-publication/work/nnn_tfim_expensive/checkpoints/response_j2_0p1_L16_neig160.json,2851970dd9614ad4d0f0a3ea762c5831665c805477cad0f86f226bec6b019b6b
NNN-TFIM,0.10000000000000001,16,49,3.430564341119482e-07,6.5561215563061498e-08,160,5.2326124701268206,0.74726440015627027,0.99999998154834058,1.8451659422602518e-08,0.0049187043793741149,build/runs/a1-publication/work/nnn_tfim_expensive/checkpoints/response_j2_0p1_L16_neig160.json,2851970dd9614ad4d0f0a3ea762c5831665c805477cad0f86f226bec6b019b6b
NNN-TFIM,0.10000000000000001,16,50,3.0530853185051573e-07,5.8347246923698917e-08,160,5.2326124701268206,0.74726440015627027,0.99999998154834058,1.8451659422602518e-08,0.0049187043793741149,build/runs/a1-publication/work/nnn_tfim_expensive/checkpoints/response_j2_0p1_L16_neig160.json,2851970dd9614ad4d0f0a3ea762c5831665c805477cad0f86f226bec6b019b6b
NNN-TFIM,0.10000000000000001,16,51,2.867638660821668e-07,5.48031920420846e-08,160,5.2326124701268206,0.74726440015627027,0.99999998154834058,1.8451659422602518e-08,0.0049187043793741149,build/runs/a1-publication/work/nnn_tfim_expensive/checkpoints/response_j2_0p1_L16_neig160.json,2851970dd9614ad4d0f0a3ea762c5831665c805477cad0f86f226bec6b019b6b
NNN-TFIM,0.10000000000000001,16,52,2.6814494418674012e-07,5.1244946136865585e-08,160,5.2326124701268206,0.74726440015627027,0.99999998154834058,1.8451659422602518e-08,0.0049187043793741149,build/runs/a1-publication/work/nnn_tfim_expensive/checkpoints/response_j2_0p1_L16_neig160.json,2851970dd9614ad4d0f0a3ea762c5831665c805477cad0f86f226bec6b019b6b
NNN-TFIM,0.10000000000000001,16,53,2.3572100334238671e-07,4.5048435114988293e-08,160,5.2326124701268206,0.74726440015627027,0.99999998154834058,1.8451659422602518e-08,0.0049187043793741149,build/runs/a1-publication/work/nnn_tfim_expensive/checkpoints/response_j2_0p1_L16_neig160.json,2851970dd9614ad4d0f0a3ea762c5831665c805477cad0f86f226bec6b019b6b
NNN-TFIM,0.10000000000000001,16,54,2.3221464710942134e-07,4.4378338437089201e-08,160,5.2326124701268206,0.74726440015627027,0.99999998154834058,1.8451659422602518e-08,0.0049187043793741149,build/runs/a1-publication/work/nnn_tfim_expensive/checkpoints/response_j2_0p1_L16_neig160.json,2851970dd9614ad4d0f0a3ea762c5831665c805477cad0f86f226bec6b019b6b
NNN-TFIM,0.10000000000000001,16,55,2.0053995303597352e-07,3.8325015311350414e-08,160,5.2326124701268206,0.74726440015627027,0.99999998154834058,1.8451659422602518e-08,0.0049187043793741149,build/runs/a1-publication/work/nnn_tfim_expensive/checkpoints/response_j2_0p1_L16_neig160.json,2851970dd9614ad4d0f0a3ea762c5831665c805477cad0f86f226bec6b019b6b
NNN-TFIM,0.10000000000000001,16,56,1.8187579259147489e-07,3.4758123906520993e-08,160,5.2326124701268206,0.74726440015627027,0.99999998154834058,1.8451659422602518e-08,0.0049187043793741149,build/runs/a1-publication/work/nnn_tfim_expensive/checkpoints/response_j2_0p1_L16_neig160.json,2851970dd9614ad4d0f0a3ea762c5831665c805477cad0f86f226bec6b019b6b
NNN-TFIM,0.10000000000000001,16,57,1.0609969213034525e-07,2.0276619515791079e-08,160,5.2326124701268206,0.74726440015627027,0.99999998154834058,1.8451659422602518e-08,0.0049187043793741149,build/runs/a1-publication/work/nnn_tfim_expensive/checkpoints/response_j2_0p1_L16_neig160.json,2851970dd9614ad4d0f0a3ea762c5831665c805477cad0f86f226bec6b019b6b
NNN-TFIM,0.10000000000000001,16,58,9.2035128510335383e-08,1.7588753043678918e-08,160,5.2326124701268206,0.74726440015627027,0.99999998154834058,1.8451659422602518e-08,0.0049187043793741149,build/runs/a1-publication/work/nnn_tfim_expensive/checkpoints/response_j2_0p1_L16_neig160.json,2851970dd9614ad4d0f0a3ea762c5831665c805477cad0f86f226bec6b019b6b
NNN-TFIM,0.10000000000000001,16,59,8.9106926541324213e-08,1.7029146922314423e-08,160,5.2326124701268206,0.74726440015627027,0.99999998154834058,1.8451659422602518e-08,0.0049187043793741149,build/runs/a1-publication/work/nnn_tfim_expensive/checkpoints/response_j2_0p1_L16_neig160.json,2851970dd9614ad4d0f0a3ea762c5831665c805477cad0f86f226bec6b019b6b
NNN-TFIM,0.10000000000000001,16,60,8.5857369592398367e-08,1.6408126931348593e-08,160,5.2326124701268206,0.74726440015627027,0.99999998154834058,1.8451659422602518e-08,0.0049187043793741149,build/runs/a1-publication/work/nnn_tfim_expensive/checkpoints/response_j2_0p1_L16_neig160.json,2851970dd9614ad4d0f0a3ea762c5831665c805477cad0f86f226bec6b019b6b
NNN-TFIM,0.10000000000000001,16,61,5.1177554463552042e-08,9.7804977448122917e-09,160,5.2326124701268206,0.74726440015627027,0.99999998154834058,1.8451659422602518e-08,0.0049187043793741149,build/runs/a1-publication/work/nnn_tfim_expensive/checkpoints/response_j2_0p1_L16_neig160.json,2851970dd9614ad4d0f0a3ea762c5831665c805477cad0f86f226bec6b019b6b
NNN-TFIM,0.10000000000000001,16,62,4.9101980972536944e-08,9.3838367073544967e-09,160,5.2326124701268206,0.74726440015627027,0.99999998154834058,1.8451659422602518e-08,0.0049187043793741149,build/runs/a1-publication/work/nnn_tfim_expensive/checkpoints/response_j2_0p1_L16_neig160.json,2851970dd9614ad4d0f0a3ea762c5831665c805477cad0f86f226bec6b019b6b
NNN-TFIM,0.10000000000000001,16,63,4.8576120280594867e-08,9.2833399297038989e-09,160,5.2326124701268206,0.74726440015627027,0.99999998154834058,1.8451659422602518e-08,0.0049187043793741149,build/runs/a1-publication/work/nnn_tfim_expensive/checkpoints/response_j2_0p1_L16_neig160.json,2851970dd9614ad4d0f0a3ea762c5831665c805477cad0f86f226bec6b019b6b
NNN-TFIM,0.10000000000000001,16,64,4.7984147679554786e-08,9.1702085628351182e-09,160,5.2326124701268206,0.74726440015627027,0.99999998154834058,1.8451659422602518e-08,0.0049187043793741149,build/runs/a1-publication/work/nnn_tfim_expensive/checkpoints/response_j2_0p1_L16_neig160.json,2851970dd9614ad4d0f0a3ea762c5831665c805477cad0f86f226bec6b019b6b
NNN-TFIM,0.10000000000000001,16,65,3.5745292860303625e-08,6.8312517054100285e-09,160,5.2326124701268206,0.74726440015627027,0.99999998154834058,1.8451659422602518e-08,0.0049187043793741149,build/runs/a1-publication/work/nnn_tfim_expensive/checkpoints/response_j2_0p1_L16_neig160.json,2851970dd9614ad4d0f0a3ea762c5831665c805477cad0f86f226bec6b019b6b
NNN-TFIM,0.10000000000000001,16,66,3.1430511473293038e-08,6.0066576022457231e-09,160,5.2326124701268206,0.74726440015627027,0.99999998154834058,1.8451659422602518e-08,0.0049187043793741149,build/runs/a1-publication/work/nnn_tfim_expensive/checkpoints/response_j2_0p1_L16_neig160.json,2851970dd9614ad4d0f0a3ea762c5831665c805477cad0f86f226bec6b019b6b
NNN-TFIM,0.10000000000000001,16,67,2.8330619103326689e-08,5.4142398782763388e-09,160,5.2326124701268206,0.74726440015627027,0.99999998154834058,1.8451659422602518e-08,0.0049187043793741149,build/runs/a1-publication/work/nnn_tfim_expensive/checkpoints/response_j2_0p1_L16_neig160.json,2851970dd9614ad4d0f0a3ea762c5831665c805477cad0f86f226bec6b019b6b
NNN-TFIM,0.10000000000000001,16,68,2.5193175792274539e-08,4.8146458267458784e-09,160,5.2326124701268206,0.74726440015627027,0.99999998154834058,1.8451659422602518e-08,0.0049187043793741149,build/runs/a1-publication/work/nnn_tfim_expensive/checkpoints/response_j2_0p1_L16_neig160.json,2851970dd9614ad4d0f0a3ea762c5831665c805477cad0f86f226bec6b019b6b
NNN-TFIM,0.10000000000000001,16,69,2.2212916953622579e-08,4.2450911624808735e-09,160,5.2326124701268206,0.74726440015627027,0.99999998154834058,1.8451659422602518e-08,0.0049187043793741149,build/runs/a1-publication/work/nnn_tfim_expensive/checkpoints/response_j2_0p1_L16_neig160.json,2851970dd9614ad4d0f0a3ea762c5831665c805477cad0f86f226bec6b019b6b
NNN-TFIM,0.10000000000000001,16,70,1.7787057138329491e-08,3.3992689578822169e-09,160,5.2326124701268206,0.74726440015627027,0.99999998154834058,1.8451659422602518e-08,0.0049187043793741149,build/runs/a1-publication/work/nnn_tfim_expensive/checkpoints/response_j2_0p1_L16_neig160.json,2851970dd9614ad4d0f0a3ea762c5831665c805477cad0f86f226bec6b019b6b
NNN-TFIM,0.10000000000000001,16,71,1.6947817330520463e-08,3.2388825710438494e-09,160,5.2326124701268206,0.74726440015627027,0.99999998154834058,1.8451659422602518e-08,0.0049187043793741149,build/runs/a1-publication/work/nnn_tfim_expensive/checkpoints/response_j2_0p1_L16_neig160.json,2851970dd9614ad4d0f0a3ea762c5831665c805477cad0f86f226bec6b019b6b
NNN-TFIM,0.10000000000000001,16,72,1.2856493025201754e-08,2.456993155636874e-09,160,5.2326124701268206,0.74726440015627027,0.99999998154834058,1.8451659422602518e-08,0.0049187043793741149,build/runs/a1-publication/work/nnn_tfim_expensive/checkpoints/response_j2_0p1_L16_neig160.json,2851970dd9614ad4d0f0a3ea762c5831665c805477cad0f86f226bec6b019b6b
NNN-TFIM,0.10000000000000001,16,73,1.2311648483417388e-08,2.3528683910197913e-09,160,5.2326124701268206,0.74726440015627027,0.99999998154834058,1.8451659422602518e-08,0.0049187043793741149,build/runs/a1-publication/work/nnn_tfim_expensive/checkpoints/response_j2_0p1_L16_neig160.json,2851970dd9614ad4d0f0a3ea762c5831665c805477cad0f86f226bec6b019b6b
NNN-TFIM,0.10000000000000001,16,74,1.1250893703327586e-08,2.1501484712577811e-09,160,5.2326124701268206,0.74726440015627027,0.99999998154834058,1.8451659422602518e-08,0.0049187043793741149,build/runs/a1-publication/work/nnn_tfim_expensive/checkpoints/response_j2_0p1_L16_neig160.json,2851970dd9614ad4d0f0a3ea762c5831665c805477cad0f86f226bec6b019b6b
NNN-TFIM,0.10000000000000001,16,75,1.0970582820790972e-08,2.096578503266282e-09,160,5.2326124701268206,0.74726440015627027,0.99999998154834058,1.8451659422602518e-08,0.0049187043793741149,build/runs/a1-publication/work/nnn_tfim_expensive/checkpoints/response_j2_0p1_L16_neig160.json,2851970dd9614ad4d0f0a3ea762c5831665c805477cad0f86f226bec6b019b6b
NNN-TFIM,0.10000000000000001,16,76,8.0544154478263759e-09,1.5392723030435243e-09,160,5.2326124701268206,0.74726440015627027,0.99999998154834058,1.8451659422602518e-08,0.0049187043793741149,build/runs/a1-publication/work/nnn_tfim_expensive/checkpoints/response_j2_0p1_L16_neig160.json,2851970dd9614ad4d0f0a3ea762c5831665c805477cad0f86f226bec6b019b6b
NNN-TFIM,0.10000000000000001,16,77,6.9118250399392328e-09,1.3209128479127967e-09,160,5.2326124701268206,0.74726440015627027,0.99999998154834058,1.8451659422602518e-08,0.0049187043793741149,build/runs/a1-publication/work/nnn_tfim_expensive/checkpoints/response_j2_0p1_L16_neig160.json,2851970dd9614ad4d0f0a3ea762c5831665c805477cad0f86f226bec6b019b6b
NNN-TFIM,0.10000000000000001,16,78,3.6422400876570351e-09,6.9606532271417376e-10,160,5.2326124701268206,0.74726440015627027,0.99999998154834058,1.8451659422602518e-08,0.0049187043793741149,build/runs/a1-publication/work/nnn_tfim_expensive/checkpoints/response_j2_0p1_L16_neig160.json,2851970dd9614ad4d0f0a3ea762c5831665c805477cad0f86f226bec6b019b6b
NNN-TFIM,0.10000000000000001,16,79,3.6350264042354105e-09,6.9468672197452259e-10,160,5.2326124701268206,0.74726440015627027,0.99999998154834058,1.8451659422602518e-08,0.0049187043793741149,build/runs/a1-publication/work/nnn_tfim_expensive/checkpoints/response_j2_0p1_L16_neig160.json,2851970dd9614ad4d0f0a3ea762c5831665c805477cad0f86f226bec6b019b6b
NNN-TFIM,0.10000000000000001,16,80,2.888711850006051e-09,5.5205919920456834e-10,160,5.2326124701268206,0.74726440015627027,0.99999998154834058,1.8451659422602518e-08,0.0049187043793741149,build/runs/a1-publication/work/nnn_tfim_expensive/checkpoints/response_j2_0p1_L16_neig160.json,2851970dd9614ad4d0f0a3ea762c5831665c805477cad0f86f226bec6b019b6b
NNN-TFIM,0.10000000000000001,16,81,2.824896615359369e-09,5.3986352543529813e-10,160,5.2326124701268206,0.74726440015627027,0.99999998154834058,1.8451659422602518e-08,0.0049187043793741149,build/runs/a1-publication/work/nnn_tfim_expensive/checkpoints/response_j2_0p1_L16_neig160.json,2851970dd9614ad4d0f0a3ea762c5831665c805477cad0f86f226bec6b019b6b
NNN-TFIM,0.10000000000000001,16,82,2.2018973925992283e-09,4.2080268798233053e-10,160,5.2326124701268206,0.74726440015627027,0.99999998154834058,1.8451659422602518e-08,0.0049187043793741149,build/runs/a1-publication/work/nnn_tfim_expensive/checkpoints/response_j2_0p1_L16_neig160.json,2851970dd9614ad4d0f0a3ea762c5831665c805477cad0f86f226bec6b019b6b
NNN-TFIM,0.10000000000000001,16,83,1.7122022999413751e-09,3.2721748643080331e-10,160,5.2326124701268206,0.74726440015627027,0.99999998154834058,1.8451659422602518e-08,0.0049187043793741149,build/runs/a1-publication/work/nnn_tfim_expensive/checkpoints/response_j2_0p1_L16_neig160.json,2851970dd9614ad4d0f0a3ea762c5831665c805477cad0f86f226bec6b019b6b
NNN-TFIM,0.10000000000000001,16,84,1.6203557457845859e-09,3.0966477166716572e-10,160,5.2326124701268206,0.74726440015627027,0.99999998154834058,1.8451659422602518e-08,0.0049187043793741149,build/runs/a1-publication/work/nnn_tfim_expensive/checkpoints/response_j2_0p1_L16_neig160.json,2851970dd9614ad4d0f0a3ea762c5831665c805477cad0f86f226bec6b019b6b
NNN-TFIM,0.10000000000000001,16,85,1.4482666388537516e-09,2.7677697271142468e-10,160,5.2326124701268206,0.74726440015627027,0.99999998154834058,1.8451659422602518e-08,0.0049187043793741149,build/runs/a1-publication/work/nnn_tfim_expensive/checkpoints/response_j2_0p1_L16_neig160.json,2851970dd9614ad4d0f0a3ea762c5831665c805477cad0f86f226bec6b019b6b
NNN-TFIM,0.10000000000000001,16,86,1.1882159910221301e-09,2.2707892048297088e-10,160,5.2326124701268206,0.74726440015627027,0.99999998154834058,1.8451659422602518e-08,0.0049187043793741149,build/runs/a1-publication/work/nnn_tfim_expensive/checkpoints/response_j2_0p1_L16_neig160.json,2851970dd9614ad4d0f0a3ea762c5831665c805477cad0f86f226bec6b019b6b
NNN-TFIM,0.10000000000000001,16,87,7.0349650766956479e-10,1.3444460328102885e-10,160,5.2326124701268206,0.74726440015627027,0.99999998154834058,1.8451659422602518e-08,0.0049187043793741149,build/runs/a1-publication/work/nnn_tfim_expensive/checkpoints/response_j2_0p1_L16_neig160.json,2851970dd9614ad4d0f0a3ea762c5831665c805477cad0f86f226bec6b019b6b
NNN-TFIM,0.10000000000000001,16,88,6.6361898086062222e-10,1.268236439539996e-10,160,5.2326124701268206,0.74726440015627027,0.99999998154834058,1.8451659422602518e-08,0.0049187043793741149,build/runs/a1-publication/work/nnn_tfim_expensive/checkpoints/response_j2_0p1_L16_neig160.json,2851970dd9614ad4d0f0a3ea762c5831665c805477cad0f86f226bec6b019b6b
NNN-TFIM,0.10000000000000001,16,89,6.6203413268783689e-10,1.2652076500360277e-10,160,5.2326124701268206,0.74726440015627027,0.99999998154834058,1.8451659422602518e-08,0.0049187043793741149,build/runs/a1-publication/work/nnn_tfim_expensive/checkpoints/response_j2_0p1_L16_neig160.json,2851970dd9614ad4d0f0a3ea762c5831665c805477cad0f86f226bec6b019b6b
NNN-TFIM,0.10000000000000001,16,90,6.3693577335341445e-10,1.217242394673224e-10,160,5.2326124701268206,0.74726440015627027,0.99999998154834058,1.8451659422602518e-08,0.0049187043793741149,build/runs/a1-publication/work/nnn_tfim_expensive/checkpoints/response_j2_0p1_L16_neig160.json,2851970dd9614ad4d0f0a3ea762c5831665c805477cad0f86f226bec6b019b6b
NNN-TFIM,0.10000000000000001,16,91,5.740681767171219e-10,1.0970966797073136e-10,160,5.2326124701268206,0.74726440015627027,0.99999998154834058,1.8451659422602518e-08,0.0049187043793741149,build/runs/a1-publication/work/nnn_tfim_expensive/checkpoints/response_j2_0p1_L16_neig160.json,2851970dd9614ad4d0f0a3ea762c5831665c805477cad0f86f226bec6b019b6b
NNN-TFIM,0.10000000000000001,16,92,2.5258130193166435e-10,4.8270592055815405e-11,160,5.2326124701268206,0.74726440015627027,0.99999998154834058,1.8451659422602518e-08,0.0049187043793741149,build/runs/a1-publication/work/nnn_tfim_expensive/checkpoints/response_j2_0p1_L16_neig160.json,2851970dd9614ad4d0f0a3ea762c5831665c805477cad0f86f226bec6b019b6b
NNN-TFIM,0.10000000000000001,16,93,2.1534882168035096e-10,4.1155125266735381e-11,160,5.2326124701268206,0.74726440015627027,0.99999998154834058,1.8451659422602518e-08,0.0049187043793741149,build/runs/a1-publication/work/nnn_tfim_expensive/checkpoints/response_j2_0p1_L16_neig160.json,2851970dd9614ad4d0f0a3ea762c5831665c805477cad0f86f226bec6b019b6b
NNN-TFIM,0.10000000000000001,16,94,1.5691624714003296e-10,2.9988126970203445e-11,160,5.2326124701268206,0.74726440015627027,0.99999998154834058,1.8451659422602518e-08,0.0049187043793741149,build/runs/a1-publication/work/nnn_tfim_expensive/checkpoints/response_j2_0p1_L16_neig160.json,2851970dd9614ad4d0f0a3ea762c5831665c805477cad0f86f226bec6b019b6b
NNN-TFIM,0.10000000000000001,16,95,8.1551178699623598e-11,1.5585174550036395e-11,160,5.2326124701268206,0.74726440015627027,0.99999998154834058,1.8451659422602518e-08,0.0049187043793741149,build/runs/a1-publication/work/nnn_tfim_expensive/checkpoints/response_j2_0p1_L16_neig160.json,2851970dd9614ad4d0f0a3ea762c5831665c805477cad0f86f226bec6b019b6b
NNN-TFIM,0.10000000000000001,16,96,5.4129807463368772e-11,1.0344700237672455e-11,160,5.2326124701268206,0.74726440015627027,0.99999998154834058,1.8451659422602518e-08,0.0049187043793741149,build/runs/a1-publication/work/nnn_tfim_expensive/checkpoints/response_j2_0p1_L16_neig160.json,2851970dd9614ad4d0f0a3ea762c5831665c805477cad0f86f226bec6b019b6b
NNN-TFIM,0.10000000000000001,16,97,2.6183187986322092e-11,5.0038461926624388e-12,160,5.2326124701268206,0.74726440015627027,0.99999998154834058,1.8451659422602518e-08,0.0049187043793741149,build/runs/a1-publication/work/nnn_tfim_expensive/checkpoints/response_j2_0p1_L16_neig160.json,2851970dd9614ad4d0f0a3ea762c5831665c805477cad0f86f226bec6b019b6b
NNN-TFIM,0.10000000000000001,16,98,1.8223778780399919e-12,3.4827304495488916e-13,160,5.2326124701268206,0.74726440015627027,0.99999998154834058,1.8451659422602518e-08,0.0049187043793741149,build/runs/a1-publication/work/nnn_tfim_expensive/checkpoints/response_j2_0p1_L16_neig160.json,2851970dd9614ad4d0f0a3ea762c5831665c805477cad0f86f226bec6b019b6b
NNN-TFIM,0.10000000000000001,16,99,4.0838026773180794e-13,7.8045196364773069e-14,160,5.2326124701268206,0.74726440015627027,0.99999998154834058,1.8451659422602518e-08,0.0049187043793741149,build/runs/a1-publication/work/nnn_tfim_expensive/checkpoints/response_j2_0p1_L16_neig160.json,2851970dd9614ad4d0f0a3ea762c5831665c805477cad0f86f226bec6b019b6b
NNN-TFIM,0.10000000000000001,16,100,1.4538158866805775e-13,2.778374846179545e-14,160,5.2326124701268206,0.74726440015627027,0.99999998154834058,1.8451659422602518e-08,0.0049187043793741149,build/runs/a1-publication/work/nnn_tfim_expensive/checkpoints/response_j2_0p1_L16_neig160.json,2851970dd9614ad4d0f0a3ea762c5831665c805477cad0f86f226bec6b019b6b
NNN-TFIM,0.10000000000000001,16,101,2.6674505865236447e-24,5.0977415234784143e-25,160,5.2326124701268206,0.74726440015627027,0.99999998154834058,1.8451659422602518e-08,0.0049187043793741149,build/runs/a1-publication/work/nnn_tfim_expensive/checkpoints/response_j2_0p1_L16_neig160.json,2851970dd9614ad4d0f0a3ea762c5831665c805477cad0f86f226bec6b019b6b
NNN-TFIM,0.10000000000000001,16,102,1.6525201763005148e-26,3.1581168789678465e-27,160,5.2326124701268206,0.74726440015627027,0.99999998154834058,1.8451659422602518e-08,0.0049187043793741149,build/runs/a1-publication/work/nnn_tfim_expensive/checkpoints/response_j2_0p1_L16_neig160.json,2851970dd9614ad4d0f0a3ea762c5831665c805477cad0f86f226bec6b019b6b
NNN-TFIM,0.10000000000000001,16,103,1.3820262496825506e-26,2.6411782977864115e-27,160,5.2326124701268206,0.74726440015627027,0.99999998154834058,1.8451659422602518e-08,0.0049187043793741149,build/runs/a1-publication/work/nnn_tfim_expensive/checkpoints/response_j2_0p1_L16_neig160.json,2851970dd9614ad4d0f0a3ea762c5831665c805477cad0f86f226bec6b019b6b
NNN-TFIM,0.10000000000000001,16,104,2.1133810161550896e-27,4.0388640057341538e-28,160,5.2326124701268206,0.74726440015627027,0.99999998154834058,1.8451659422602518e-08,0.0049187043793741149,build/runs/a1-publication/work/nnn_tfim_expensive/checkpoints/response_j2_0p1_L16_neig160.json,2851970dd9614ad4d0f0a3ea762c5831665c805477cad0f86f226bec6b019b6b
NNN-TFIM,0.10000000000000001,16,105,9.5877174405871392e-28,1.8323003079864551e-28,160,5.2326124701268206,0.74726440015627027,0.99999998154834058,1.8451659422602518e-08,0.0049187043793741149,build/runs/a1-publication/work/nnn_tfim_expensive/checkpoints/response_j2_0p1_L16_neig160.json,2851970dd9614ad4d0f0a3ea762c5831665c805477cad0f86f226bec6b019b6b
NNN-TFIM,0.10000000000000001,16,106,4.9986859130459028e-28,9.5529449994311379e-29,160,5.2326124701268206,0.74726440015627027,0.99999998154834058,1.8451659422602518e-08,0.0049187043793741149,build/runs/a1-publication/work/nnn_tfim_expensive/checkpoints/response_j2_0p1_L16_neig160.json,2851970dd9614ad4d0f0a3ea762c5831665c805477cad0f86f226bec6b019b6b
NNN-TFIM,0.10000000000000001,16,107,3.4852871118828464e-28,6.6607017656676852e-29,160,5.2326124701268206,0.74726440015627027,0.99999998154834058,1.8451659422602518e-08,0.0049187043793741149,build/runs/a1-publication/work/nnn_tfim_expensive/checkpoints/response_j2_0p1_L16_neig160.json,2851970dd9614ad4d0f0a3ea762c5831665c805477cad0f86f226bec6b019b6b
NNN-TFIM,0.10000000000000001,16,108,2.923368729407516e-28,5.5868244516427247e-29,160,5.2326124701268206,0.74726440015627027,0.99999998154834058,1.8451659422602518e-08,0.0049187043793741149,build/runs/a1-publication/work/nnn_tfim_expensive/checkpoints/response_j2_0p1_L16_neig160.json,2851970dd9614ad4d0f0a3ea762c5831665c805477cad0f86f226bec6b019b6b
NNN-TFIM,0.10000000000000001,16,109,8.5672465101478285e-29,1.6372789995549178e-29,160,5.2326124701268206,0.74726440015627027,0.99999998154834058,1.8451659422602518e-08,0.0049187043793741149,build/runs/a1-publication/work/nnn_tfim_expensive/checkpoints/response_j2_0p1_L16_neig160.json,2851970dd9614ad4d0f0a3ea762c5831665c805477cad0f86f226bec6b019b6b
NNN-TFIM,0.10000000000000001,16,110,8.331301216409314e-29,1.592187700498178e-29,160,5.2326124701268206,0.74726440015627027,0.99999998154834058,1.8451659422602518e-08,0.0049187043793741149,build/runs/a1-publication/work/nnn_tfim_expensive/checkpoints/response_j2_0p1_L16_neig160.json,2851970dd9614ad4d0f0a3ea762c5831665c805477cad0f86f226bec6b019b6b
NNN-TFIM,0.10000000000000001,16,111,7.8307655123510916e-29,1.4965307591680492e-29,160,5.2326124701268206,0.74726440015627027,0.99999998154834058,1.8451659422602518e-08,0.0049187043793741149,build/runs/a1-publication/work/nnn_tfim_expensive/checkpoints/response_j2_0p1_L16_neig160.json,2851970dd9614ad4d0f0a3ea762c5831665c805477cad0f86f226bec6b019b6b
NNN-TFIM,0.10000000000000001,16,112,3.9850313313239231e-29,7.6157585796284658e-30,160,5.2326124701268206,0.74726440015627027,0.99999998154834058,1.8451659422602518e-08,0.0049187043793741149,build/runs/a1-publication/work/nnn_tfim_expensive/checkpoints/response_j2_0p1_L16_neig160.json,2851970dd9614ad4d0f0a3ea762c5831665c805477cad0f86f226bec6b019b6b
NNN-TFIM,0.10000000000000001,16,113,3.9453634705460555e-29,7.5399496772793366e-30,160,5.2326124701268206,0.74726440015627027,0.99999998154834058,1.8451659422602518e-08,0.0049187043793741149,build/runs/a1-publication/work/nnn_tfim_expensive/checkpoints/response_j2_0p1_L16_neig160.json,2851970dd9614ad4d0f0a3ea762c5831665c805477cad0f86f226bec6b019b6b
NNN-TFIM,0.10000000000000001,16,114,3.1821740433283139e-29,6.0814250271646597e-30,160,5.2326124701268206,0.74726440015627027,0.99999998154834058,1.8451659422602518e-08,0.0049187043793741149,build/runs/a1-publication/work/nnn_tfim_expensive/checkpoints/response_j2_0p1_L16_neig160.json,2851970dd9614ad4d0f0a3ea762c5831665c805477cad0f86f226bec6b019b6b
NNN-TFIM,0.10000000000000001,16,115,2.9821498934096383e-29,5.6991606208845831e-30,160,5.2326124701268206,0.74726440015627027,0.99999998154834058,1.8451659422602518e-08,0.0049187043793741149,build/runs/a1-publication/work/nnn_tfim_expensive/checkpoints/response_j2_0p1_L16_neig160.json,2851970dd9614ad4d0f0a3ea762c5831665c805477cad0f86f226bec6b019b6b
NNN-TFIM,0.10000000000000001,16,116,2.9155821686843945e-29,5.5719436234377413e-30,160,5.2326124701268206,0.74726440015627027,0.99999998154834058,1.8451659422602518e-08,0.0049187043793741149,build/runs/a1-publication/work/nnn_tfim_expensive/checkpoints/response_j2_0p1_L16_neig160.json,2851970dd9614ad4d0f0a3ea762c5831665c805477cad0f86f226bec6b019b6b
NNN-TFIM,0.10000000000000001,16,117,2.8702468965073227e-29,5.4853037806519575e-30,160,5.2326124701268206,0.74726440015627027,0.99999998154834058,1.8451659422602518e-08,0.0049187043793741149,build/runs/a1-publication/work/nnn_tfim_expensive/checkpoints/response_j2_0p1_L16_neig160.json,2851970dd9614ad4d0f0a3ea762c5831665c805477cad0f86f226bec6b019b6b
NNN-TFIM,0.10000000000000001,16,118,1.8611997295016507e-29,3.5569225508812456e-30,160,5.2326124701268206,0.74726440015627027,0.99999998154834058,1.8451659422602518e-08,0.0049187043793741149,build/runs/a1-publication/work/nnn_tfim_expensive/checkpoints/response_j2_0p1_L16_neig160.json,2851970dd9614ad4d0f0a3ea762c5831665c805477cad0f86f226bec6b019b6b
NNN-TFIM,0.10000000000000001,16,119,1.7347720081976592e-29,3.3153076366758236e-30,160,5.2326124701268206,0.74726440015627027,0.99999998154834058,1.8451659422602518e-08,0.0049187043793741149,build/runs/a1-publication/work/nnn_tfim_expensive/checkpoints/response_j2_0p1_L16_neig160.json,2851970dd9614ad4d0f0a3ea762c5831665c805477cad0f86f226bec6b019b6b
NNN-TFIM,0.10000000000000001,16,120,1.1861966117402765e-29,2.2669299867175665e-30,160,5.2326124701268206,0.74726440015627027,0.99999998154834058,1.8451659422602518e-08,0.0049187043793741149,build/runs/a1-publication/work/nnn_tfim_expensive/checkpoints/response_j2_0p1_L16_neig160.json,2851970dd9614ad4d0f0a3ea762c5831665c805477cad0f86f226bec6b019b6b
NNN-TFIM,0.10000000000000001,16,121,7.083208494314277e-30,1.353665790224783e-30,160,5.2326124701268206,0.74726440015627027,0.99999998154834058,1.8451659422602518e-08,0.0049187043793741149,build/runs/a1-publication/work/nnn_tfim_expensive/checkpoints/response_j2_0p1_L16_neig160.json,2851970dd9614ad4d0f0a3ea762c5831665c805477cad0f86f226bec6b019b6b
NNN-TFIM,0.10000000000000001,16,122,6.0752046929685434e-30,1.1610270639479062e-30,160,5.2326124701268206,0.74726440015627027,0.99999998154834058,1.8451659422602518e-08,0.0049187043793741149,build/runs/a1-publication/work/nnn_tfim_expensive/checkpoints/response_j2_0p1_L16_neig160.json,2851970dd9614ad4d0f0a3ea762c5831665c805477cad0f86f226bec6b019b6b
NNN-TFIM,0.10000000000000001,16,123,5.8955270392521324e-30,1.1266890244423632e-30,160,5.2326124701268206,0.74726440015627027,0.99999998154834058,1.8451659422602518e-08,0.0049187043793741149,build/runs/a1-publication/work/nnn_tfim_expensive/checkpoints/response_j2_0p1_L16_neig160.json,2851970dd9614ad4d0f0a3ea762c5831665c805477cad0f86f226bec6b019b6b
NNN-TFIM,0.10000000000000001,16,124,5.066691381618874e-30,9.6829096565908595e-31,160,5.2326124701268206,0.74726440015627027,0.99999998154834058,1.8451659422602518e-08,0.0049187043793741149,build/runs/a1-publication/work/nnn_tfim_expensive/checkpoints/response_j2_0p1_L16_neig160.json,2851970dd9614ad4d0f0a3ea762c5831665c805477cad0f86f226bec6b019b6b
NNN-TFIM,0.10000000000000001,16,125,2.7372911415197957e-30,5.2312131982773288e-31,160,5.2326124701268206,0.74726440015627027,0.99999998154834058,1.8451659422602518e-08,0.0049187043793741149,build/runs/a1-publication/work/nnn_tfim_expensive/checkpoints/response_j2_0p1_L16_neig160.json,2851970dd9614ad4d0f0a3ea762c5831665c805477cad0f86f226bec6b019b6b
NNN-TFIM,0.10000000000000001,16,126,1.1860991582388285e-30,2.2667437441819221e-31,160,5.2326124701268206,0.74726440015627027,0.99999998154834058,1.8451659422602518e-08,0.0049187043793741149,build/runs/a1-publication/work/nnn_tfim_expensive/checkpoints/response_j2_0p1_L16_neig160.json,2851970dd9614ad4d0f0a3ea762c5831665c805477cad0f86f226bec6b019b6b
NNN-TFIM,0.10000000000000001,16,127,9.7183196722802819e-31,1.8572595864422467e-31,160,5.2326124701268206,0.74726440015627027,0.99999998154834058,1.8451659422602518e-08,0.0049187043793741149,build/runs/a1-publication/work/nnn_tfim_expensive/checkpoints/response_j2_0p1_L16_neig160.json,2851970dd9614ad4d0f0a3ea762c5831665c805477cad0f86f226bec6b019b6b
NNN-TFIM,0.10000000000000001,16,128,8.7997531928683895e-31,1.6817131486626437e-31,160,5.2326124701268206,0.74726440015627027,0.99999998154834058,1.8451659422602518e-08,0.0049187043793741149,build/runs/a1-publication/work/nnn_tfim_expensive/checkpoints/response_j2_0p1_L16_neig160.json,2851970dd9614ad4d0f0a3ea762c5831665c805477cad0f86f226bec6b019b6b
NNN-TFIM,0.10000000000000001,16,129,7.0437509719431767e-31,1.3461250975791182e-31,160,5.2326124701268206,0.74726440015627027,0.99999998154834058,1.8451659422602518e-08,0.0049187043793741149,build/runs/a1-publication/work/nnn_tfim_expensive/checkpoints/response_j2_0p1_L16_neig160.json,2851970dd9614ad4d0f0a3ea762c5831665c805477cad0f86f226bec6b019b6b
NNN-TFIM,0.10000000000000001,16,130,6.1456654186662677e-31,1.1744927517090363e-31,160,5.2326124701268206,0.74726440015627027,0.99999998154834058,1.8451659422602518e-08,0.0049187043793741149,build/runs/a1-publication/work/nnn_tfim_expensive/checkpoints/response_j2_0p1_L16_neig160.json,2851970dd9614ad4d0f0a3ea762c5831665c805477cad0f86f226bec6b019b6b
NNN-TFIM,0.10000000000000001,16,131,5.3883038010014715e-31,1.0297540342923346e-31,160,5.2326124701268206,0.74726440015627027,0.99999998154834058,1.8451659422602518e-08,0.0049187043793741149,build/runs/a1-publication/work/nnn_tfim_expensive/checkpoints/response_j2_0p1_L16_neig160.json,2851970dd9614ad4d0f0a3ea762c5831665c805477cad0f86f226bec6b019b6b
NNN-TFIM,0.10000000000000001,16,132,4.1698663207228043e-31,7.9689951138723271e-32,160,5.2326124701268206,0.74726440015627027,0.99999998154834058,1.8451659422602518e-08,0.0049187043793741149,build/runs/a1-publication/work/nnn_tfim_expensive/checkpoints/response_j2_0p1_L16_neig160.json,2851970dd9614ad4d0f0a3ea762c5831665c805477cad0f86f226bec6b019b6b
NNN-TFIM,0.10000000000000001,16,133,3.2924226430791413e-31,6.2921201634474271e-32,160,5.2326124701268206,0.74726440015627027,0.99999998154834058,1.8451659422602518e-08,0.0049187043793741149,build/runs/a1-publication/work/nnn_tfim_expensive/checkpoints/response_j2_0p1_L16_neig160.json,2851970dd9614ad4d0f0a3ea762c5831665c805477cad0f86f226bec6b019b6b
NNN-TFIM,0.10000000000000001,16,134,2.3270462011272765e-31,4.447197674990208e-32,160,5.2326124701268206,0.74726440015627027,0.99999998154834058,1.8451659422602518e-08,0.0049187043793741149,build/runs/a1-publication/work/nnn_tfim_expensive/checkpoints/response_j2_0p1_L16_neig160.json,2851970dd9614ad4d0f0a3ea762c5831665c805477cad0f86f226bec6b019b6b
NNN-TFIM,0.10000000000000001,16,135,1.9214475380027634e-31,3.6720616116182477e-32,160,5.2326124701268206,0.74726440015627027,0.99999998154834058,1.8451659422602518e-08,0.0049187043793741149,build/runs/a1-publication/work/nnn_tfim_expensive/checkpoints/response_j2_0p1_L16_neig160.json,2851970dd9614ad4d0f0a3ea762c5831665c805477cad0f86f226bec6b019b6b
NNN-TFIM,0.10000000000000001,16,136,1.8006724169827424e-31,3.4412493324564894e-32,160,5.2326124701268206,0.74726440015627027,0.99999998154834058,1.8451659422602518e-08,0.0049187043793741149,build/runs/a1-publication/work/nnn_tfim_expensive/checkpoints/response_j2_0p1_L16_neig160.json,2851970dd9614ad4d0f0a3ea762c5831665c805477cad0f86f226bec6b019b6b
NNN-TFIM,0.10000000000000001,16,137,1.1157025902880966e-31,2.1322094778806651e-32,160,5.2326124701268206,0.74726440015627027,0.99999998154834058,1.8451659422602518e-08,0.0049187043793741149,build/runs/a1-publication/work/nnn_tfim_expensive/checkpoints/response_j2_0p1_L16_neig160.json,2851970dd9614ad4d0f0a3ea762c5831665c805477cad0f86f226bec6b019b6b
NNN-TFIM,0.10000000000000001,16,138,9.672664567685399e-32,1.8485344792695811e-32,160,5.2326124701268206,0.74726440015627027,0.99999998154834058,1.8451659422602518e-08,0.0049187043793741149,build/runs/a1-publication/work/nnn_tfim_expensive/checkpoints/response_j2_0p1_L16_neig160.json,2851970dd9614ad4d0f0a3ea762c5831665c805477cad0f86f226bec6b019b6b
NNN-TFIM,0.10000000000000001,16,139,9.4751749302519084e-32,1.8107924071094573e-32,160,5.2326124701268206,0.74726440015627027,0.99999998154834058,1.8451659422602518e-08,0.0049187043793741149,build/runs/a1-publication/work/nnn_tfim_expensive/checkpoints/response_j2_0p1_L16_neig160.json,2851970dd9614ad4d0f0a3ea762c5831665c805477cad0f86f226bec6b019b6b
NNN-TFIM,0.10000000000000001,16,140,9.3116045849110463e-32,1.7795326212425139e-32,160,5.2326124701268206,0.74726440015627027,0.99999998154834058,1.8451659422602518e-08,0.0049187043793741149,build/runs/a1-publication/work/nnn_tfim_expensive/checkpoints/response_j2_0p1_L16_neig160.json,2851970dd9614ad4d0f0a3ea762c5831665c805477cad0f86f226bec6b019b6b
NNN-TFIM,0.10000000000000001,16,141,5.7738521115467452e-32,1.1034358352562667e-32,160,5.2326124701268206,0.74726440015627027,0.99999998154834058,1.8451659422602518e-08,0.0049187043793741149,build/runs/a1-publication/work/nnn_tfim_expensive/checkpoints/response_j2_0p1_L16_neig160.json,2851970dd9614ad4d0f0a3ea762c5831665c805477cad0f86f226bec6b019b6b
NNN-TFIM,0.10000000000000001,16,142,5.0977112173394108e-32,9.7421913937682825e-33,160,5.2326124701268206,0.74726440015627027,0.99999998154834058,1.8451659422602518e-08,0.0049187043793741149,build/runs/a1-publication/work/nnn_tfim_expensive/checkpoints/response_j2_0p1_L16_neig160.json,2851970dd9614ad4d0f0a3ea762c5831665c805477cad0f86f226bec6b019b6b
NNN-TFIM,0.10000000000000001,16,143,5.0214974343318343e-32,9.5965398985683537e-33,160,5.2326124701268206,0.74726440015627027,0.99999998154834058,1.8451659422602518e-08,0.0049187043793741149,build/runs/a1-publication/work/nnn_tfim_expensive/checkpoints/response_j2_0p1_L16_neig160.json,2851970dd9614ad4d0f0a3ea762c5831665c805477cad0f86f226bec6b019b6b
NNN-TFIM,0.10000000000000001,16,144,3.939563461730038e-32,7.5288653310772628e-33,160,5.2326124701268206,0.74726440015627027,0.99999998154834058,1.8451659422602518e-08,0.0049187043793741149,build/runs/a1-publication/work/nnn_tfim_expensive/checkpoints/response_j2_0p1_L16_neig160.json,2851970dd9614ad4d0f0a3ea762c5831665c805477cad0f86f226bec6b019b6b
NNN-TFIM,0.10000000000000001,16,145,2.7799111976370206e-32,5.3126640153606581e-33,160,5.2326124701268206,0.74726440015627027,0.99999998154834058,1.8451659422602518e-08,0.0049187043793741149,build/runs/a1-publication/work/nnn_tfim_expensive/checkpoints/response_j2_0p1_L16_neig160.json,2851970dd9614ad4d0f0a3ea762c5831665c805477cad0f86f226bec6b019b6b
NNN-TFIM,0.10000000000000001,16,146,1.6467318255851689e-32,3.1470548124601665e-33,160,5.2326124701268206,0.74726440015627027,0.99999998154834058,1.8451659422602518e-08,0.0049187043793741149,build/runs/a1-publication/work/nnn_tfim_expensive/checkpoints/response_j2_0p1_L16_neig160.json,2851970dd9614ad4d0f0a3ea762c5831665c805477cad0f86f226bec6b019b6b
NNN-TFIM,0.10000000000000001,16,147,9.5922606049170268e-33,1.8331685481544067e-33,160,5.2326124701268206,0.74726440015627027,0.99999998154834058,1.8451659422602518e-08,0.0049187043793741149,build/runs/a1-publication/work/nnn_tfim_expensive/checkpoints/response_j2_0p1_L16_neig160.json,2851970dd9614ad4d0f0a3ea762c5831665c805477cad0f86f226bec6b019b6b
NNN-TFIM,0.10000000000000001,16,148,5.5164093960810945e-33,1.0542361827050028e-33,160,5.2326124701268206,0.74726440015627027,0.99999998154834058,1.8451659422602518e-08,0.0049187043793741149,build/runs/a1-publication/work/nnn_tfim_expensive/checkpoints/response_j2_0p1_L16_neig160.json,2851970dd9614ad4d0f0a3ea762c5831665c805477cad0f86f226bec6b019b6b
NNN-TFIM,0.10000000000000001,16,149,3.3153176191883798e-33,6.3358745523687288e-34,160,5.2326124701268206,0.74726440015627027,0.99999998154834058,1.8451659422602518e-08,0.0049187043793741149,build/runs/a1-publication/work/nnn_tfim_expensive/checkpoints/response_j2_0p1_L16_neig160.json,2851970dd9614ad4d0f0a3ea762c5831665c805477cad0f86f226bec6b019b6b
NNN-TFIM,0.10000000000000001,16,150,2.8299796442003489e-33,5.4083493863854967e-34,160,5.2326124701268206,0.74726440015627027,0.99999998154834058,1.8451659422602518e-08,0.0049187043793741149,build/runs/a1-publication/work/nnn_tfim_expensive/checkpoints/response_j2_0p1_L16_neig160.json,2851970dd9614ad4d0f0a3ea762c5831665c805477cad0f86f226bec6b019b6b
NNN-TFIM,0.10000000000000001,16,151,2.4185982925586311e-33,4.6221620774832816e-34,160,5.2326124701268206,0.74726440015627027,0.99999998154834058,1.8451659422602518e-08,0.0049187043793741149,build/runs/a1-publication/work/nnn_tfim_expensive/checkpoints/response_j2_0p1_L16_neig160.json,2851970dd9614ad4d0f0a3ea762c5831665c805477cad0f86f226bec6b019b6b
NNN-TFIM,0.10000000000000001,16,152,2.4163380000956661e-33,4.6178424522943931e-34,160,5.2326124701268206,0.74726440015627027,0.99999998154834058,1.8451659422602518e-08,0.0049187043793741149,build/runs/a1-publication/work/nnn_tfim_expensive/checkpoints/response_j2_0p1_L16_neig160.json,2851970dd9614ad4d0f0a3ea762c5831665c805477cad0f86f226bec6b019b6b
NNN-TFIM,0.10000000000000001,16,153,1.8109937618039927e-33,3.4609743644174368e-34,160,5.2326124701268206,0.74726440015627027,0.99999998154834058,1.8451659422602518e-08,0.0049187043793741149,build/runs/a1-publication/work/nnn_tfim_expensive/checkpoints/response_j2_0p1_L16_neig160.json,2851970dd9614ad4d0f0a3ea762c5831665c805477cad0f86f226bec6b019b6b
NNN-TFIM,0.10000000000000001,16,154,1.6988533152967625e-33,3.2466637363182907e-34,160,5.2326124701268206,0.74726440015627027,0.99999998154834058,1.8451659422602518e-08,0.0049187043793741149,build/runs/a1-publication/work/nnn_tfim_expensive/checkpoints/response_j2_0p1_L16_neig160.json,2851970dd9614ad4d0f0a3ea762c5831665c805477cad0f86f226bec6b019b6b
NNN-TFIM,0.10000000000000001,16,155,1.3356390367820485e-33,2.5525281002697248e-34,160,5.2326124701268206,0.74726440015627027,0.99999998154834058,1.8451659422602518e-08,0.0049187043793741149,build/runs/a1-publication/work/nnn_tfim_expensive/checkpoints/response_j2_0p1_L16_neig160.json,2851970dd9614ad4d0f0a3ea762c5831665c805477cad0f86f226bec6b019b6b
NNN-TFIM,0.10000000000000001,16,156,1.2738850852182879e-33,2.4345106626774776e-34,160,5.2326124701268206,0.74726440015627027,0.99999998154834058,1.8451659422602518e-08,0.0049187043793741149,build/runs/a1-publication/work/nnn_tfim_expensive/checkpoints/response_j2_0p1_L16_neig160.json,2851970dd9614ad4d0f0a3ea762c5831665c805477cad0f86f226bec6b019b6b
NNN-TFIM,0.10000000000000001,16,157,6.6841938984522709e-34,1.277410459232856e-34,160,5.2326124701268206,0.74726440015627027,0.99999998154834058,1.8451659422602518e-08,0.0049187043793741149,build/runs/a1-publication/work/nnn_tfim_expensive/checkpoints/response_j2_0p1_L16_neig160.json,2851970dd9614ad4d0f0a3ea762c5831665c805477cad0f86f226bec6b019b6b
NNN-TFIM,0.10000000000000001,16,158,1.2226923808481032e-34,2.3366767323750795e-35,160,5.2326124701268206,0.74726440015627027,0.99999998154834058,1.8451659422602518e-08,0.0049187043793741149,build/runs/a1-publication/work/nnn_tfim_expensive/checkpoints/response_j2_0p1_L16_neig160.json,2851970dd9614ad4d0f0a3ea762c5831665c805477cad0f86f226bec6b019b6b
NNN-TFIM,0.10000000000000001,16,159,7.2340108865091302e-35,1.3824855037150885e-35,160,5.2326124701268206,0.74726440015627027,0.99999998154834058,1.8451659422602518e-08,0.0049187043793741149,build/runs/a1-publication/work/nnn_tfim_expensive/checkpoints/response_j2_0p1_L16_neig160.json,2851970dd9614ad4d0f0a3ea762c5831665c805477cad0f86f226bec6b019b6b
NNN-TFIM,0.10000000000000001,18,1,5.6805338305412594,0.852800325061145,160,6.6610361928907222,0.73744880899697507,0.9999995252609124,4.7473908759698702e-07,0.0052252931961441831,build/runs/a1-publication/work/nnn_tfim_expensive/checkpoints/response_j2_0p1_L18_neig160.json,9f056d6c37c09789a65400523ae69dabc6813098c8b92eae413ef0fe891d38b6
NNN-TFIM,0.10000000000000001,18,2,0.63228324997106977,0.094922656424821908,160,6.6610361928907222,0.73744880899697507,0.9999995252609124,4.7473908759698702e-07,0.0052252931961441831,build/runs/a1-publication/work/nnn_tfim_expensive/checkpoints/response_j2_0p1_L18_neig160.json,9f056d6c37c09789a65400523ae69dabc6813098c8b92eae413ef0fe891d38b6
NNN-TFIM,0.10000000000000001,18,3,0.20813052519213021,0.031245968219519131,160,6.6610361928907222,0.73744880899697507,0.9999995252609124,4.7473908759698702e-07,0.0052252931961441831,build/runs/a1-publication/work/nnn_tfim_expensive/checkpoints/response_j2_0p1_L18_neig160.json,9f056d6c37c09789a65400523ae69dabc6813098c8b92eae413ef0fe891d38b6
NNN-TFIM,0.10000000000000001,18,4,0.084677198956860433,0.012712316298061226,160,6.6610361928907222,0.73744880899697507,0.9999995252609124,4.7473908759698702e-07,0.0052252931961441831,build/runs/a1-publication/work/nnn_tfim_expensive/checkpoints/response_j2_0p1_L18_neig160.json,9f056d6c37c09789a65400523ae69dabc6813098c8b92eae413ef0fe891d38b6
NNN-TFIM,0.10000000000000001,18,5,0.034950638980723488,0.0052470273345798756,160,6.6610361928907222,0.73744880899697507,0.9999995252609124,4.7473908759698702e-07,0.0052252931961441831,build/runs/a1-publication/work/nnn_tfim_expensive/checkpoints/response_j2_0p1_L18_neig160.json,9f056d6c37c09789a65400523ae69dabc6813098c8b92eae413ef0fe891d38b6
NNN-TFIM,0.10000000000000001,18,6,0.013592664309014187,0.0020406230975777528,160,6.6610361928907222,0.73744880899697507,0.9999995252609124,4.7473908759698702e-07,0.0052252931961441831,build/runs/a1-publication/work/nnn_tfim_expensive/checkpoints/response_j2_0p1_L18_neig160.json,9f056d6c37c09789a65400523ae69dabc6813098c8b92eae413ef0fe891d38b6
NNN-TFIM,0.10000000000000001,18,7,0.0045364493758970059,0.00068104259525548399,160,6.6610361928907222,0.73744880899697507,0.9999995252609124,4.7473908759698702e-07,0.0052252931961441831,build/runs/a1-publication/work/nnn_tfim_expensive/checkpoints/response_j2_0p1_L18_neig160.json,9f056d6c37c09789a65400523ae69dabc6813098c8b92eae413ef0fe891d38b6
NNN-TFIM,0.10000000000000001,18,8,0.001116633672858913,0.00016763663197787282,160,6.6610361928907222,0.73744880899697507,0.9999995252609124,4.7473908759698702e-07,0.0052252931961441831,build/runs/a1-publication/work/nnn_tfim_expensive/checkpoints/response_j2_0p1_L18_neig160.json,9f056d6c37c09789a65400523ae69dabc6813098c8b92eae413ef0fe891d38b6
NNN-TFIM,0.10000000000000001,18,9,0.00022309737799174224,3.3492893827818039e-05,160,6.6610361928907222,0.73744880899697507,0.9999995252609124,4.7473908759698702e-07,0.0052252931961441831,build/runs/a1-publication/work/nnn_tfim_expensive/checkpoints/response_j2_0p1_L18_neig160.json,9f056d6c37c09789a65400523ae69dabc6813098c8b92eae413ef0fe891d38b6
NNN-TFIM,0.10000000000000001,18,10,0.00012698417216679128,1.9063726496835523e-05,160,6.6610361928907222,0.73744880899697507,0.9999995252609124,4.7473908759698702e-07,0.0052252931961441831,build/runs/a1-publication/work/nnn_tfim_expensive/checkpoints/response_j2_0p1_L18_neig160.json,9f056d6c37c09789a65400523ae69dabc6813098c8b92eae413ef0fe891d38b6
NNN-TFIM,0.10000000000000001,18,11,0.00012013436850143305,1.8035387441619314e-05,160,6.6610361928907222,0.73744880899697507,0.9999995252609124,4.7473908759698702e-07,0.0052252931961441831,build/runs/a1-publication/work/nnn_tfim_expensive/checkpoints/response_j2_0p1_L18_neig160.json,9f056d6c37c09789a65400523ae69dabc6813098c8b92eae413ef0fe891d38b6
NNN-TFIM,0.10000000000000001,18,12,0.00011791288614115429,1.7701883419730085e-05,160,6.6610361928907222,0.73744880899697507,0.9999995252609124,4.7473908759698702e-07,0.0052252931961441831,build/runs/a1-publication/work/nnn_tfim_expensive/checkpoints/response_j2_0p1_L18_neig160.json,9f056d6c37c09789a65400523ae69dabc6813098c8b92eae413ef0fe891d38b6
NNN-TFIM,0.10000000000000001,18,13,0.00010760205932678116,1.6153952059534534e-05,160,6.6610361928907222,0.73744880899697507,0.9999995252609124,4.7473908759698702e-07,0.0052252931961441831,build/runs/a1-publication/work/nnn_tfim_expensive/checkpoints/response_j2_0p1_L18_neig160.json,9f056d6c37c09789a65400523ae69dabc6813098c8b92eae413ef0fe891d38b6
NNN-TFIM,0.10000000000000001,18,14,9.5415754101278743e-05,1.4324461140612824e-05,160,6.6610361928907222,0.73744880899697507,0.9999995252609124,4.7473908759698702e-07,0.0052252931961441831,build/runs/a1-publication/work/nnn_tfim_expensive/checkpoints/response_j2_0p1_L18_neig160.json,9f056d6c37c09789a65400523ae69dabc6813098c8b92eae413ef0fe891d38b6
NNN-TFIM,0.10000000000000001,18,15,9.418978374006341e-05,1.4140410142282594e-05,160,6.6610361928907222,0.73744880899697507,0.9999995252609124,4.7473908759698702e-07,0.0052252931961441831,build/runs/a1-publication/work/nnn_tfim_expensive/checkpoints/response_j2_0p1_L18_neig160.json,9f056d6c37c09789a65400523ae69dabc6813098c8b92eae413ef0fe891d38b6
NNN-TFIM,0.10000000000000001,18,16,5.767116704263001e-05,8.6579873419967372e-06,160,6.6610361928907222,0.73744880899697507,0.9999995252609124,4.7473908759698702e-07,0.0052252931961441831,build/runs/a1-publication/work/nnn_tfim_expensive/checkpoints/response_j2_0p1_L18_neig160.json,9f056d6c37c09789a65400523ae69dabc6813098c8b92eae413ef0fe891d38b6
NNN-TFIM,0.10000000000000001,18,17,5.1860416597593446e-05,7.7856380142392433e-06,160,6.6610361928907222,0.73744880899697507,0.9999995252609124,4.7473908759698702e-07,0.0052252931961441831,build/runs/a1-publication/work/nnn_tfim_expensive/checkpoints/response_j2_0p1_L18_neig160.json,9f056d6c37c09789a65400523ae69dabc6813098c8b92eae413ef0fe891d38b6
NNN-TFIM,0.10000000000000001,18,18,3.7921782391331977e-05,5.6930755656012849e-06,160,6.6610361928907222,0.73744880899697507,0.9999995252609124,4.7473908759698702e-07,0.0052252931961441831,build/runs/a1-publication/work/nnn_tfim_expensive/checkpoints/response_j2_0p1_L18_neig160.json,9f056d6c37c09789a65400523ae69dabc6813098c8b92eae413ef0fe891d38b6
NNN-TFIM,0.10000000000000001,18,19,1.8047002623385096e-05,2.7093386225174001e-06,160,6.6610361928907222,0.73744880899697507,0.9999995252609124,4.7473908759698702e-07,0.0052252931961441831,build/runs/a1-publication/work/nnn_tfim_expensive/checkpoints/response_j2_0p1_L18_neig160.json,9f056d6c37c09789a65400523ae69dabc6813098c8b92eae413ef0fe891d38b6
NNN-TFIM,0.10000000000000001,18,20,1.7853782262828614e-05,2.6803310694939374e-06,160,6.6610361928907222,0.73744880899697507,0.9999995252609124,4.7473908759698702e-07,0.0052252931961441831,build/runs/a1-publication/work/nnn_tfim_expensive/checkpoints/response_j2_0p1_L18_neig160.json,9f056d6c37c09789a65400523ae69dabc6813098c8b92eae413ef0fe891d38b6
NNN-TFIM,0.10000000000000001,18,21,1.3451456256127027e-05,2.0194239854879746e-06,160,6.6610361928907222,0.73744880899697507,0.9999995252609124,4.7473908759698702e-07,0.0052252931961441831,build/runs/a1-publication/work/nnn_tfim_expensive/checkpoints/response_j2_0p1_L18_neig160.json,9f056d6c37c09789a65400523ae69dabc6813098c8b92eae413ef0fe891d38b6
NNN-TFIM,0.10000000000000001,18,22,1.211751913187486e-05,1.8191642832999172e-06,160,6.6610361928907222,0.73744880899697507,0.9999995252609124,4.7473908759698702e-07,0.0052252931961441831,build/runs/a1-publication/work/nnn_tfim_expensive/checkpoints/response_j2_0p1_L18_neig160.json,9f056d6c37c09789a65400523ae69dabc6813098c8b92eae413ef0fe891d38b6
NNN-TFIM,0.10000000000000001,18,23,1.1314587940180457e-05,1.69862279869556e-06,160,6.6610361928907222,0.73744880899697507,0.9999995252609124,4.7473908759698702e-07,0.0052252931961441831,build/runs/a1-publication/work/nnn_tfim_expensive/checkpoints/response_j2_0p1_L18_neig160.json,9f056d6c37c09789a65400523ae69dabc6813098c8b92eae413ef0fe891d38b6
NNN-TFIM,0.10000000000000001,18,24,9.7415396630023135e-06,1.4624661060090608e-06,160,6.6610361928907222,0.73744880899697507,0.9999995252609124,4.7473908759698702e-07,0.0052252931961441831,build/runs/a1-publication/work/nnn_tfim_expensive/checkpoints/response_j2_0p1_L18_neig160.json,9f056d6c37c09789a65400523ae69dabc6813098c8b92eae413ef0fe891d38b6
NNN-TFIM,0.10000000000000001,18,25,7.202275332072852e-06,1.0812544960737175e-06,160,6.6610361928907222,0.73744880899697507,0.9999995252609124,4.7473908759698702e-07,0.0052252931961441831,build/runs/a1-publication/work/nnn_tfim_expensive/checkpoints/response_j2_0p1_L18_neig160.json,9f056d6c37c09789a65400523ae69dabc6813098c8b92eae413ef0fe891d38b6
NNN-TFIM,0.10000000000000001,18,26,7.1810225081308762e-06,1.0780638777785252e-06,160,6.6610361928907222,0.73744880899697507,0.9999995252609124,4.7473908759698702e-07,0.0052252931961441831,build/runs/a1-publication/work/nnn_tfim_expensive/checkpoints/response_j2_0p1_L18_neig160.json,9f056d6c37c09789a65400523ae69dabc6813098c8b92eae413ef0fe891d38b6
NNN-TFIM,0.10000000000000001,18,27,7.1640977574959682e-06,1.0755230192476901e-06,160,6.6610361928907222,0.73744880899697507,0.9999995252609124,4.7473908759698702e-07,0.0052252931961441831,build/runs/a1-publication/work/nnn_tfim_expensive/checkpoints/response_j2_0p1_L18_neig160.json,9f056d6c37c09789a65400523ae69dabc6813098c8b92eae413ef0fe891d38b6
NNN-TFIM,0.10000000000000001,18,28,6.8157591361338829e-06,1.023228059233231e-06,160,6.6610361928907222,0.73744880899697507,0.9999995252609124,4.7473908759698702e-07,0.0052252931961441831,build/runs/a1-publication/work/nnn_tfim_expensive/checkpoints/response_j2_0p1_L18_neig160.json,9f056d6c37c09789a65400523ae69dabc6813098c8b92eae413ef0fe891d38b6
NNN-TFIM,0.10000000000000001,18,29,6.0365647336356108e-06,9.0625010266096358e-07,160,6.6610361928907222,0.73744880899697507,0.9999995252609124,4.7473908759698702e-07,0.0052252931961441831,build/runs/a1-publication/work/nnn_tfim_expensive/checkpoints/response_j2_0p1_L18_neig160.json,9f056d6c37c09789a65400523ae69dabc6813098c8b92eae413ef0fe891d38b6
NNN-TFIM,0.10000000000000001,18,30,5.188587798211121e-06,7.7894604502357528e-07,160,6.6610361928907222,0.73744880899697507,0.9999995252609124,4.7473908759698702e-07,0.0052252931961441831,build/runs/a1-publication/work/nnn_tfim_expensive/checkpoints/response_j2_0p1_L18_neig160.json,9f056d6c37c09789a65400523ae69dabc6813098c8b92eae413ef0fe891d38b6
NNN-TFIM,0.10000000000000001,18,31,5.0479796837065677e-06,7.5783699975902266e-07,160,6.6610361928907222,0.73744880899697507,0.9999995252609124,4.7473908759698702e-07,0.0052252931961441831,build/runs/a1-publication/work/nnn_tfim_expensive/checkpoints/response_j2_0p1_L18_neig160.json,9f056d6c37c09789a65400523ae69dabc6813098c8b92eae413ef0fe891d38b6
NNN-TFIM,0.10000000000000001,18,32,4.7187562464955299e-06,7.0841174103389888e-07,160,6.6610361928907222,0.73744880899697507,0.9999995252609124,4.7473908759698702e-07,0.0052252931961441831,build/runs/a1-publication/work/nnn_tfim_expensive/checkpoints/response_j2_0p1_L18_neig160.json,9f056d6c37c09789a65400523ae69dabc6813098c8b92eae413ef0fe891d38b6
NNN-TFIM,0.10000000000000001,18,33,4.4142515057879261e-06,6.6269742093568361e-07,160,6.6610361928907222,0.73744880899697507,0.9999995252609124,4.7473908759698702e-07,0.0052252931961441831,build/runs/a1-publication/work/nnn_tfim_expensive/checkpoints/response_j2_0p1_L18_neig160.json,9f056d6c37c09789a65400523ae69dabc6813098c8b92eae413ef0fe891d38b6
NNN-TFIM,0.10000000000000001,18,34,4.308375908216325e-06,6.4680265704225191e-07,160,6.6610361928907222,0.73744880899697507,0.9999995252609124,4.7473908759698702e-07,0.0052252931961441831,build/runs/a1-publication/work/nnn_tfim_expensive/checkpoints/response_j2_0p1_L18_neig160.json,9f056d6c37c09789a65400523ae69dabc6813098c8b92eae413ef0fe891d38b6
NNN-TFIM,0.10000000000000001,18,35,4.2333927771206788e-06,6.3554568006085148e-07,160,6.6610361928907222,0.73744880899697507,0.9999995252609124,4.7473908759698702e-07,0.0052252931961441831,build/runs/a1-publication/work/nnn_tfim_expensive/checkpoints/response_j2_0p1_L18_neig160.json,9f056d6c37c09789a65400523ae69dabc6813098c8b92eae413ef0fe891d38b6
NNN-TFIM,0.10000000000000001,18,36,4.1076347744723568e-06,6.1666603446118592e-07,160,6.6610361928907222,0.73744880899697507,0.9999995252609124,4.7473908759698702e-07,0.0052252931961441831,build/runs/a1-publication/work/nnn_tfim_expensive/checkpoints/response_j2_0p1_L18_neig160.json,9f056d6c37c09789a65400523ae69dabc6813098c8b92eae413ef0fe891d38b6
NNN-TFIM,0.10000000000000001,18,37,3.5259835592632417e-06,5.2934460302535209e-07,160,6.6610361928907222,0.73744880899697507,0.9999995252609124,4.7473908759698702e-07,0.0052252931961441831,build/runs/a1-publication/work/nnn_tfim_expensive/checkpoints/response_j2_0p1_L18_neig160.json,9f056d6c37c09789a65400523ae69dabc6813098c8b92eae413ef0fe891d38b6
NNN-TFIM,0.10000000000000001,18,38,3.1175512512808705e-06,4.6802797057433967e-07,160,6.6610361928907222,0.73744880899697507,0.9999995252609124,4.7473908759698702e-07,0.0052252931961441831,build/runs/a1-publication/work/nnn_tfim_expensive/checkpoints/response_j2_0p1_L18_neig160.json,9f056d6c37c09789a65400523ae69dabc6813098c8b92eae413ef0fe891d38b6
NNN-TFIM,0.10000000000000001,18,39,2.0634736025506921e-06,3.0978267386582032e-07,160,6.6610361928907222,0.73744880899697507,0.9999995252609124,4.7473908759698702e-07,0.0052252931961441831,build/runs/a1-publication/work/nnn_tfim_expensive/checkpoints/response_j2_0p1_L18_neig160.json,9f056d6c37c09789a65400523ae69dabc6813098c8b92eae413ef0fe891d38b6
NNN-TFIM,0.10000000000000001,18,40,1.9802887096660016e-06,2.9729439269216852e-07,160,6.6610361928907222,0.73744880899697507,0.9999995252609124,4.7473908759698702e-07,0.0052252931961441831,build/runs/a1-publication/work/nnn_tfim_expensive/checkpoints/response_j2_0p1_L18_neig160.json,9f056d6c37c09789a65400523ae69dabc6813098c8b92eae413ef0fe891d38b6
NNN-TFIM,0.10000000000000001,18,41,1.7468201231186475e-06,2.6224450258700238e-07,160,6.6610361928907222,0.73744880899697507,0.9999995252609124,4.7473908759698702e-07,0.0052252931961441831,build/runs/a1-publication/work/nnn_tfim_expensive/checkpoints/response_j2_0p1_L18_neig160.json,9f056d6c37c09789a65400523ae69dabc6813098c8b92eae413ef0fe891d38b6
NNN-TFIM,0.10000000000000001,18,42,1.6110978842394125e-06,2.4186895815983195e-07,160,6.6610361928907222,0.73744880899697507,0.9999995252609124,4.7473908759698702e-07,0.0052252931961441831,build/runs/a1-publication/work/nnn_tfim_expensive/checkpoints/response_j2_0p1_L18_neig160.json,9f056d6c37c09789a65400523ae69dabc6813098c8b92eae413ef0fe891d38b6
NNN-TFIM,0.10000000000000001,18,43,1.4561066697876592e-06,2.1860062423046909e-07,160,6.6610361928907222,0.73744880899697507,0.9999995252609124,4.7473908759698702e-07,0.0052252931961441831,build/runs/a1-publication/work/nnn_tfim_expensive/checkpoints/response_j2_0p1_L18_neig160.json,9f056d6c37c09789a65400523ae69dabc6813098c8b92eae413ef0fe891d38b6
NNN-TFIM,0.10000000000000001,18,44,1.3875676104185976e-06,2.0831107506960236e-07,160,6.6610361928907222,0.73744880899697507,0.9999995252609124,4.7473908759698702e-07,0.0052252931961441831,build/runs/a1-publication/work/nnn_tfim_expensive/checkpoints/response_j2_0p1_L18_neig160.json,9f056d6c37c09789a65400523ae69dabc6813098c8b92eae413ef0fe891d38b6
NNN-TFIM,0.10000000000000001,18,45,1.3604413924816424e-06,2.0423870297141337e-07,160,6.6610361928907222,0.73744880899697507,0.9999995252609124,4.7473908759698702e-07,0.0052252931961441831,build/runs/a1-publication/work/nnn_tfim_expensive/checkpoints/response_j2_0p1_L18_neig160.json,9f056d6c37c09789a65400523ae69dabc6813098c8b92eae413ef0fe891d38b6
NNN-TFIM,0.10000000000000001,18,46,1.3248624176944918e-06,1.9889734559744748e-07,160,6.6610361928907222,0.73744880899697507,0.9999995252609124,4.7473908759698702e-07,0.0052252931961441831,build/runs/a1-publication/work/nnn_tfim_expensive/checkpoints/response_j2_0p1_L18_neig160.json,9f056d6c37c09789a65400523ae69dabc6813098c8b92eae413ef0fe891d38b6
NNN-TFIM,0.10000000000000001,18,47,1.1733901245543594e-06,1.7615729603852184e-07,160,6.6610361928907222,0.73744880899697507,0.9999995252609124,4.7473908759698702e-07,0.0052252931961441831,build/runs/a1-publication/work/nnn_tfim_expensive/checkpoints/response_j2_0p1_L18_neig160.json,9f056d6c37c09789a65400523ae69dabc6813098c8b92eae413ef0fe891d38b6
NNN-TFIM,0.10000000000000001,18,48,1.1549359086453268e-06,1.7338682379146685e-07,160,6.6610361928907222,0.73744880899697507,0.9999995252609124,4.7473908759698702e-07,0.0052252931961441831,build/runs/a1-publication/work/nnn_tfim_expensive/checkpoints/response_j2_0p1_L18_neig160.json,9f056d6c37c09789a65400523ae69dabc6813098c8b92eae413ef0fe891d38b6
NNN-TFIM,0.10000000000000001,18,49,9.9765162831911571e-07,1.497742392368176e-07,160,6.6610361928907222,0.73744880899697507,0.9999995252609124,4.7473908759698702e-07,0.0052252931961441831,build/runs/a1-publication/work/nnn_tfim_expensive/checkpoints/response_j2_0p1_L18_neig160.json,9f056d6c37c09789a65400523ae69dabc6813098c8b92eae413ef0fe891d38b6
NNN-TFIM,0.10000000000000001,18,50,8.4500532054937264e-07,1.2685793862691227e-07,160,6.6610361928907222,0.73744880899697507,0.9999995252609124,4.7473908759698702e-07,0.0052252931961441831,build/runs/a1-publication/work/nnn_tfim_expensive/checkpoints/response_j2_0p1_L18_neig160.json,9f056d6c37c09789a65400523ae69dabc6813098c8b92eae413ef0fe891d38b6
NNN-TFIM,0.10000000000000001,18,51,7.0905882874254228e-07,1.0644872782695819e-07,160,6.6610361928907222,0.73744880899697507,0.9999995252609124,4.7473908759698702e-07,0.0052252931961441831,build/runs/a1-publication/work/nnn_tfim_expensive/checkpoints/response_j2_0p1_L18_neig160.json,9f056d6c37c09789a65400523ae69dabc6813098c8b92eae413ef0fe891d38b6
NNN-TFIM,0.10000000000000001,18,52,5.6532505217863421e-07,8.4870436942228557e-08,160,6.6610361928907222,0.73744880899697507,0.9999995252609124,4.7473908759698702e-07,0.0052252931961441831,build/runs/a1-publication/work/nnn_tfim_expensive/checkpoints/response_j2_0p1_L18_neig160.json,9f056d6c37c09789a65400523ae69dabc6813098c8b92eae413ef0fe891d38b6
NNN-TFIM,0.10000000000000001,18,53,5.4833064174502369e-07,8.2319120609230918e-08,160,6.6610361928907222,0.73744880899697507,0.9999995252609124,4.7473908759698702e-07,0.0052252931961441831,build/runs/a1-publication/work/nnn_tfim_expensive/checkpoints/response_j2_0p1_L18_neig160.json,9f056d6c37c09789a65400523ae69dabc6813098c8b92eae413ef0fe891d38b6
NNN-TFIM,0.10000000000000001,18,54,4.9689924574928796e-07,7.4597890081970292e-08,160,6.6610361928907222,0.73744880899697507,0.9999995252609124,4.7473908759698702e-07,0.0052252931961441831,build/runs/a1-publication/work/nnn_tfim_expensive/checkpoints/response_j2_0p1_L18_neig160.json,9f056d6c37c09789a65400523ae69dabc6813098c8b92eae413ef0fe891d38b6
NNN-TFIM,0.10000000000000001,18,55,4.9253505263173754e-07,7.3942707766310706e-08,160,6.6610361928907222,0.73744880899697507,0.9999995252609124,4.7473908759698702e-07,0.0052252931961441831,build/runs/a1-publication/work/nnn_tfim_expensive/checkpoints/response_j2_0p1_L18_neig160.json,9f056d6c37c09789a65400523ae69dabc6813098c8b92eae413ef0fe891d38b6
NNN-TFIM,0.10000000000000001,18,56,4.0657899012692997e-07,6.103839978543712e-08,160,6.6610361928907222,0.73744880899697507,0.9999995252609124,4.7473908759698702e-07,0.0052252931961441831,build/runs/a1-publication/work/nnn_tfim_expensive/checkpoints/response_j2_0p1_L18_neig160.json,9f056d6c37c09789a65400523ae69dabc6813098c8b92eae413ef0fe891d38b6
NNN-TFIM,0.10000000000000001,18,57,3.4504580292256912e-07,5.1800619743041497e-08,160,6.6610361928907222,0.73744880899697507,0.9999995252609124,4.7473908759698702e-07,0.0052252931961441831,build/runs/a1-publication/work/nnn_tfim_expensive/checkpoints/response_j2_0p1_L18_neig160.json,9f056d6c37c09789a65400523ae69dabc6813098c8b92eae413ef0fe891d38b6
NNN-TFIM,0.10000000000000001,18,58,3.1322317611553013e-07,4.7023190843765575e-08,160,6.6610361928907222,0.73744880899697507,0.9999995252609124,4.7473908759698702e-07,0.0052252931961441831,build/runs/a1-publication/work/nnn_tfim_expensive/checkpoints/response_j2_0p1_L18_neig160.json,9f056d6c37c09789a65400523ae69dabc6813098c8b92eae413ef0fe891d38b6
NNN-TFIM,0.10000000000000001,18,59,3.0322930917505151e-07,4.5522843652866807e-08,160,6.6610361928907222,0.73744880899697507,0.9999995252609124,4.7473908759698702e-07,0.0052252931961441831,build/runs/a1-publication/work/nnn_tfim_expensive/checkpoints/response_j2_0p1_L18_neig160.json,9f056d6c37c09789a65400523ae69dabc6813098c8b92eae413ef0fe891d38b6
NNN-TFIM,0.10000000000000001,18,60,2.5526326653678867e-07,3.8321855510893243e-08,160,6.6610361928907222,0.73744880899697507,0.9999995252609124,4.7473908759698702e-07,0.0052252931961441831,build/runs/a1-publication/work/nnn_tfim_expensive/checkpoints/response_j2_0p1_L18_neig160.json,9f056d6c37c09789a65400523ae69dabc6813098c8b92eae413ef0fe891d38b6
NNN-TFIM,0.10000000000000001,18,61,2.3083008038753868e-07,3.4653779637753962e-08,160,6.6610361928907222,0.73744880899697507,0.9999995252609124,4.7473908759698702e-07,0.0052252931961441831,build/runs/a1-publication/work/nnn_tfim_expensive/checkpoints/response_j2_0p1_L18_neig160.json,9f056d6c37c09789a65400523ae69dabc6813098c8b92eae413ef0fe891d38b6
NNN-TFIM,0.10000000000000001,18,62,2.1435880884133862e-07,3.218100046808367e-08,160,6.6610361928907222,0.73744880899697507,0.9999995252609124,4.7473908759698702e-07,0.0052252931961441831,build/runs/a1-publication/work/nnn_tfim_expensive/checkpoints/response_j2_0p1_L18_neig160.json,9f056d6c37c09789a65400523ae69dabc6813098c8b92eae413ef0fe891d38b6
NNN-TFIM,0.10000000000000001,18,63,2.0240673606551889e-07,3.038667411558973e-08,160,6.6610361928907222,0.73744880899697507,0.9999995252609124,4.7473908759698702e-07,0.0052252931961441831,build/runs/a1-publication/work/nnn_tfim_expensive/checkpoints/response_j2_0p1_L18_neig160.json,9f056d6c37c09789a65400523ae69dabc6813098c8b92eae413ef0fe891d38b6
NNN-TFIM,0.10000000000000001,18,64,1.6892571172059184e-07,2.5360275312853738e-08,160,6.6610361928907222,0.73744880899697507,0.9999995252609124,4.7473908759698702e-07,0.0052252931961441831,build/runs/a1-publication/work/nnn_tfim_expensive/checkpoints/response_j2_0p1_L18_neig160.json,9f056d6c37c09789a65400523ae69dabc6813098c8b92eae413ef0fe891d38b6
NNN-TFIM,0.10000000000000001,18,65,1.6197420856799031e-07,2.4316668439793835e-08,160,6.6610361928907222,0.73744880899697507,0.9999995252609124,4.7473908759698702e-07,0.0052252931961441831,build/runs/a1-publication/work/nnn_tfim_expensive/checkpoints/response_j2_0p1_L18_neig160.json,9f056d6c37c09789a65400523ae69dabc6813098c8b92eae413ef0fe891d38b6
NNN-TFIM,0.10000000000000001,18,66,1.1988079471581545e-07,1.7997319222460222e-08,160,6.6610361928907222,0.73744880899697507,0.9999995252609124,4.7473908759698702e-07,0.0052252931961441831,build/runs/a1-publication/work/nnn_tfim_expensive/checkpoints/response_j2_0p1_L18_neig160.json,9f056d6c37c09789a65400523ae69dabc6813098c8b92eae413ef0fe891d38b6
NNN-TFIM,0.10000000000000001,18,67,1.074470520240915e-07,1.6130681310329613e-08,160,6.6610361928907222,0.73744880899697507,0.9999995252609124,4.7473908759698702e-07,0.0052252931961441831,build/runs/a1-publication/work/nnn_tfim_expensive/checkpoints/response_j2_0p1_L18_neig160.json,9f056d6c37c09789a65400523ae69dabc6813098c8b92eae413ef0fe891d38b6
NNN-TFIM,0.10000000000000001,18,68,1.0131522310863929e-07,1.5210129501589006e-08,160,6.6610361928907222,0.73744880899697507,0.9999995252609124,4.7473908759698702e-07,0.0052252931961441831,build/runs/a1-publication/work/nnn_tfim_expensive/checkpoints/response_j2_0p1_L18_neig160.json,9f056d6c37c09789a65400523ae69dabc6813098c8b92eae413ef0fe891d38b6
NNN-TFIM,0.10000000000000001,18,69,8.5337788480924983e-08,1.2811488484630276e-08,160,6.6610361928907222,0.73744880899697507,0.9999995252609124,4.7473908759698702e-07,0.0052252931961441831,build/runs/a1-publication/work/nnn_tfim_expensive/checkpoints/response_j2_0p1_L18_neig160.json,9f056d6c37c09789a65400523ae69dabc6813098c8b92eae413ef0fe891d38b6
NNN-TFIM,0.10000000000000001,18,70,8.373512159663552e-08,1.2570885245452567e-08,160,6.6610361928907222,0.73744880899697507,0.9999995252609124,4.7473908759698702e-07,0.0052252931961441831,build/runs/a1-publication/work/nnn_tfim_expensive/checkpoints/response_j2_0p1_L18_neig160.json,9f056d6c37c09789a65400523ae69dabc6813098c8b92eae413ef0fe891d38b6
NNN-TFIM,0.10000000000000001,18,71,6.0302221453621706e-08,9.0529791022576704e-09,160,6.6610361928907222,0.73744880899697507,0.9999995252609124,4.7473908759698702e-07,0.0052252931961441831,build/runs/a1-publication/work/nnn_tfim_expensive/checkpoints/response_j2_0p1_L18_neig160.json,9f056d6c37c09789a65400523ae69dabc6813098c8b92eae413ef0fe891d38b6
NNN-TFIM,0.10000000000000001,18,72,5.6587437805629771e-08,8.4952905474414246e-09,160,6.6610361928907222,0.73744880899697507,0.9999995252609124,4.7473908759698702e-07,0.0052252931961441831,build/runs/a1-publication/work/nnn_tfim_expensive/checkpoints/response_j2_0p1_L18_neig160.json,9f056d6c37c09789a65400523ae69dabc6813098c8b92eae413ef0fe891d38b6
NNN-TFIM,0.10000000000000001,18,73,5.6340726458807096e-08,8.458252564209028e-09,160,6.6610361928907222,0.73744880899697507,0.9999995252609124,4.7473908759698702e-07,0.0052252931961441831,build/runs/a1-publication/work/nnn_tfim_expensive/checkpoints/response_j2_0p1_L18_neig160.json,9f056d6c37c09789a65400523ae69dabc6813098c8b92eae413ef0fe891d38b6
NNN-TFIM,0.10000000000000001,18,74,5.0138145570262707e-08,7.5270789886676791e-09,160,6.6610361928907222,0.73744880899697507,0.9999995252609124,4.7473908759698702e-07,0.0052252931961441831,build/runs/a1-publication/work/nnn_tfim_expensive/checkpoints/response_j2_0p1_L18_neig160.json,9f056d6c37c09789a65400523ae69dabc6813098c8b92eae413ef0fe891d38b6
NNN-TFIM,0.10000000000000001,18,75,4.7346149410327149e-08,7.1079255598189615e-09,160,6.6610361928907222,0.73744880899697507,0.9999995252609124,4.7473908759698702e-07,0.0052252931961441831,build/runs/a1-publication/work/nnn_tfim_expensive/checkpoints/response_j2_0p1_L18_neig160.json,9f056d6c37c09789a65400523ae69dabc6813098c8b92eae413ef0fe891d38b6
NNN-TFIM,0.10000000000000001,18,76,4.3247564347188533e-08,6.492618129495582e-09,160,6.6610361928907222,0.73744880899697507,0.9999995252609124,4.7473908759698702e-07,0.0052252931961441831,build/runs/a1-publication/work/nnn_tfim_expensive/checkpoints/response_j2_0p1_L18_neig160.json,9f056d6c37c09789a65400523ae69dabc6813098c8b92eae413ef0fe891d38b6
NNN-TFIM,0.10000000000000001,18,77,3.0654555544675642e-08,4.6020701069591901e-09,160,6.6610361928907222,0.73744880899697507,0.9999995252609124,4.7473908759698702e-07,0.0052252931961441831,build/runs/a1-publication/work/nnn_tfim_expensive/checkpoints/response_j2_0p1_L18_neig160.json,9f056d6c37c09789a65400523ae69dabc6813098c8b92eae413ef0fe891d38b6
NNN-TFIM,0.10000000000000001,18,78,2.1531445461436741e-08,3.2324468502989226e-09,160,6.6610361928907222,0.73744880899697507,0.9999995252609124,4.7473908759698702e-07,0.0052252931961441831,build/runs/a1-publication/work/nnn_tfim_expensive/checkpoints/response_j2_0p1_L18_neig160.json,9f056d6c37c09789a65400523ae69dabc6813098c8b92eae413ef0fe891d38b6
NNN-TFIM,0.10000000000000001,18,79,1.8982825734469183e-08,2.8498307447615166e-09,160,6.6610361928907222,0.73744880899697507,0.9999995252609124,4.7473908759698702e-07,0.0052252931961441831,build/runs/a1-publication/work/nnn_tfim_expensive/checkpoints/response_j2_0p1_L18_neig160.json,9f056d6c37c09789a65400523ae69dabc6813098c8b92eae413ef0fe891d38b6
NNN-TFIM,0.10000000000000001,18,80,1.2930273760340187e-08,1.941180528960431e-09,160,6.6610361928907222,0.73744880899697507,0.9999995252609124,4.7473908759698702e-07,0.0052252931961441831,build/runs/a1-publication/work/nnn_tfim_expensive/checkpoints/response_j2_0p1_L18_neig160.json,9f056d6c37c09789a65400523ae69dabc6813098c8b92eae413ef0fe891d38b6
NNN-TFIM,0.10000000000000001,18,81,8.2948356980857913e-09,1.2452770797040274e-09,160,6.6610361928907222,0.73744880899697507,0.9999995252609124,4.7473908759698702e-07,0.0052252931961441831,build/runs/a1-publication/work/nnn_tfim_expensive/checkpoints/response_j2_0p1_L18_neig160.json,9f056d6c37c09789a65400523ae69dabc6813098c8b92eae413ef0fe891d38b6
NNN-TFIM,0.10000000000000001,18,82,7.1008807483856233e-09,1.0660324524229945e-09,160,6.6610361928907222,0.73744880899697507,0.9999995252609124,4.7473908759698702e-07,0.0052252931961441831,build/runs/a1-publication/work/nnn_tfim_expensive/checkpoints/response_j2_0p1_L18_neig160.json,9f056d6c37c09789a65400523ae69dabc6813098c8b92eae413ef0fe891d38b6
NNN-TFIM,0.10000000000000001,18,83,5.5134940759984453e-09,8.2772318245064624e-10,160,6.6610361928907222,0.73744880899697507,0.9999995252609124,4.7473908759698702e-07,0.0052252931961441831,build/runs/a1-publication/work/nnn_tfim_expensive/checkpoints/response_j2_0p1_L18_neig160.json,9f056d6c37c09789a65400523ae69dabc6813098c8b92eae413ef0fe891d38b6
NNN-TFIM,0.10000000000000001,18,84,4.1154965581008695e-09,6.1784629882259313e-10,160,6.6610361928907222,0.73744880899697507,0.9999995252609124,4.7473908759698702e-07,0.0052252931961441831,build/runs/a1-publication/work/nnn_tfim_expensive/checkpoints/response_j2_0p1_L18_neig160.json,9f056d6c37c09789a65400523ae69dabc6813098c8b92eae413ef0fe891d38b6
NNN-TFIM,0.10000000000000001,18,85,3.3864509563054819e-09,5.0839702085988029e-10,160,6.6610361928907222,0.73744880899697507,0.9999995252609124,4.7473908759698702e-07,0.0052252931961441831,build/runs/a1-publication/work/nnn_tfim_expensive/checkpoints/response_j2_0p1_L18_neig160.json,9f056d6c37c09789a65400523ae69dabc6813098c8b92eae413ef0fe891d38b6
NNN-TFIM,0.10000000000000001,18,86,3.2731621603853442e-09,4.9138933727439692e-10,160,6.6610361928907222,0.73744880899697507,0.9999995252609124,4.7473908759698702e-07,0.0052252931961441831,build/runs/a1-publication/work/nnn_tfim_expensive/checkpoints/response_j2_0p1_L18_neig160.json,9f056d6c37c09789a65400523ae69dabc6813098c8b92eae413ef0fe891d38b6
NNN-TFIM,0.10000000000000001,18,87,3.0447672300467422e-09,4.5710113890334376e-10,160,6.6610361928907222,0.73744880899697507,0.9999995252609124,4.7473908759698702e-07,0.0052252931961441831,build/runs/a1-publication/work/nnn_tfim_expensive/checkpoints/response_j2_0p1_L18_neig160.json,9f056d6c37c09789a65400523ae69dabc6813098c8b92eae413ef0fe891d38b6
NNN-TFIM,0.10000000000000001,18,88,3.0139103757433183e-09,4.5246869833255732e-10,160,6.6610361928907222,0.73744880899697507,0.9999995252609124,4.7473908759698702e-07,0.0052252931961441831,build/runs/a1-publication/work/nnn_tfim_expensive/checkpoints/response_j2_0p1_L18_neig160.json,9f056d6c37c09789a65400523ae69dabc6813098c8b92eae413ef0fe891d38b6
NNN-TFIM,0.10000000000000001,18,89,2.8136613721085058e-09,4.2240595766639237e-10,160,6.6610361928907222,0.73744880899697507,0.9999995252609124,4.7473908759698702e-07,0.0052252931961441831,build/runs/a1-publication/work/nnn_tfim_expensive/checkpoints/response_j2_0p1_L18_neig160.json,9f056d6c37c09789a65400523ae69dabc6813098c8b92eae413ef0fe891d38b6
NNN-TFIM,0.10000000000000001,18,90,2.3241217302305635e-09,3.4891294130950415e-10,160,6.6610361928907222,0.73744880899697507,0.9999995252609124,4.7473908759698702e-07,0.0052252931961441831,build/runs/a1-publication/work/nnn_tfim_expensive/checkpoints/response_j2_0p1_L18_neig160.json,9f056d6c37c09789a65400523ae69dabc6813098c8b92eae413ef0fe891d38b6
NNN-TFIM,0.10000000000000001,18,91,2.0781074818653757e-09,3.1197961123275767e-10,160,6.6610361928907222,0.73744880899697507,0.9999995252609124,4.7473908759698702e-07,0.0052252931961441831,build/runs/a1-publication/work/nnn_tfim_expensive/checkpoints/response_j2_0p1_L18_neig160.json,9f056d6c37c09789a65400523ae69dabc6813098c8b92eae413ef0fe891d38b6
NNN-TFIM,0.10000000000000001,18,92,1.7423621137046579e-09,2.6157523593165111e-10,160,6.6610361928907222,0.73744880899697507,0.9999995252609124,4.7473908759698702e-07,0.0052252931961441831,build/runs/a1-publication/work/nnn_tfim_expensive/checkpoints/response_j2_0p1_L18_neig160.json,9f056d6c37c09789a65400523ae69dabc6813098c8b92eae413ef0fe891d38b6
NNN-TFIM,0.10000000000000001,18,93,1.5609720607686802e-09,2.3434372904844669e-10,160,6.6610361928907222,0.73744880899697507,0.9999995252609124,4.7473908759698702e-07,0.0052252931961441831,build/runs/a1-publication/work/nnn_tfim_expensive/checkpoints/response_j2_0p1_L18_neig160.json,9f056d6c37c09789a65400523ae69dabc6813098c8b92eae413ef0fe891d38b6
NNN-TFIM,0.10000000000000001,18,94,1.4196774697517831e-09,2.1313162526680082e-10,160,6.6610361928907222,0.73744880899697507,0.9999995252609124,4.7473908759698702e-07,0.0052252931961441831,build/runs/a1-publication/work/nnn_tfim_expensive/checkpoints/response_j2_0p1_L18_neig160.json,9f056d6c37c09789a65400523ae69dabc6813098c8b92eae413ef0fe891d38b6
NNN-TFIM,0.10000000000000001,18,95,4.6099309058631192e-10,6.9207414167532475e-11,160,6.6610361928907222,0.73744880899697507,0.9999995252609124,4.7473908759698702e-07,0.0052252931961441831,build/runs/a1-publication/work/nnn_tfim_expensive/checkpoints/response_j2_0p1_L18_neig160.json,9f056d6c37c09789a65400523ae69dabc6813098c8b92eae413ef0fe891d38b6
NNN-TFIM,0.10000000000000001,18,96,9.8562389647503383e-11,1.4796855443106334e-11,160,6.6610361928907222,0.73744880899697507,0.9999995252609124,4.7473908759698702e-07,0.0052252931961441831,build/runs/a1-publication/work/nnn_tfim_expensive/checkpoints/response_j2_0p1_L18_neig160.json,9f056d6c37c09789a65400523ae69dabc6813098c8b92eae413ef0fe891d38b6
NNN-TFIM,0.10000000000000001,18,97,7.3759500891368026e-11,1.1073277303325724e-11,160,6.6610361928907222,0.73744880899697507,0.9999995252609124,4.7473908759698702e-07,0.0052252931961441831,build/runs/a1-publication/work/nnn_tfim_expensive/checkpoints/response_j2_0p1_L18_neig160.json,9f056d6c37c09789a65400523ae69dabc6813098c8b92eae413ef0fe891d38b6
NNN-TFIM,0.10000000000000001,18,98,1.5318070717020307e-11,2.2996528277941469e-12,160,6.6610361928907222,0.73744880899697507,0.9999995252609124,4.7473908759698702e-07,0.0052252931961441831,build/runs/a1-publication/work/nnn_tfim_expensive/checkpoints/response_j2_0p1_L18_neig160.json,9f056d6c37c09789a65400523ae69dabc6813098c8b92eae413ef0fe891d38b6
NNN-TFIM,0.10000000000000001,18,99,1.3485933668805968e-11,2.0245999688756251e-12,160,6.6610361928907222,0.73744880899697507,0.9999995252609124,4.7473908759698702e-07,0.0052252931961441831,build/runs/a1-publication/work/nnn_tfim_expensive/checkpoints/response_j2_0p1_L18_neig160.json,9f056d6c37c09789a65400523ae69dabc6813098c8b92eae413ef0fe891d38b6
NNN-TFIM,0.10000000000000001,18,100,1.6500762381527639e-13,2.4772065341934021e-14,160,6.6610361928907222,0.73744880899697507,0.9999995252609124,4.7473908759698702e-07,0.0052252931961441831,build/runs/a1-publication/work/nnn_tfim_expensive/checkpoints/response_j2_0p1_L18_neig160.json,9f056d6c37c09789a65400523ae69dabc6813098c8b92eae413ef0fe891d38b6
NNN-TFIM,0.10000000000000001,18,101,4.4644246901635884e-23,6.7022976018782747e-24,160,6.6610361928907222,0.73744880899697507,0.9999995252609124,4.7473908759698702e-07,0.0052252931961441831,build/runs/a1-publication/work/nnn_tfim_expensive/checkpoints/response_j2_0p1_L18_neig160.json,9f056d6c37c09789a65400523ae69dabc6813098c8b92eae413ef0fe891d38b6
NNN-TFIM,0.10000000000000001,18,102,1.4482829431752274e-23,2.1742607324682754e-24,160,6.6610361928907222,0.73744880899697507,0.9999995252609124,4.7473908759698702e-07,0.0052252931961441831,build/runs/a1-publication/work/nnn_tfim_expensive/checkpoints/response_j2_0p1_L18_neig160.json,9f056d6c37c09789a65400523ae69dabc6813098c8b92eae413ef0fe891d38b6
NNN-TFIM,0.10000000000000001,18,103,1.1172712756553212e-24,1.6773235324074311e-25,160,6.6610361928907222,0.73744880899697507,0.9999995252609124,4.7473908759698702e-07,0.0052252931961441831,build/runs/a1-publication/work/nnn_tfim_expensive/checkpoints/response_j2_0p1_L18_neig160.json,9f056d6c37c09789a65400523ae69dabc6813098c8b92eae413ef0fe891d38b6
NNN-TFIM,0.10000000000000001,18,104,6.0027191819508894e-25,9.011689785378362e-26,160,6.6610361928907222,0.73744880899697507,0.9999995252609124,4.7473908759698702e-07,0.0052252931961441831,build/runs/a1-publication/work/nnn_tfim_expensive/checkpoints/response_j2_0p1_L18_neig160.json,9f056d6c37c09789a65400523ae69dabc6813098c8b92eae413ef0fe891d38b6
NNN-TFIM,0.10000000000000001,18,105,2.7765600064705786e-25,4.1683604863669436e-26,160,6.6610361928907222,0.73744880899697507,0.9999995252609124,4.7473908759698702e-07,0.0052252931961441831,build/runs/a1-publication/work/nnn_tfim_expensive/checkpoints/response_j2_0p1_L18_neig160.json,9f056d6c37c09789a65400523ae69dabc6813098c8b92eae413ef0fe891d38b6
NNN-TFIM,0.10000000000000001,18,106,2.6496493575268258e-25,3.9778335994552592e-26,160,6.6610361928907222,0.73744880899697507,0.9999995252609124,4.7473908759698702e-07,0.0052252931961441831,build/runs/a1-publication/work/nnn_tfim_expensive/checkpoints/response_j2_0p1_L18_neig160.json,9f056d6c37c09789a65400523ae69dabc6813098c8b92eae413ef0fe891d38b6
NNN-TFIM,0.10000000000000001,18,107,1.0981575572725556e-25,1.6486287200249887e-26,160,6.6610361928907222,0.73744880899697507,0.9999995252609124,4.7473908759698702e-07,0.0052252931961441831,build/runs/a1-publication/work/nnn_tfim_expensive/checkpoints/response_j2_0p1_L18_neig160.json,9f056d6c37c09789a65400523ae69dabc6813098c8b92eae413ef0fe891d38b6
NNN-TFIM,0.10000000000000001,18,108,3.1282342613133435e-27,4.6963177660738225e-28,160,6.6610361928907222,0.73744880899697507,0.9999995252609124,4.7473908759698702e-07,0.0052252931961441831,build/runs/a1-publication/work/nnn_tfim_expensive/checkpoints/response_j2_0p1_L18_neig160.json,9f056d6c37c09789a65400523ae69dabc6813098c8b92eae413ef0fe891d38b6
NNN-TFIM,0.10000000000000001,18,109,1.9529965422595019e-27,2.9319710713235901e-28,160,6.6610361928907222,0.73744880899697507,0.9999995252609124,4.7473908759698702e-07,0.0052252931961441831,build/runs/a1-publication/work/nnn_tfim_expensive/checkpoints/response_j2_0p1_L18_neig160.json,9f056d6c37c09789a65400523ae69dabc6813098c8b92eae413ef0fe891d38b6
NNN-TFIM,0.10000000000000001,18,110,1.536284604401468e-27,2.3063748040299404e-28,160,6.6610361928907222,0.73744880899697507,0.9999995252609124,4.7473908759698702e-07,0.0052252931961441831,build/runs/a1-publication/work/nnn_tfim_expensive/checkpoints/response_j2_0p1_L18_neig160.json,9f056d6c37c09789a65400523ae69dabc6813098c8b92eae413ef0fe891d38b6
NNN-TFIM,0.10000000000000001,18,111,8.1241452168961471e-28,1.2196518652108497e-28,160,6.6610361928907222,0.73744880899697507,0.9999995252609124,4.7473908759698702e-07,0.0052252931961441831,build/runs/a1-publication/work/nnn_tfim_expensive/checkpoints/response_j2_0p1_L18_neig160.json,9f056d6c37c09789a65400523ae69dabc6813098c8b92eae413ef0fe891d38b6
NNN-TFIM,0.10000000000000001,18,112,5.091936912031369e-28,7.6443615746540422e-29,160,6.6610361928907222,0.73744880899697507,0.9999995252609124,4.7473908759698702e-07,0.0052252931961441831,build/runs/a1-publication/work/nnn_tfim_expensive/checkpoints/response_j2_0p1_L18_neig160.json,9f056d6c37c09789a65400523ae69dabc6813098c8b92eae413ef0fe891d38b6
NNN-TFIM,0.10000000000000001,18,113,3.3794808681839722e-28,5.0735062388504485e-29,160,6.6610361928907222,0.73744880899697507,0.9999995252609124,4.7473908759698702e-07,0.0052252931961441831,build/runs/a1-publication/work/nnn_tfim_expensive/checkpoints/response_j2_0p1_L18_neig160.json,9f056d6c37c09789a65400523ae69dabc6813098c8b92eae413ef0fe891d38b6
NNN-TFIM,0.10000000000000001,18,114,1.2054125624790552e-28,1.8096472194004644e-29,160,6.6610361928907222,0.73744880899697507,0.9999995252609124,4.7473908759698702e-07,0.0052252931961441831,build/runs/a1-publication/work/nnn_tfim_expensive/checkpoints/response_j2_0p1_L18_neig160.json,9f056d6c37c09789a65400523ae69dabc6813098c8b92eae413ef0fe891d38b6
NNN-TFIM,0.10000000000000001,18,115,1.1546062145217298e-28,1.7333732787010422e-29,160,6.6610361928907222,0.73744880899697507,0.9999995252609124,4.7473908759698702e-07,0.0052252931961441831,build/runs/a1-publication/work/nnn_tfim_expensive/checkpoints/response_j2_0p1_L18_neig160.json,9f056d6c37c09789a65400523ae69dabc6813098c8b92eae413ef0fe891d38b6
NNN-TFIM,0.10000000000000001,18,116,9.6329218918171541e-29,1.4461596683858743e-29,160,6.6610361928907222,0.73744880899697507,0.9999995252609124,4.7473908759698702e-07,0.0052252931961441831,build/runs/a1-publication/work/nnn_tfim_expensive/checkpoints/response_j2_0p1_L18_neig160.json,9f056d6c37c09789a65400523ae69dabc6813098c8b92eae413ef0fe891d38b6
NNN-TFIM,0.10000000000000001,18,117,9.031861005371165e-29,1.355924325259005e-29,160,6.6610361928907222,0.73744880899697507,0.9999995252609124,4.7473908759698702e-07,0.0052252931961441831,build/runs/a1-publication/work/nnn_tfim_expensive/checkpoints/response_j2_0p1_L18_neig160.json,9f056d6c37c09789a65400523ae69dabc6813098c8b92eae413ef0fe891d38b6
NNN-TFIM,0.10000000000000001,18,118,7.4980986743885114e-29,1.1256655056748048e-29,160,6.6610361928907222,0.73744880899697507,0.9999995252609124,4.7473908759698702e-07,0.0052252931961441831,build/runs/a1-publication/work/nnn_tfim_expensive/checkpoints/response_j2_0p1_L18_neig160.json,9f056d6c37c09789a65400523ae69dabc6813098c8b92eae413ef0fe891d38b6
NNN-TFIM,0.10000000000000001,18,119,5.9042522000942998e-29,8.8638644636038264e-30,160,6.6610361928907222,0.73744880899697507,0.9999995252609124,4.7473908759698702e-07,0.0052252931961441831,build/runs/a1-publication/work/nnn_tfim_expensive/checkpoints/response_j2_0p1_L18_neig160.json,9f056d6c37c09789a65400523ae69dabc6813098c8b92eae413ef0fe891d38b6
NNN-TFIM,0.10000000000000001,18,120,4.9247837521305292e-29,7.3934198967222503e-30,160,6.6610361928907222,0.73744880899697507,0.9999995252609124,4.7473908759698702e-07,0.0052252931961441831,build/runs/a1-publication/work/nnn_tfim_expensive/checkpoints/response_j2_0p1_L18_neig160.json,9f056d6c37c09789a65400523ae69dabc6813098c8b92eae413ef0fe891d38b6
NNN-TFIM,0.10000000000000001,18,121,4.4247375749642307e-29,6.6427166086962897e-30,160,6.6610361928907222,0.73744880899697507,0.9999995252609124,4.7473908759698702e-07,0.0052252931961441831,build/runs/a1-publication/work/nnn_tfim_expensive/checkpoints/response_j2_0p1_L18_neig160.json,9f056d6c37c09789a65400523ae69dabc6813098c8b92eae413ef0fe891d38b6
NNN-TFIM,0.10000000000000001,18,122,3.6690994929004834e-29,5.5083013913308078e-30,160,6.6610361928907222,0.73744880899697507,0.9999995252609124,4.7473908759698702e-07,0.0052252931961441831,build/runs/a1-publication/work/nnn_tfim_expensive/checkpoints/response_j2_0p1_L18_neig160.json,9f056d6c37c09789a65400523ae69dabc6813098c8b92eae413ef0fe891d38b6
NNN-TFIM,0.10000000000000001,18,123,3.4122185268879304e-29,5.1226542358826506e-30,160,6.6610361928907222,0.73744880899697507,0.9999995252609124,4.7473908759698702e-07,0.0052252931961441831,build/runs/a1-publication/work/nnn_tfim_expensive/checkpoints/response_j2_0p1_L18_neig160.json,9f056d6c37c09789a65400523ae69dabc6813098c8b92eae413ef0fe891d38b6
NNN-TFIM,0.10000000000000001,18,124,2.2654739622045045e-29,3.4010833999407319e-30,160,6.6610361928907222,0.73744880899697507,0.9999995252609124,4.7473908759698702e-07,0.0052252931961441831,build/runs/a1-publication/work/nnn_tfim_expensive/checkpoints/response_j2_0p1_L18_neig160.json,9f056d6c37c09789a65400523ae69dabc6813098c8b92eae413ef0fe891d38b6
NNN-TFIM,0.10000000000000001,18,125,1.3830165318457661e-29,2.0762783623993068e-30,160,6.6610361928907222,0.73744880899697507,0.9999995252609124,4.7473908759698702e-07,0.0052252931961441831,build/runs/a1-publication/work/nnn_tfim_expensive/checkpoints/response_j2_0p1_L18_neig160.json,9f056d6c37c09789a65400523ae69dabc6813098c8b92eae413ef0fe891d38b6
NNN-TFIM,0.10000000000000001,18,126,5.4763447392941696e-30,8.2214607167861275e-31,160,6.6610361928907222,0.73744880899697507,0.9999995252609124,4.7473908759698702e-07,0.0052252931961441831,build/runs/a1-publication/work/nnn_tfim_expensive/checkpoints/response_j2_0p1_L18_neig160.json,9f056d6c37c09789a65400523ae69dabc6813098c8b92eae413ef0fe891d38b6
NNN-TFIM,0.10000000000000001,18,127,5.0547696882260906e-30,7.5885636136026572e-31,160,6.6610361928907222,0.73744880899697507,0.9999995252609124,4.7473908759698702e-07,0.0052252931961441831,build/runs/a1-publication/work/nnn_tfim_expensive/checkpoints/response_j2_0p1_L18_neig160.json,9f056d6c37c09789a65400523ae69dabc6813098c8b92eae413ef0fe891d38b6
NNN-TFIM,0.10000000000000001,18,128,3.3593289246149165e-30,5.0432527722943541e-31,160,6.6610361928907222,0.73744880899697507,0.9999995252609124,4.7473908759698702e-07,0.0052252931961441831,build/runs/a1-publication/work/nnn_tfim_expensive/checkpoints/response_j2_0p1_L18_neig160.json,9f056d6c37c09789a65400523ae69dabc6813098c8b92eae413ef0fe891d38b6
NNN-TFIM,0.10000000000000001,18,129,3.1503481022130454e-30,4.7295165661693752e-31,160,6.6610361928907222,0.73744880899697507,0.9999995252609124,4.7473908759698702e-07,0.0052252931961441831,build/runs/a1-publication/work/nnn_tfim_expensive/checkpoints/response_j2_0p1_L18_neig160.json,9f056d6c37c09789a65400523ae69dabc6813098c8b92eae413ef0fe891d38b6
NNN-TFIM,0.10000000000000001,18,130,2.0174859940322915e-30,3.0287870169291985e-31,160,6.6610361928907222,0.73744880899697507,0.9999995252609124,4.7473908759698702e-07,0.0052252931961441831,build/runs/a1-publication/work/nnn_tfim_expensive/checkpoints/response_j2_0p1_L18_neig160.json,9f056d6c37c09789a65400523ae69dabc6813098c8b92eae413ef0fe891d38b6
NNN-TFIM,0.10000000000000001,18,131,9.8549065912623955e-31,1.4794855193521497e-31,160,6.6610361928907222,0.73744880899697507,0.9999995252609124,4.7473908759698702e-07,0.0052252931961441831,build/runs/a1-publication/work/nnn_tfim_expensive/checkpoints/response_j2_0p1_L18_neig160.json,9f056d6c37c09789a65400523ae69dabc6813098c8b92eae413ef0fe891d38b6
NNN-TFIM,0.10000000000000001,18,132,9.337745065352489e-31,1.4018457181359559e-31,160,6.6610361928907222,0.73744880899697507,0.9999995252609124,4.7473908759698702e-07,0.0052252931961441831,build/runs/a1-publication/work/nnn_tfim_expensive/checkpoints/response_j2_0p1_L18_neig160.json,9f056d6c37c09789a65400523ae69dabc6813098c8b92eae413ef0fe891d38b6
NNN-TFIM,0.10000000000000001,18,133,6.5050238718959208e-31,9.7657837062027787e-32,160,6.6610361928907222,0.73744880899697507,0.9999995252609124,4.7473908759698702e-07,0.0052252931961441831,build/runs/a1-publication/work/nnn_tfim_expensive/checkpoints/response_j2_0p1_L18_neig160.json,9f056d6c37c09789a65400523ae69dabc6813098c8b92eae413ef0fe891d38b6
NNN-TFIM,0.10000000000000001,18,134,5.6247326472740002e-31,8.4442307238583064e-32,160,6.6610361928907222,0.73744880899697507,0.9999995252609124,4.7473908759698702e-07,0.0052252931961441831,build/runs/a1-publication/work/nnn_tfim_expensive/checkpoints/response_j2_0p1_L18_neig160.json,9f056d6c37c09789a65400523ae69dabc6813098c8b92eae413ef0fe891d38b6
NNN-TFIM,0.10000000000000001,18,135,5.1134650030509088e-31,7.6766810072409977e-32,160,6.6610361928907222,0.73744880899697507,0.9999995252609124,4.7473908759698702e-07,0.0052252931961441831,build/runs/a1-publication/work/nnn_tfim_expensive/checkpoints/response_j2_0p1_L18_neig160.json,9f056d6c37c09789a65400523ae69dabc6813098c8b92eae413ef0fe891d38b6
NNN-TFIM,0.10000000000000001,18,136,4.6698899308883004e-31,7.0107559779849889e-32,160,6.6610361928907222,0.73744880899697507,0.9999995252609124,4.7473908759698702e-07,0.0052252931961441831,build/runs/a1-publication/work/nnn_tfim_expensive/checkpoints/response_j2_0p1_L18_neig160.json,9f056d6c37c09789a65400523ae69dabc6813098c8b92eae413ef0fe891d38b6
NNN-TFIM,0.10000000000000001,18,137,4.6110518612690651e-31,6.9224242711523001e-32,160,6.6610361928907222,0.73744880899697507,0.9999995252609124,4.7473908759698702e-07,0.0052252931961441831,build/runs/a1-publication/work/nnn_tfim_expensive/checkpoints/response_j2_0p1_L18_neig160.json,9f056d6c37c09789a65400523ae69dabc6813098c8b92eae413ef0fe891d38b6
NNN-TFIM,0.10000000000000001,18,138,3.1131583144553393e-31,4.6736847305798931e-32,160,6.6610361928907222,0.73744880899697507,0.9999995252609124,4.7473908759698702e-07,0.0052252931961441831,build/runs/a1-publication/work/nnn_tfim_expensive/checkpoints/response_j2_0p1_L18_neig160.json,9f056d6c37c09789a65400523ae69dabc6813098c8b92eae413ef0fe891d38b6
NNN-TFIM,0.10000000000000001,18,139,1.8975856620581962e-31,2.8487844940453502e-32,160,6.6610361928907222,0.73744880899697507,0.9999995252609124,4.7473908759698702e-07,0.0052252931961441831,build/runs/a1-publication/work/nnn_tfim_expensive/checkpoints/response_j2_0p1_L18_neig160.json,9f056d6c37c09789a65400523ae69dabc6813098c8b92eae413ef0fe891d38b6
NNN-TFIM,0.10000000000000001,18,140,1.8023600542097033e-31,2.705825343110055e-32,160,6.6610361928907222,0.73744880899697507,0.9999995252609124,4.7473908759698702e-07,0.0052252931961441831,build/runs/a1-publication/work/nnn_tfim_expensive/checkpoints/response_j2_0p1_L18_neig160.json,9f056d6c37c09789a65400523ae69dabc6813098c8b92eae413ef0fe891d38b6
NNN-TFIM,0.10000000000000001,18,141,1.3752453780826556e-31,2.0646117784954319e-32,160,6.6610361928907222,0.73744880899697507,0.9999995252609124,4.7473908759698702e-07,0.0052252931961441831,build/runs/a1-publication/work/nnn_tfim_expensive/checkpoints/response_j2_0p1_L18_neig160.json,9f056d6c37c09789a65400523ae69dabc6813098c8b92eae413ef0fe891d38b6
NNN-TFIM,0.10000000000000001,18,142,8.5741781700058274e-32,1.2872138690909665e-32,160,6.6610361928907222,0.73744880899697507,0.9999995252609124,4.7473908759698702e-07,0.0052252931961441831,build/runs/a1-publication/work/nnn_tfim_expensive/checkpoints/response_j2_0p1_L18_neig160.json,9f056d6c37c09789a65400523ae69dabc6813098c8b92eae413ef0fe891d38b6
NNN-TFIM,0.10000000000000001,18,143,8.4443138371815973e-32,1.267717753312038e-32,160,6.6610361928907222,0.73744880899697507,0.9999995252609124,4.7473908759698702e-07,0.0052252931961441831,build/runs/a1-publication/work/nnn_tfim_expensive/checkpoints/response_j2_0p1_L18_neig160.json,9f056d6c37c09789a65400523ae69dabc6813098c8b92eae413ef0fe891d38b6
NNN-TFIM,0.10000000000000001,18,144,6.6280636802198822e-32,9.9504994242396834e-33,160,6.6610361928907222,0.73744880899697507,0.9999995252609124,4.7473908759698702e-07,0.0052252931961441831,build/runs/a1-publication/work/nnn_tfim_expensive/checkpoints/response_j2_0p1_L18_neig160.json,9f056d6c37c09789a65400523ae69dabc6813098c8b92eae413ef0fe891d38b6
NNN-TFIM,0.10000000000000001,18,145,6.4748329789195487e-32,9.7204590868761427e-33,160,6.6610361928907222,0.73744880899697507,0.9999995252609124,4.7473908759698702e-07,0.0052252931961441831,build/runs/a1-publication/work/nnn_tfim_expensive/checkpoints/response_j2_0p1_L18_neig160.json,9f056d6c37c09789a65400523ae69dabc6813098c8b92eae413ef0fe891d38b6
NNN-TFIM,0.10000000000000001,18,146,5.2772848646552684e-32,7.9226185113476465e-33,160,6.6610361928907222,0.73744880899697507,0.9999995252609124,4.7473908759698702e-07,0.0052252931961441831,build/runs/a1-publication/work/nnn_tfim_expensive/checkpoints/response_j2_0p1_L18_neig160.json,9f056d6c37c09789a65400523ae69dabc6813098c8b92eae413ef0fe891d38b6
NNN-TFIM,0.10000000000000001,18,147,4.9478375886901046e-32,7.4280298821539173e-33,160,6.6610361928907222,0.73744880899697507,0.9999995252609124,4.7473908759698702e-07,0.0052252931961441831,build/runs/a1-publication/work/nnn_tfim_expensive/checkpoints/response_j2_0p1_L18_neig160.json,9f056d6c37c09789a65400523ae69dabc6813098c8b92eae413ef0fe891d38b6
NNN-TFIM,0.10000000000000001,18,148,3.5256706779805158e-32,5.2929763116186634e-33,160,6.6610361928907222,0.73744880899697507,0.9999995252609124,4.7473908759698702e-07,0.0052252931961441831,build/runs/a1-publication/work/nnn_tfim_expensive/checkpoints/response_j2_0p1_L18_neig160.json,9f056d6c37c09789a65400523ae69dabc6813098c8b92eae413ef0fe891d38b6
NNN-TFIM,0.10000000000000001,18,149,2.9360320042046694e-32,4.40777068189222e-33,160,6.6610361928907222,0.73744880899697507,0.9999995252609124,4.7473908759698702e-07,0.0052252931961441831,build/runs/a1-publication/work/nnn_tfim_expensive/checkpoints/response_j2_0p1_L18_neig160.json,9f056d6c37c09789a65400523ae69dabc6813098c8b92eae413ef0fe891d38b6
NNN-TFIM,0.10000000000000001,18,150,2.363896196035875e-32,3.5488415429401883e-33,160,6.6610361928907222,0.73744880899697507,0.9999995252609124,4.7473908759698702e-07,0.0052252931961441831,build/runs/a1-publication/work/nnn_tfim_expensive/checkpoints/response_j2_0p1_L18_neig160.json,9f056d6c37c09789a65400523ae69dabc6813098c8b92eae413ef0fe891d38b6
NNN-TFIM,0.10000000000000001,18,151,1.6720569082514659e-32,2.5102054092365401e-33,160,6.6610361928907222,0.73744880899697507,0.9999995252609124,4.7473908759698702e-07,0.0052252931961441831,build/runs/a1-publication/work/nnn_tfim_expensive/checkpoints/response_j2_0p1_L18_neig160.json,9f056d6c37c09789a65400523ae69dabc6813098c8b92eae413ef0fe891d38b6
NNN-TFIM,0.10000000000000001,18,152,1.5219446427430365e-32,2.2848466795112109e-33,160,6.6610361928907222,0.73744880899697507,0.9999995252609124,4.7473908759698702e-07,0.0052252931961441831,build/runs/a1-publication/work/nnn_tfim_expensive/checkpoints/response_j2_0p1_L18_neig160.json,9f056d6c37c09789a65400523ae69dabc6813098c8b92eae413ef0fe891d38b6
NNN-TFIM,0.10000000000000001,18,153,1.3641107586949508e-32,2.0478957315242585e-33,160,6.6610361928907222,0.73744880899697507,0.9999995252609124,4.7473908759698702e-07,0.0052252931961441831,build/runs/a1-publication/work/nnn_tfim_expensive/checkpoints/response_j2_0p1_L18_neig160.json,9f056d6c37c09789a65400523ae69dabc6813098c8b92eae413ef0fe891d38b6
NNN-TFIM,0.10000000000000001,18,154,5.7567041244454465e-33,8.6423552698745827e-34,160,6.6610361928907222,0.73744880899697507,0.9999995252609124,4.7473908759698702e-07,0.0052252931961441831,build/runs/a1-publication/work/nnn_tfim_expensive/checkpoints/response_j2_0p1_L18_neig160.json,9f056d6c37c09789a65400523ae69dabc6813098c8b92eae413ef0fe891d38b6
NNN-TFIM,0.10000000000000001,18,155,3.2113444293461395e-33,4.8210883957868073e-34,160,6.6610361928907222,0.73744880899697507,0.9999995252609124,4.7473908759698702e-07,0.0052252931961441831,build/runs/a1-publication/work/nnn_tfim_expensive/checkpoints/response_j2_0p1_L18_neig160.json,9f056d6c37c09789a65400523ae69dabc6813098c8b92eae413ef0fe891d38b6
NNN-TFIM,0.10000000000000001,18,156,2.9336463363483895e-33,4.4041891552540276e-34,160,6.6610361928907222,0.73744880899697507,0.9999995252609124,4.7473908759698702e-07,0.0052252931961441831,build/runs/a1-publication/work/nnn_tfim_expensive/checkpoints/response_j2_0p1_L18_neig160.json,9f056d6c37c09789a65400523ae69dabc6813098c8b92eae413ef0fe891d38b6
NNN-TFIM,0.10000000000000001,18,157,2.1875737628862991e-33,3.2841343291620025e-34,160,6.6610361928907222,0.73744880899697507,0.9999995252609124,4.7473908759698702e-07,0.0052252931961441831,build/runs/a1-publication/work/nnn_tfim_expensive/checkpoints/response_j2_0p1_L18_neig160.json,9f056d6c37c09789a65400523ae69dabc6813098c8b92eae413ef0fe891d38b6
NNN-TFIM,0.10000000000000001,18,158,1.0592126689358747e-33,1.5901620082268358e-34,160,6.6610361928907222,0.73744880899697507,0.9999995252609124,4.7473908759698702e-07,0.0052252931961441831,build/runs/a1-publication/work/nnn_tfim_expensive/checkpoints/response_j2_0p1_L18_neig160.json,9f056d6c37c09789a65400523ae69dabc6813098c8b92eae413ef0fe891d38b6
NNN-TFIM,0.10000000000000001,18,159,4.1777206001237839e-34,6.2718779468315095e-35,160,6.6610361928907222,0.73744880899697507,0.9999995252609124,4.7473908759698702e-07,0.0052252931961441831,build/runs/a1-publication/work/nnn_tfim_expensive/checkpoints/response_j2_0p1_L18_neig160.json,9f056d6c37c09789a65400523ae69dabc6813098c8b92eae413ef0fe891d38b6
NNN-TFIM,0.10000000000000001,20,1,7.0065791600084317,0.84815390022384063,32,8.2609761720830264,0.72964473707036892,0.99979777042994999,0.00020222957005000541,0.0054563262127873147,build/runs/a1-publication/work/nnn_tfim_expensive/checkpoints/response_j2_0p1_L20_neig32.json,8d4130e669b44cc3b6261e0c8867f58b47ba212e77e2af4c58b4c00fe86c40ca
NNN-TFIM,0.10000000000000001,20,2,0.78398098973364305,0.094901737204255876,32,8.2609761720830264,0.72964473707036892,0.99979777042994999,0.00020222957005000541,0.0054563262127873147,build/runs/a1-publication/work/nnn_tfim_expensive/checkpoints/response_j2_0p1_L20_neig32.json,8d4130e669b44cc3b6261e0c8867f58b47ba212e77e2af4c58b4c00fe86c40ca
NNN-TFIM,0.10000000000000001,20,3,0.26570854150245499,0.032164303100205641,32,8.2609761720830264,0.72964473707036892,0.99979777042994999,0.00020222957005000541,0.0054563262127873147,build/runs/a1-publication/work/nnn_tfim_expensive/checkpoints/response_j2_0p1_L20_neig32.json,8d4130e669b44cc3b6261e0c8867f58b47ba212e77e2af4c58b4c00fe86c40ca
NNN-TFIM,0.10000000000000001,20,4,0.11489733938915997,0.013908445805405139,32,8.2609761720830264,0.72964473707036892,0.99979777042994999,0.00020222957005000541,0.0054563262127873147,build/runs/a1-publication/work/nnn_tfim_expensive/checkpoints/response_j2_0p1_L20_neig32.json,8d4130e669b44cc3b6261e0c8867f58b47ba212e77e2af4c58b4c00fe86c40ca
NNN-TFIM,0.10000000000000001,20,5,0.052015881263777847,0.0062965780532764698,32,8.2609761720830264,0.72964473707036892,0.99979777042994999,0.00020222957005000541,0.0054563262127873147,build/runs/a1-publication/work/nnn_tfim_expensive/checkpoints/response_j2_0p1_L20_neig32.json,8d4130e669b44cc3b6261e0c8867f58b47ba212e77e2af4c58b4c00fe86c40ca
NNN-TFIM,0.10000000000000001,20,6,0.015773311827325387,0.0019093762648328891,32,8.2609761720830264,0.72964473707036892,0.99979777042994999,0.00020222957005000541,0.0054563262127873147,build/runs/a1-publication/work/nnn_tfim_expensive/checkpoints/response_j2_0p1_L20_neig32.json,8d4130e669b44cc3b6261e0c8867f58b47ba212e77e2af4c58b4c00fe86c40ca
NNN-TFIM,0.10000000000000001,20,7,0.0089310866242535581,0.001081117586857966,32,8.2609761720830264,0.72964473707036892,0.99979777042994999,0.00020222957005000541,0.0054563262127873147,build/runs/a1-publication/work/nnn_tfim_expensive/checkpoints/response_j2_0p1_L20_neig32.json,8d4130e669b44cc3b6261e0c8867f58b47ba212e77e2af4c58b4c00fe86c40ca
NNN-TFIM,0.10000000000000001,20,8,0.0071708552950735397,0.00086803970205199003,32,8.2609761720830264,0.72964473707036892,0.99979777042994999,0.00020222957005000541,0.0054563262127873147,build/runs/a1-publication/work/nnn_tfim_expensive/checkpoints/response_j2_0p1_L20_neig32.json,8d4130e669b44cc3b6261e0c8867f58b47ba212e77e2af4c58b4c00fe86c40ca
NNN-TFIM,0.10000000000000001,20,9,0.0032145847134629774,0.00038912891727327327,32,8.2609761720830264,0.72964473707036892,0.99979777042994999,0.00020222957005000541,0.0054563262127873147,build/runs/a1-publication/work/nnn_tfim_expensive/checkpoints/response_j2_0p1_L20_neig32.json,8d4130e669b44cc3b6261e0c8867f58b47ba212e77e2af4c58b4c00fe86c40ca
NNN-TFIM,0.10000000000000001,20,10,0.00056670673983922509,6.8600456899312005e-05,32,8.2609761720830264,0.72964473707036892,0.99979777042994999,0.00020222957005000541,0.0054563262127873147,build/runs/a1-publication/work/nnn_tfim_expensive/checkpoints/response_j2_0p1_L20_neig32.json,8d4130e669b44cc3b6261e0c8867f58b47ba212e77e2af4c58b4c00fe86c40ca
NNN-TFIM,0.10000000000000001,20,11,0.00011404020537988095,1.3804688816954356e-05,32,8.2609761720830264,0.72964473707036892,0.99979777042994999,0.00020222957005000541,0.0054563262127873147,build/runs/a1-publication/work/nnn_tfim_expensive/checkpoints/response_j2_0p1_L20_neig32.json,8d4130e669b44cc3b6261e0c8867f58b47ba212e77e2af4c58b4c00fe86c40ca
NNN-TFIM,0.10000000000000001,20,12,9.6657451473566912e-05,1.1700487867306666e-05,32,8.2609761720830264,0.72964473707036892,0.99979777042994999,0.00020222957005000541,0.0054563262127873147,build/runs/a1-publication/work/nnn_tfim_expensive/checkpoints/response_j2_0p1_L20_neig32.json,8d4130e669b44cc3b6261e0c8867f58b47ba212e77e2af4c58b4c00fe86c40ca
NNN-TFIM,0.10000000000000001,20,13,9.3281392053272134e-05,1.1291812264088759e-05,32,8.2609761720830264,0.72964473707036892,0.99979777042994999,0.00020222957005000541,0.0054563262127873147,build/runs/a1-publication/work/nnn_tfim_expensive/checkpoints/response_j2_0p1_L20_neig32.json,8d4130e669b44cc3b6261e0c8867f58b47ba212e77e2af4c58b4c00fe86c40ca
NNN-TFIM,0.10000000000000001,20,14,8.0318027271854235e-05,9.7225830941480416e-06,32,8.2609761720830264,0.72964473707036892,0.99979777042994999,0.00020222957005000541,0.0054563262127873147,build/runs/a1-publication/work/nnn_tfim_expensive/checkpoints/response_j2_0p1_L20_neig32.json,8d4130e669b44cc3b6261e0c8867f58b47ba212e77e2af4c58b4c00fe86c40ca
NNN-TFIM,0.10000000000000001,20,15,2.7921914651884724e-05,3.3799776285814102e-06,32,8.2609761720830264,0.72964473707036892,0.99979777042994999,0.00020222957005000541,0.0054563262127873147,build/runs/a1-publication/work/nnn_tfim_expensive/checkpoints/response_j2_0p1_L20_neig32.json,8d4130e669b44cc3b6261e0c8867f58b47ba212e77e2af4c58b4c00fe86c40ca
NNN-TFIM,0.10000000000000001,20,16,2.6912798824326791e-05,3.2578230784971093e-06,32,8.2609761720830264,0.72964473707036892,0.99979777042994999,0.00020222957005000541,0.0054563262127873147,build/runs/a1-publication/work/nnn_tfim_expensive/checkpoints/response_j2_0p1_L20_neig32.json,8d4130e669b44cc3b6261e0c8867f58b47ba212e77e2af4c58b4c00fe86c40ca
NNN-TFIM,0.10000000000000001,20,17,8.4268924335912109e-06,1.0200843408880513e-06,32,8.2609761720830264,0.72964473707036892,0.99979777042994999,0.00020222957005000541,0.0054563262127873147,build/runs/a1-publication/work/nnn_tfim_expensive/checkpoints/response_j2_0p1_L20_neig32.json,8d4130e669b44cc3b6261e0c8867f58b47ba212e77e2af4c58b4c00fe86c40ca
NNN-TFIM,0.10000000000000001,20,18,6.9227888567159345e-06,8.3801099440410748e-07,32,8.2609761720830264,0.72964473707036892,0.99979777042994999,0.00020222957005000541,0.0054563262127873147,build/runs/a1-publication/work/nnn_tfim_expensive/checkpoints/response_j2_0p1_L20_neig32.json,8d4130e669b44cc3b6261e0c8867f58b47ba212e77e2af4c58b4c00fe86c40ca
NNN-TFIM,0.10000000000000001,20,19,5.4880776781130515e-06,6.6433767193995172e-07,32,8.2609761720830264,0.72964473707036892,0.99979777042994999,0.00020222957005000541,0.0054563262127873147,build/runs/a1-publication/work/nnn_tfim_expensive/checkpoints/response_j2_0p1_L20_neig32.json,8d4130e669b44cc3b6261e0c8867f58b47ba212e77e2af4c58b4c00fe86c40ca
NNN-TFIM,0.10000000000000001,20,20,3.3165199955481808e-06,4.014682921802826e-07,32,8.2609761720830264,0.72964473707036892,0.99979777042994999,0.00020222957005000541,0.0054563262127873147,build/runs/a1-publication/work/nnn_tfim_expensive/checkpoints/response_j2_0p1_L20_neig32.json,8d4130e669b44cc3b6261e0c8867f58b47ba212e77e2af4c58b4c00fe86c40ca
NNN-TFIM,0.10000000000000001,20,21,3.0290570186093137e-06,3.6667059140609154e-07,32,8.2609761720830264,0.72964473707036892,0.99979777042994999,0.00020222957005000541,0.0054563262127873147,build/runs/a1-publication/work/nnn_tfim_expensive/checkpoints/response_j2_0p1_L20_neig32.json,8d4130e669b44cc3b6261e0c8867f58b47ba212e77e2af4c58b4c00fe86c40ca
NNN-TFIM,0.10000000000000001,20,22,5.8811160477365966e-07,7.1191538690198866e-08,32,8.2609761720830264,0.72964473707036892,0.99979777042994999,0.00020222957005000541,0.0054563262127873147,build/runs/a1-publication/work/nnn_tfim_expensive/checkpoints/response_j2_0p1_L20_neig32.json,8d4130e669b44cc3b6261e0c8867f58b47ba212e77e2af4c58b4c00fe86c40ca
NNN-TFIM,0.10000000000000001,20,23,1.3309619276946836e-07,1.6111436469124666e-08,32,8.2609761720830264,0.72964473707036892,0.99979777042994999,0.00020222957005000541,0.0054563262127873147,build/runs/a1-publication/work/nnn_tfim_expensive/checkpoints/response_j2_0p1_L20_neig32.json,8d4130e669b44cc3b6261e0c8867f58b47ba212e77e2af4c58b4c00fe86c40ca
NNN-TFIM,0.10000000000000001,20,24,6.4864020426286759e-08,7.8518590388248432e-09,32,8.2609761720830264,0.72964473707036892,0.99979777042994999,0.00020222957005000541,0.0054563262127873147,build/runs/a1-publication/work/nnn_tfim_expensive/checkpoints/response_j2_0p1_L20_neig32.json,8d4130e669b44cc3b6261e0c8867f58b47ba212e77e2af4c58b4c00fe86c40ca
NNN-TFIM,0.10000000000000001,20,25,1.2867443613066329e-10,1.5576178099327176e-11,32,8.2609761720830264,0.72964473707036892,0.99979777042994999,0.00020222957005000541,0.0054563262127873147,build/runs/a1-publication/work/nnn_tfim_expensive/checkpoints/response_j2_0p1_L20_neig32.json,8d4130e669b44cc3b6261e0c8867f58b47ba212e77e2af4c58b4c00fe86c40ca
NNN-TFIM,0.10000000000000001,20,26,2.6078662062739543e-23,3.1568499314728976e-24,32,8.2609761720830264,0.72964473707036892,0.99979777042994999,0.00020222957005000541,0.0054563262127873147,build/runs/a1-publication/work/nnn_tfim_expensive/checkpoints/response_j2_0p1_L20_neig32.json,8d4130e669b44cc3b6261e0c8867f58b47ba212e77e2af4c58b4c00fe86c40ca
NNN-TFIM,0.10000000000000001,20,27,4.2893674104880528e-24,5.1923251213136933e-25,32,8.2609761720830264,0.72964473707036892,0.99979777042994999,0.00020222957005000541,0.0054563262127873147,build/runs/a1-publication/work/nnn_tfim_expensive/checkpoints/response_j2_0p1_L20_neig32.json,8d4130e669b44cc3b6261e0c8867f58b47ba212e77e2af4c58b4c00fe86c40ca
NNN-TFIM,0.10000000000000001,20,28,2.9842707095794623e-25,3.6124916080310771e-26,32,8.2609761720830264,0.72964473707036892,0.99979777042994999,0.00020222957005000541,0.0054563262127873147,build/runs/a1-publication/work/nnn_tfim_expensive/checkpoints/response_j2_0p1_L20_neig32.json,8d4130e669b44cc3b6261e0c8867f58b47ba212e77e2af4c58b4c00fe86c40ca
NNN-TFIM,0.10000000000000001,20,29,1.5256239574207873e-25,1.8467841156308496e-26,32,8.2609761720830264,0.72964473707036892,0.99979777042994999,0.00020222957005000541,0.0054563262127873147,build/runs/a1-publication/work/nnn_tfim_expensive/checkpoints/response_j2_0p1_L20_neig32.json,8d4130e669b44cc3b6261e0c8867f58b47ba212e77e2af4c58b4c00fe86c40ca
NNN-TFIM,0.10000000000000001,20,30,1.3962068634080584e-28,1.6901233393292807e-29,32,8.2609761720830264,0.72964473707036892,0.99979777042994999,0.00020222957005000541,0.0054563262127873147,build/runs/a1-publication/work/nnn_tfim_expensive/checkpoints/response_j2_0p1_L20_neig32.json,8d4130e669b44cc3b6261e0c8867f58b47ba212e77e2af4c58b4c00fe86c40ca
NNN-TFIM,0.10000000000000001,20,31,7.9661796319692803e-29,9.6431456356090517e-30,32,8.2609761720830264,0.72964473707036892,0.99979777042994999,0.00020222957005000541,0.0054563262127873147,build/runs/a1-publication/work/nnn_tfim_expensive/checkpoints/response_j2_0p1_L20_neig32.json,8d4130e669b44cc3b6261e0c8867f58b47ba212e77e2af4c58b4c00fe86c40ca
NNN-TFIM,0.20000000000000001,6,1,0.47242891906120899,0.9495864610923842,160,0.49751016723399438,0.90410645677106094,0.99999984311850465,1.5688149535009188e-07,0.021745165071406305,build/runs/a1-publication/work/nnn_tfim_expensive/checkpoints/response_j2_0p2_L6_neig160.json,de7ff2bbb6e8f23a7de2852a9a826e3b87c5d3b9059a5255f6a330db509a4f57
NNN-TFIM,0.20000000000000001,6,2,0.024327304488413266,0.048898105185800927,160,0.49751016723399438,0.90410645677106094,0.99999984311850465,1.5688149535009188e-07,0.021745165071406305,build/runs/a1-publication/work/nnn_tfim_expensive/checkpoints/response_j2_0p2_L6_neig160.json,de7ff2bbb6e8f23a7de2852a9a826e3b87c5d3b9059a5255f6a330db509a4f57
NNN-TFIM,0.20000000000000001,6,3,0.00040290747681297418,0.00080984772442544751,160,0.49751016723399438,0.90410645677106094,0.99999984311850465,1.5688149535009188e-07,0.021745165071406305,build/runs/a1-publication/work/nnn_tfim_expensive/checkpoints/response_j2_0p2_L6_neig160.json,de7ff2bbb6e8f23a7de2852a9a826e3b87c5d3b9059a5255f6a330db509a4f57
NNN-TFIM,0.20000000000000001,6,4,0.00027518108793667307,0.00055311651109885137,160,0.49751016723399438,0.90410645677106094,0.99999984311850465,1.5688149535009188e-07,0.021745165071406305,build/runs/a1-publication/work/nnn_tfim_expensive/checkpoints/response_j2_0p2_L6_neig160.json,de7ff2bbb6e8f23a7de2852a9a826e3b87c5d3b9059a5255f6a330db509a4f57
NNN-TFIM,0.20000000000000001,6,5,7.577706948343706e-05,0.00015231260479506295,160,0.49751016723399438,0.90410645677106094,0.99999984311850465,1.5688149535009188e-07,0.021745165071406305,build/runs/a1-publication/work/nnn_tfim_expensive/checkpoints/response_j2_0p2_L6_neig160.json,de7ff2bbb6e8f23a7de2852a9a826e3b87c5d3b9059a5255f6a330db509a4f57
NNN-TFIM,0.20000000000000001,8,1,0.85230338830797159,0.91795852863852145,160,0.92847700818475221,0.84827787935200194,0.99999999999852918,1.4708234630234074e-12,0.01554892820588652,build/runs/a1-publication/work/nnn_tfim_expensive/checkpoints/response_j2_0p2_L8_neig160.json,c8044ad1b37975b3da76cbe6d6373a514d17f66d5b3d6175ce9878bd99689e8f
NNN-TFIM,0.20000000000000001,8,2,0.069388717128170241,0.074733909958449918,160,0.92847700818475221,0.84827787935200194,0.99999999999852918,1.4708234630234074e-12,0.01554892820588652,build/runs/a1-publication/work/nnn_tfim_expensive/checkpoints/response_j2_0p2_L8_neig160.json,c8044ad1b37975b3da76cbe6d6373a514d17f66d5b3d6175ce9878bd99689e8f
NNN-TFIM,0.20000000000000001,8,3,0.0062073356936223015,0.006685502859955731,160,0.92847700818475221,0.84827787935200194,0.99999999999852918,1.4708234630234074e-12,0.01554892820588652,build/runs/a1-publication/work/nnn_tfim_expensive/checkpoints/response_j2_0p2_L8_neig160.json,c8044ad1b37975b3da76cbe6d6373a514d17f66d5b3d6175ce9878bd99689e8f
NNN-TFIM,0.20000000000000001,8,4,0.00035627261879022786,0.00038371722255866057,160,0.92847700818475221,0.84827787935200194,0.99999999999852918,1.4708234630234074e-12,0.01554892820588652,build/runs/a1-publication/work/nnn_tfim_expensive/checkpoints/response_j2_0p2_L8_neig160.json,c8044ad1b37975b3da76cbe6d6373a514d17f66d5b3d6175ce9878bd99689e8f
NNN-TFIM,0.20000000000000001,8,5,0.00010879662791642416,0.00011717751431360737,160,0.92847700818475221,0.84827787935200194,0.99999999999852918,1.4708234630234074e-12,0.01554892820588652,build/runs/a1-publication/work/nnn_tfim_expensive/checkpoints/response_j2_0p2_L8_neig160.json,c8044ad1b37975b3da76cbe6d6373a514d17f66d5b3d6175ce9878bd99689e8f
NNN-TFIM,0.20000000000000001,8,6,4.5756457125996284e-05,4.9281195681359806e-05,160,0.92847700818475221,0.84827787935200194,0.99999999999852918,1.4708234630234074e-12,0.01554892820588652,build/runs/a1-publication/work/nnn_tfim_expensive/checkpoints/response_j2_0p2_L8_neig160.json,c8044ad1b37975b3da76cbe6d6373a514d17f66d5b3d6175ce9878bd99689e8f
NNN-TFIM,0.20000000000000001,8,7,4.025242507970192e-05,4.3353173772604958e-05,160,0.92847700818475221,0.84827787935200194,0.99999999999852918,1.4708234630234074e-12,0.01554892820588652,build/runs/a1-publication/work/nnn_tfim_expensive/checkpoints/response_j2_0p2_L8_neig160.json,c8044ad1b37975b3da76cbe6d6373a514d17f66d5b3d6175ce9878bd99689e8f
NNN-TFIM,0.20000000000000001,8,8,2.0652545099448616e-05,2.2243464207935546e-05,160,0.92847700818475221,0.84827787935200194,0.99999999999852918,1.4708234630234074e-12,0.01554892820588652,build/runs/a1-publication/work/nnn_tfim_expensive/checkpoints/response_j2_0p2_L8_neig160.json,c8044ad1b37975b3da76cbe6d6373a514d17f66d5b3d6175ce9878bd99689e8f
NNN-TFIM,0.20000000000000001,8,9,5.3463096379667984e-06,5.7581497342828846e-06,160,0.92847700818475221,0.84827787935200194,0.99999999999852918,1.4708234630234074e-12,0.01554892820588652,build/runs/a1-publication/work/nnn_tfim_expensive/checkpoints/response_j2_0p2_L8_neig160.json,c8044ad1b37975b3da76cbe6d6373a514d17f66d5b3d6175ce9878bd99689e8f
NNN-TFIM,0.20000000000000001,8,10,2.2489948734820463e-07,2.422240781038847e-07,160,0.92847700818475221,0.84827787935200194,0.99999999999852918,1.4708234630234074e-12,0.01554892820588652,build/runs/a1-publication/work/nnn_tfim_expensive/checkpoints/response_j2_0p2_L8_neig160.json,c8044ad1b37975b3da76cbe6d6373a514d17f66d5b3d6175ce9878bd99689e8f
NNN-TFIM,0.20000000000000001,8,11,1.669519359736613e-07,1.7981267656812081e-07,160,0.92847700818475221,0.84827787935200194,0.99999999999852918,1.4708234630234074e-12,0.01554892820588652,build/runs/a1-publication/work/nnn_tfim_expensive/checkpoints/response_j2_0p2_L8_neig160.json,c8044ad1b37975b3da76cbe6d6373a514d17f66d5b3d6175ce9878bd99689e8f
NNN-TFIM,0.20000000000000001,8,12,4.8477614120483298e-08,5.221197045607081e-08,160,0.92847700818475221,0.84827787935200194,0.99999999999852918,1.4708234630234074e-12,0.01554892820588652,build/runs/a1-publication/work/nnn_tfim_expensive/checkpoints/response_j2_0p2_L8_neig160.json,c8044ad1b37975b3da76cbe6d6373a514d17f66d5b3d6175ce9878bd99689e8f
NNN-TFIM,0.20000000000000001,8,13,4.1671973001848291e-08,4.488207315259252e-08,160,0.92847700818475221,0.84827787935200194,0.99999999999852918,1.4708234630234074e-12,0.01554892820588652,build/runs/a1-publication/work/nnn_tfim_expensive/checkpoints/response_j2_0p2_L8_neig160.json,c8044ad1b37975b3da76cbe6d6373a514d17f66d5b3d6175ce9878bd99689e8f
NNN-TFIM,0.20000000000000001,8,14,7.7328671773253758e-09,8.3285499901001934e-09,160,0.92847700818475221,0.84827787935200194,0.99999999999852918,1.4708234630234074e-12,0.01554892820588652,build/runs/a1-publication/work/nnn_tfim_expensive/checkpoints/response_j2_0p2_L8_neig160.json,c8044ad1b37975b3da76cbe6d6373a514d17f66d5b3d6175ce9878bd99689e8f
NNN-TFIM,0.20000000000000001,8,15,3.3609521780462353e-10,3.619855040478783e-10,160,0.92847700818475221,0.84827787935200194,0.99999999999852918,1.4708234630234074e-12,0.01554892820588652,build/runs/a1-publication/work/nnn_tfim_expensive/checkpoints/response_j2_0p2_L8_neig160.json,c8044ad1b37975b3da76cbe6d6373a514d17f66d5b3d6175ce9878bd99689e8f
NNN-TFIM,0.20000000000000001,8,16,2.7901978203598163e-33,3.0051339944484776e-33,160,0.92847700818475221,0.84827787935200194,0.99999999999852918,1.4708234630234074e-12,0.01554892820588652,build/runs/a1-publication/work/nnn_tfim_expensive/checkpoints/response_j2_0p2_L8_neig160.json,c8044ad1b37975b3da76cbe6d6373a514d17f66d5b3d6175ce9878bd99689e8f
NNN-TFIM,0.20000000000000001,8,17,1.8627769747097074e-35,2.0062715159221739e-35,160,0.92847700818475221,0.84827787935200194,0.99999999999852918,1.4708234630234074e-12,0.01554892820588652,build/runs/a1-publication/work/nnn_tfim_expensive/checkpoints/response_j2_0p2_L8_neig160.json,c8044ad1b37975b3da76cbe6d6373a514d17f66d5b3d6175ce9878bd99689e8f
NNN-TFIM,0.20000000000000001,10,1,1.3291332392755788,0.8956759920910613,160,1.4839442510595382,0.81017195703416622,1.00000000000001,0,0.012454022993193835,build/runs/a1-publication/work/nnn_tfim_expensive/checkpoints/response_j2_0p2_L10_neig160.json,f3034acb88e35fb42f5cb61ebb4f9d52ead6f4ad514405a71abc248e5771c56b
NNN-TFIM,0.20000000000000001,10,2,0.13043767334342959,0.087899308380551974,160,1.4839442510595382,0.81017195703416622,1.00000000000001,0,0.012454022993193835,build/runs/a1-publication/work/nnn_tfim_expensive/checkpoints/response_j2_0p2_L10_neig160.json,f3034acb88e35fb42f5cb61ebb4f9d52ead6f4ad514405a71abc248e5771c56b
NNN-TFIM,0.20000000000000001,10,3,0.021433958737240959,0.014443911030981848,160,1.4839442510595382,0.81017195703416622,1.00000000000001,0,0.012454022993193835,build/runs/a1-publication/work/nnn_tfim_expensive/checkpoints/response_j2_0p2_L10_neig160.json,f3034acb88e35fb42f5cb61ebb4f9d52ead6f4ad514405a71abc248e5771c56b
NNN-TFIM,0.20000000000000001,10,4,0.0016227475353910331,0.0010935367243293602,160,1.4839442510595382,0.81017195703416622,1.00000000000001,0,0.012454022993193835,build/runs/a1-publication/work/nnn_tfim_expensive/checkpoints/response_j2_0p2_L10_neig160.json,f3034acb88e35fb42f5cb61ebb4f9d52ead6f4ad514405a71abc248e5771c56b
NNN-TFIM,0.20000000000000001,10,5,0.00086615496166029919,0.00058368430016280152,160,1.4839442510595382,0.81017195703416622,1.00000000000001,0,0.012454022993193835,build/runs/a1-publication/work/nnn_tfim_expensive/checkpoints/response_j2_0p2_L10_neig160.json,f3034acb88e35fb42f5cb61ebb4f9d52ead6f4ad514405a71abc248e5771c56b
NNN-TFIM,0.20000000000000001,10,6,0.00019403531265099543,0.00013075647047552762,160,1.4839442510595382,0.81017195703416622,1.00000000000001,0,0.012454022993193835,build/runs/a1-publication/work/nnn_tfim_expensive/checkpoints/response_j2_0p2_L10_neig160.json,f3034acb88e35fb42f5cb61ebb4f9d52ead6f4ad514405a71abc248e5771c56b
NNN-TFIM,0.20000000000000001,10,7,6.3510693419999257e-05,4.2798571020880691e-05,160,1.4839442510595382,0.81017195703416622,1.00000000000001,0,0.012454022993193835,build/runs/a1-publication/work/nnn_tfim_expensive/checkpoints/response_j2_0p2_L10_neig160.json,f3034acb88e35fb42f5cb61ebb4f9d52ead6f4ad514405a71abc248e5771c56b
NNN-TFIM,0.20000000000000001,10,8,5.8868177882344962e-05,3.9670073751296924e-05,160,1.4839442510595382,0.81017195703416622,1.00000000000001,0,0.012454022993193835,build/runs/a1-publication/work/nnn_tfim_expensive/checkpoints/response_j2_0p2_L10_neig160.json,f3034acb88e35fb42f5cb61ebb4f9d52ead6f4ad514405a71abc248e5771c56b
NNN-TFIM,0.20000000000000001,10,9,4.6374823183129667e-05,3.1251054849276165e-05,160,1.4839442510595382,0.81017195703416622,1.00000000000001,0,0.012454022993193835,build/runs/a1-publication/work/nnn_tfim_expensive/checkpoints/response_j2_0p2_L10_neig160.json,f3034acb88e35fb42f5cb61ebb4f9d52ead6f4ad514405a71abc248e5771c56b
NNN-TFIM,0.20000000000000001,10,10,4.476649812154292e-05,3.0167237138173875e-05,160,1.4839442510595382,0.81017195703416622,1.00000000000001,0,0.012454022993193835,build/runs/a1-publication/work/nnn_tfim_expensive/checkpoints/response_j2_0p2_L10_neig160.json,f3034acb88e35fb42f5cb61ebb4f9d52ead6f4ad514405a71abc248e5771c56b
NNN-TFIM,0.20000000000000001,10,11,2.553074070483541e-05,1.7204649491789483e-05,160,1.4839442510595382,0.81017195703416622,1.00000000000001,0,0.012454022993193835,build/runs/a1-publication/work/nnn_tfim_expensive/checkpoints/response_j2_0p2_L10_neig160.json,f3034acb88e35fb42f5cb61ebb4f9d52ead6f4ad514405a71abc248e5771c56b
NNN-TFIM,0.20000000000000001,10,12,9.6815441379939058e-06,6.5241966678204183e-06,160,1.4839442510595382,0.81017195703416622,1.00000000000001,0,0.012454022993193835,build/runs/a1-publication/work/nnn_tfim_expensive/checkpoints/response_j2_0p2_L10_neig160.json,f3034acb88e35fb42f5cb61ebb4f9d52ead6f4ad514405a71abc248e5771c56b
NNN-TFIM,0.20000000000000001,10,13,3.7533054617830277e-06,2.5292765945237921e-06,160,1.4839442510595382,0.81017195703416622,1.00000000000001,0,0.012454022993193835,build/runs/a1-publication/work/nnn_tfim_expensive/checkpoints/response_j2_0p2_L10_neig160.json,f3034acb88e35fb42f5cb61ebb4f9d52ead6f4ad514405a71abc248e5771c56b
NNN-TFIM,0.20000000000000001,10,14,1.765977832183109e-06,1.1900567227658306e-06,160,1.4839442510595382,0.81017195703416622,1.00000000000001,0,0.012454022993193835,build/runs/a1-publication/work/nnn_tfim_expensive/checkpoints/response_j2_0p2_L10_neig160.json,f3034acb88e35fb42f5cb61ebb4f9d52ead6f4ad514405a71abc248e5771c56b
NNN-TFIM,0.20000000000000001,10,15,8.8000729841339225e-07,5.930191095690191e-07,160,1.4839442510595382,0.81017195703416622,1.00000000000001,0,0.012454022993193835,build/runs/a1-publication/work/nnn_tfim_expensive/checkpoints/response_j2_0p2_L10_neig160.json,f3034acb88e35fb42f5cb61ebb4f9d52ead6f4ad514405a71abc248e5771c56b
NNN-TFIM,0.20000000000000001,10,16,4.5873591556414443e-07,3.0913284999527872e-07,160,1.4839442510595382,0.81017195703416622,1.00000000000001,0,0.012454022993193835,build/runs/a1-publication/work/nnn_tfim_expensive/checkpoints/response_j2_0p2_L10_neig160.json,f3034acb88e35fb42f5cb61ebb4f9d52ead6f4ad514405a71abc248e5771c56b
NNN-TFIM,0.20000000000000001,10,17,3.0938445247642976e-07,2.0848792146708265e-07,160,1.4839442510595382,0.81017195703416622,1.00000000000001,0,0.012454022993193835,build/runs/a1-publication/work/nnn_tfim_expensive/checkpoints/response_j2_0p2_L10_neig160.json,f3034acb88e35fb42f5cb61ebb4f9d52ead6f4ad514405a71abc248e5771c56b
NNN-TFIM,0.20000000000000001,10,18,1.7059356173672882e-07,1.1495954892842153e-07,160,1.4839442510595382,0.81017195703416622,1.00000000000001,0,0.012454022993193835,build/runs/a1-publication/work/nnn_tfim_expensive/checkpoints/response_j2_0p2_L10_neig160.json,f3034acb88e35fb42f5cb61ebb4f9d52ead6f4ad514405a71abc248e5771c56b
NNN-TFIM,0.20000000000000001,10,19,1.6072302596546762e-07,1.083079946235926e-07,160,1.4839442510595382,0.81017195703416622,1.00000000000001,0,0.012454022993193835,build/runs/a1-publication/work/nnn_tfim_expensive/checkpoints/response_j2_0p2_L10_neig160.json,f3034acb88e35fb42f5cb61ebb4f9d52ead6f4ad514405a71abc248e5771c56b
NNN-TFIM,0.20000000000000001,10,20,1.1755504092034323e-07,7.9217963098282689e-08,160,1.4839442510595382,0.81017195703416622,1.00000000000001,0,0.012454022993193835,build/runs/a1-publication/work/nnn_tfim_expensive/checkpoints/response_j2_0p2_L10_neig160.json,f3034acb88e35fb42f5cb61ebb4f9d52ead6f4ad514405a71abc248e5771c56b
NNN-TFIM,0.20000000000000001,10,21,4.0982491493431344e-08,2.7617271648965108e-08,160,1.4839442510595382,0.81017195703416622,1.00000000000001,0,0.012454022993193835,build/runs/a1-publication/work/nnn_tfim_expensive/checkpoints/response_j2_0p2_L10_neig160.json,f3034acb88e35fb42f5cb61ebb4f9d52ead6f4ad514405a71abc248e5771c56b
NNN-TFIM,0.20000000000000001,10,22,3.4012978067629891e-08,2.2920657594343303e-08,160,1.4839442510595382,0.81017195703416622,1.00000000000001,0,0.012454022993193835,build/runs/a1-publication/work/nnn_tfim_expensive/checkpoints/response_j2_0p2_L10_neig160.json,f3034acb88e35fb42f5cb61ebb4f9d52ead6f4ad514405a71abc248e5771c56b
NNN-TFIM,0.20000000000000001,10,23,9.1322763527057887e-09,6.1540562229243658e-09,160,1.4839442510595382,0.81017195703416622,1.00000000000001,0,0.012454022993193835,build/runs/a1-publication/work/nnn_tfim_expensive/checkpoints/response_j2_0p2_L10_neig160.json,f3034acb88e35fb42f5cb61ebb4f9d52ead6f4ad514405a71abc248e5771c56b
NNN-TFIM,0.20000000000000001,10,24,4.7242637454859533e-09,3.1835857324915155e-09,160,1.4839442510595382,0.81017195703416622,1.00000000000001,0,0.012454022993193835,build/runs/a1-publication/work/nnn_tfim_expensive/checkpoints/response_j2_0p2_L10_neig160.json,f3034acb88e35fb42f5cb61ebb4f9d52ead6f4ad514405a71abc248e5771c56b
NNN-TFIM,0.20000000000000001,10,25,2.2831341348104562e-09,1.5385578893413922e-09,160,1.4839442510595382,0.81017195703416622,1.00000000000001,0,0.012454022993193835,build/runs/a1-publication/work/nnn_tfim_expensive/checkpoints/response_j2_0p2_L10_neig160.json,f3034acb88e35fb42f5cb61ebb4f9d52ead6f4ad514405a71abc248e5771c56b
NNN-TFIM,0.20000000000000001,10,26,6.9044292775361627e-10,4.6527551642229084e-10,160,1.4839442510595382,0.81017195703416622,1.00000000000001,0,0.012454022993193835,build/runs/a1-publication/work/nnn_tfim_expensive/checkpoints/response_j2_0p2_L10_neig160.json,f3034acb88e35fb42f5cb61ebb4f9d52ead6f4ad514405a71abc248e5771c56b
NNN-TFIM,0.20000000000000001,10,27,5.8299322535311799e-10,3.9286733644937137e-10,160,1.4839442510595382,0.81017195703416622,1.00000000000001,0,0.012454022993193835,build/runs/a1-publication/work/nnn_tfim_expensive/checkpoints/response_j2_0p2_L10_neig160.json,f3034acb88e35fb42f5cb61ebb4f9d52ead6f4ad514405a71abc248e5771c56b
NNN-TFIM,0.20000000000000001,10,28,3.2839766597218027e-10,2.213005412687868e-10,160,1.4839442510595382,0.81017195703416622,1.00000000000001,0,0.012454022993193835,build/runs/a1-publication/work/nnn_tfim_expensive/checkpoints/response_j2_0p2_L10_neig160.json,f3034acb88e35fb42f5cb61ebb4f9d52ead6f4ad514405a71abc248e5771c56b
NNN-TFIM,0.20000000000000001,10,29,2.3120438359021422e-10,1.5580395518573827e-10,160,1.4839442510595382,0.81017195703416622,1.00000000000001,0,0.012454022993193835,build/runs/a1-publication/work/nnn_tfim_expensive/checkpoints/response_j2_0p2_L10_neig160.json,f3034acb88e35fb42f5cb61ebb4f9d52ead6f4ad514405a71abc248e5771c56b
NNN-TFIM,0.20000000000000001,10,30,9.3646252758916733e-11,6.3106314601814176e-11,160,1.4839442510595382,0.81017195703416622,1.00000000000001,0,0.012454022993193835,build/runs/a1-publication/work/nnn_tfim_expensive/checkpoints/response_j2_0p2_L10_neig160.json,f3034acb88e35fb42f5cb61ebb4f9d52ead6f4ad514405a71abc248e5771c56b
NNN-TFIM,0.20000000000000001,10,31,3.1955164389416365e-11,2.1533938600860737e-11,160,1.4839442510595382,0.81017195703416622,1.00000000000001,0,0.012454022993193835,build/runs/a1-publication/work/nnn_tfim_expensive/checkpoints/response_j2_0p2_L10_neig160.json,f3034acb88e35fb42f5cb61ebb4f9d52ead6f4ad514405a71abc248e5771c56b
NNN-TFIM,0.20000000000000001,10,32,3.1698869885237561e-11,2.1361226921162655e-11,160,1.4839442510595382,0.81017195703416622,1.00000000000001,0,0.012454022993193835,build/runs/a1-publication/work/nnn_tfim_expensive/checkpoints/response_j2_0p2_L10_neig160.json,f3034acb88e35fb42f5cb61ebb4f9d52ead6f4ad514405a71abc248e5771c56b
NNN-TFIM,0.20000000000000001,10,33,2.974102818459699e-12,2.0041877020219498e-12,160,1.4839442510595382,0.81017195703416622,1.00000000000001,0,0.012454022993193835,build/runs/a1-publication/work/nnn_tfim_expensive/checkpoints/response_j2_0p2_L10_neig160.json,f3034acb88e35fb42f5cb61ebb4f9d52ead6f4ad514405a71abc248e5771c56b
NNN-TFIM,0.20000000000000001,10,34,2.1683155202518254e-12,1.4611839485908216e-12,160,1.4839442510595382,0.81017195703416622,1.00000000000001,0,0.012454022993193835,build/runs/a1-publication/work/nnn_tfim_expensive/checkpoints/response_j2_0p2_L10_neig160.json,f3034acb88e35fb42f5cb61ebb4f9d52ead6f4ad514405a71abc248e5771c56b
NNN-TFIM,0.20000000000000001,10,35,1.4374552347439803e-12,9.6867199270972293e-13,160,1.4839442510595382,0.81017195703416622,1.00000000000001,0,0.012454022993193835,build/runs/a1-publication/work/nnn_tfim_expensive/checkpoints/response_j2_0p2_L10_neig160.json,f3034acb88e35fb42f5cb61ebb4f9d52ead6f4ad514405a71abc248e5771c56b
NNN-TFIM,0.20000000000000001,10,36,1.0606352062941395e-12,7.1474060129741702e-13,160,1.4839442510595382,0.81017195703416622,1.00000000000001,0,0.012454022993193835,build/runs/a1-publication/work/nnn_tfim_expensive/checkpoints/response_j2_0p2_L10_neig160.json,f3034acb88e35fb42f5cb61ebb4f9d52ead6f4ad514405a71abc248e5771c56b
NNN-TFIM,0.20000000000000001,10,37,3.0506068592792548e-13,2.0557422269071884e-13,160,1.4839442510595382,0.81017195703416622,1.00000000000001,0,0.012454022993193835,build/runs/a1-publication/work/nnn_tfim_expensive/checkpoints/response_j2_0p2_L10_neig160.json,f3034acb88e35fb42f5cb61ebb4f9d52ead6f4ad514405a71abc248e5771c56b
NNN-TFIM,0.20000000000000001,10,38,1.1554541079414706e-13,7.7863714025407275e-14,160,1.4839442510595382,0.81017195703416622,1.00000000000001,0,0.012454022993193835,build/runs/a1-publication/work/nnn_tfim_expensive/checkpoints/response_j2_0p2_L10_neig160.json,f3034acb88e35fb42f5cb61ebb4f9d52ead6f4ad514405a71abc248e5771c56b
NNN-TFIM,0.20000000000000001,10,39,1.3410752348902906e-14,9.0372346126396669e-15,160,1.4839442510595382,0.81017195703416622,1.00000000000001,0,0.012454022993193835,build/runs/a1-publication/work/nnn_tfim_expensive/checkpoints/response_j2_0p2_L10_neig160.json,f3034acb88e35fb42f5cb61ebb4f9d52ead6f4ad514405a71abc248e5771c56b
NNN-TFIM,0.20000000000000001,10,40,5.1168359597521404e-15,3.4481322031462521e-15,160,1.4839442510595382,0.81017195703416622,1.00000000000001,0,0.012454022993193835,build/runs/a1-publication/work/nnn_tfim_expensive/checkpoints/response_j2_0p2_L10_neig160.json,f3034acb88e35fb42f5cb61ebb4f9d52ead6f4ad514405a71abc248e5771c56b
NNN-TFIM,0.20000000000000001,10,41,4.8416299857322388e-16,3.2626764666363365e-16,160,1.4839442510595382,0.81017195703416622,1.00000000000001,0,0.012454022993193835,build/runs/a1-publication/work/nnn_tfim_expensive/checkpoints/response_j2_0p2_L10_neig160.json,f3034acb88e35fb42f5cb61ebb4f9d52ead6f4ad514405a71abc248e5771c56b
NNN-TFIM,0.20000000000000001,10,42,9.6227763909543747e-31,6.4845942723816604e-31,160,1.4839442510595382,0.81017195703416622,1.00000000000001,0,0.012454022993193835,build/runs/a1-publication/work/nnn_tfim_expensive/checkpoints/response_j2_0p2_L10_neig160.json,f3034acb88e35fb42f5cb61ebb4f9d52ead6f4ad514405a71abc248e5771c56b
NNN-TFIM,0.20000000000000001,10,43,1.5449385679306409e-32,1.0411028357888463e-32,160,1.4839442510595382,0.81017195703416622,1.00000000000001,0,0.012454022993193835,build/runs/a1-publication/work/nnn_tfim_expensive/checkpoints/response_j2_0p2_L10_neig160.json,f3034acb88e35fb42f5cb61ebb4f9d52ead6f4ad514405a71abc248e5771c56b
NNN-TFIM,0.20000000000000001,10,44,3.7856358239463067e-33,2.5510633713115285e-33,160,1.4839442510595382,0.81017195703416622,1.00000000000001,0,0.012454022993193835,build/runs/a1-publication/work/nnn_tfim_expensive/checkpoints/response_j2_0p2_L10_neig160.json,f3034acb88e35fb42f5cb61ebb4f9d52ead6f4ad514405a71abc248e5771c56b
NNN-TFIM,0.20000000000000001,10,45,1.9057369253014604e-33,1.2842375472938162e-33,160,1.4839442510595382,0.81017195703416622,1.00000000000001,0,0.012454022993193835,build/runs/a1-publication/work/nnn_tfim_expensive/checkpoints/response_j2_0p2_L10_neig160.json,f3034acb88e35fb42f5cb61ebb4f9d52ead6f4ad514405a71abc248e5771c56b
NNN-TFIM,0.20000000000000001,10,46,1.2737255601050702e-33,8.5833787839107052e-34,160,1.4839442510595382,0.81017195703416622,1.00000000000001,0,0.012454022993193835,build/runs/a1-publication/work/nnn_tfim_expensive/checkpoints/response_j2_0p2_L10_neig160.json,f3034acb88e35fb42f5cb61ebb4f9d52ead6f4ad514405a71abc248e5771c56b
NNN-TFIM,0.20000000000000001,10,47,1.0245892759006776e-33,6.9044997827183837e-34,160,1.4839442510595382,0.81017195703416622,1.00000000000001,0,0.012454022993193835,build/runs/a1-publication/work/nnn_tfim_expensive/checkpoints/response_j2_0p2_L10_neig160.json,f3034acb88e35fb42f5cb61ebb4f9d52ead6f4ad514405a71abc248e5771c56b
NNN-TFIM,0.20000000000000001,10,48,9.577576958094416e-34,6.45413528928463e-34,160,1.4839442510595382,0.81017195703416622,1.00000000000001,0,0.012454022993193835,build/runs/a1-publication/work/nnn_tfim_expensive/checkpoints/response_j2_0p2_L10_neig160.json,f3034acb88e35fb42f5cb61ebb4f9d52ead6f4ad514405a71abc248e5771c56b
NNN-TFIM,0.20000000000000001,10,49,7.5919603069563193e-34,5.1160684112867781e-34,160,1.4839442510595382,0.81017195703416622,1.00000000000001,0,0.012454022993193835,build/runs/a1-publication/work/nnn_tfim_expensive/checkpoints/response_j2_0p2_L10_neig160.json,f3034acb88e35fb42f5cb61ebb4f9d52ead6f4ad514405a71abc248e5771c56b
NNN-TFIM,0.20000000000000001,10,50,1.22169264756894e-34,8.2327395163035928e-35,160,1.4839442510595382,0.81017195703416622,1.00000000000001,0,0.012454022993193835,build/runs/a1-publication/work/nnn_tfim_expensive/checkpoints/response_j2_0p2_L10_neig160.json,f3034acb88e35fb42f5cb61ebb4f9d52ead6f4ad514405a71abc248e5771c56b
NNN-TFIM,0.20000000000000001,10,51,1.8742920234948902e-35,1.2630474643212796e-35,160,1.4839442510595382,0.81017195703416622,1.00000000000001,0,0.012454022993193835,build/runs/a1-publication/work/nnn_tfim_expensive/checkpoints/response_j2_0p2_L10_neig160.json,f3034acb88e35fb42f5cb61ebb4f9d52ead6f4ad514405a71abc248e5771c56b
NNN-TFIM,0.20000000000000001,10,52,7.9063296270160628e-36,5.327915534138788e-36,160,1.4839442510595382,0.81017195703416622,1.00000000000001,0,0.012454022993193835,build/runs/a1-publication/work/nnn_tfim_expensive/checkpoints/response_j2_0p2_L10_neig160.json,f3034acb88e35fb42f5cb61ebb4f9d52ead6f4ad514405a71abc248e5771c56b
NNN-TFIM,0.20000000000000001,10,53,5.7225667094480882e-36,3.8563218971077706e-36,160,1.4839442510595382,0.81017195703416622,1.00000000000001,0,0.012454022993193835,build/runs/a1-publication/work/nnn_tfim_expensive/checkpoints/response_j2_0p2_L10_neig160.json,f3034acb88e35fb42f5cb61ebb4f9d52ead6f4ad514405a71abc248e5771c56b
NNN-TFIM,0.20000000000000001,12,1,1.9054379064802573,0.8799471981992959,160,2.1654002767205833,0.78361937291563077,0.99999999999998879,1.1213252548714081e-14,0.011751204083986959,build/runs/a1-publication/work/nnn_tfim_expensive/checkpoints/response_j2_0p2_L12_neig160.json,c94bdd86ddd10b0b734b9b407729b0b3cc0c8d95791c029adb6f8290d1afd293
NNN-TFIM,0.20000000000000001,12,2,0.20367139202802351,0.094057156183833188,160,2.1654002767205833,0.78361937291563077,0.99999999999998879,1.1213252548714081e-14,0.011751204083986959,build/runs/a1-publication/work/nnn_tfim_expensive/checkpoints/response_j2_0p2_L12_neig160.json,c94bdd86ddd10b0b734b9b407729b0b3cc0c8d95791c029adb6f8290d1afd293
NNN-TFIM,0.20000000000000001,12,3,0.045907150935323889,0.021200307134368955,160,2.1654002767205833,0.78361937291563077,0.99999999999998879,1.1213252548714081e-14,0.011751204083986959,build/runs/a1-publication/work/nnn_tfim_expensive/checkpoints/response_j2_0p2_L12_neig160.json,c94bdd86ddd10b0b734b9b407729b0b3cc0c8d95791c029adb6f8290d1afd293
NNN-TFIM,0.20000000000000001,12,4,0.0086368140600081317,0.0039885531339675729,160,2.1654002767205833,0.78361937291563077,0.99999999999998879,1.1213252548714081e-14,0.011751204083986959,build/runs/a1-publication/work/nnn_tfim_expensive/checkpoints/response_j2_0p2_L12_neig160.json,c94bdd86ddd10b0b734b9b407729b0b3cc0c8d95791c029adb6f8290d1afd293
NNN-TFIM,0.20000000000000001,12,5,0.0008212552677600135,0.00037926256710550232,160,2.1654002767205833,0.78361937291563077,0.99999999999998879,1.1213252548714081e-14,0.011751204083986959,build/runs/a1-publication/work/nnn_tfim_expensive/checkpoints/response_j2_0p2_L12_neig160.json,c94bdd86ddd10b0b734b9b407729b0b3cc0c8d95791c029adb6f8290d1afd293
NNN-TFIM,0.20000000000000001,12,6,0.00042706803770308166,0.00019722359985557036,160,2.1654002767205833,0.78361937291563077,0.99999999999998879,1.1213252548714081e-14,0.011751204083986959,build/runs/a1-publication/work/nnn_tfim_expensive/checkpoints/response_j2_0p2_L12_neig160.json,c94bdd86ddd10b0b734b9b407729b0b3cc0c8d95791c029adb6f8290d1afd293
NNN-TFIM,0.20000000000000001,12,7,0.00012575103013736297,5.8072879868570136e-05,160,2.1654002767205833,0.78361937291563077,0.99999999999998879,1.1213252548714081e-14,0.011751204083986959,build/runs/a1-publication/work/nnn_tfim_expensive/checkpoints/response_j2_0p2_L12_neig160.json,c94bdd86ddd10b0b734b9b407729b0b3cc0c8d95791c029adb6f8290d1afd293
NNN-TFIM,0.20000000000000001,12,8,0.00010628352532820484,4.9082622954665556e-05,160,2.1654002767205833,0.78361937291563077,0.99999999999998879,1.1213252548714081e-14,0.011751204083986959,build/runs/a1-publication/work/nnn_tfim_expensive/checkpoints/response_j2_0p2_L12_neig160.json,c94bdd86ddd10b0b734b9b407729b0b3cc0c8d95791c029adb6f8290d1afd293
NNN-TFIM,0.20000000000000001,12,9,8.2011601951491919e-05,3.7873645271577864e-05,160,2.1654002767205833,0.78361937291563077,0.99999999999998879,1.1213252548714081e-14,0.011751204083986959,build/runs/a1-publication/work/nnn_tfim_expensive/checkpoints/response_j2_0p2_L12_neig160.json,c94bdd86ddd10b0b734b9b407729b0b3cc0c8d95791c029adb6f8290d1afd293
NNN-TFIM,0.20000000000000001,12,10,4.3280094554385554e-05,1.9987110475450579e-05,160,2.1654002767205833,0.78361937291563077,0.99999999999998879,1.1213252548714081e-14,0.011751204083986959,build/runs/a1-publication/work/nnn_tfim_expensive/checkpoints/response_j2_0p2_L12_neig160.json,c94bdd86ddd10b0b734b9b407729b0b3cc0c8d95791c029adb6f8290d1afd293
NNN-TFIM,0.20000000000000001,12,11,3.8356165621826397e-05,1.7713198817871842e-05,160,2.1654002767205833,0.78361937291563077,0.99999999999998879,1.1213252548714081e-14,0.011751204083986959,build/runs/a1-publication/work/nnn_tfim_expensive/checkpoints/response_j2_0p2_L12_neig160.json,c94bdd86ddd10b0b734b9b407729b0b3cc0c8d95791c029adb6f8290d1afd293
NNN-TFIM,0.20000000000000001,12,12,3.3174442840851999e-05,1.5320235800049604e-05,160,2.1654002767205833,0.78361937291563077,0.99999999999998879,1.1213252548714081e-14,0.011751204083986959,build/runs/a1-publication/work/nnn_tfim_expensive/checkpoints/response_j2_0p2_L12_neig160.json,c94bdd86ddd10b0b734b9b407729b0b3cc0c8d95791c029adb6f8290d1afd293
NNN-TFIM,0.20000000000000001,12,13,2.3329871774779074e-05,1.0773930356244011e-05,160,2.1654002767205833,0.78361937291563077,0.99999999999998879,1.1213252548714081e-14,0.011751204083986959,build/runs/a1-publication/work/nnn_tfim_expensive/checkpoints/response_j2_0p2_L12_neig160.json,c94bdd86ddd10b0b734b9b407729b0b3cc0c8d95791c029adb6f8290d1afd293
NNN-TFIM,0.20000000000000001,12,14,1.1301592619944205e-05,5.2191702113662049e-06,160,2.1654002767205833,0.78361937291563077,0.99999999999998879,1.1213252548714081e-14,0.011751204083986959,build/runs/a1-publication/work/nnn_tfim_expensive/checkpoints/response_j2_0p2_L12_neig160.json,c94bdd86ddd10b0b734b9b407729b0b3cc0c8d95791c029adb6f8290d1afd293
NNN-TFIM,0.20000000000000001,12,15,1.0520086144531608e-05,4.8582639697746233e-06,160,2.1654002767205833,0.78361937291563077,0.99999999999998879,1.1213252548714081e-14,0.011751204083986959,build/runs/a1-publication/work/nnn_tfim_expensive/checkpoints/response_j2_0p2_L12_neig160.json,c94bdd86ddd10b0b734b9b407729b0b3cc0c8d95791c029adb6f8290d1afd293
NNN-TFIM,0.20000000000000001,12,16,6.4071142858040207e-06,2.9588590870170907e-06,160,2.1654002767205833,0.78361937291563077,0.99999999999998879,1.1213252548714081e-14,0.011751204083986959,build/runs/a1-publication/work/nnn_tfim_expensive/checkpoints/response_j2_0p2_L12_neig160.json,c94bdd86ddd10b0b734b9b407729b0b3cc0c8d95791c029adb6f8290d1afd293
NNN-TFIM,0.20000000000000001,12,17,4.7431782877987481e-06,2.1904394946241127e-06,160,2.1654002767205833,0.78361937291563077,0.99999999999998879,1.1213252548714081e-14,0.011751204083986959,build/runs/a1-publication/work/nnn_tfim_expensive/checkpoints/response_j2_0p2_L12_neig160.json,c94bdd86ddd10b0b734b9b407729b0b3cc0c8d95791c029adb6f8290d1afd293
NNN-TFIM,0.20000000000000001,12,18,4.7207819885648423e-06,2.1800966958932357e-06,160,2.1654002767205833,0.78361937291563077,0.99999999999998879,1.1213252548714081e-14,0.011751204083986959,build/runs/a1-publication/work/nnn_tfim_expensive/checkpoints/response_j2_0p2_L12_neig160.json,c94bdd86ddd10b0b734b9b407729b0b3cc0c8d95791c029adb6f8290d1afd293
NNN-TFIM,0.20000000000000001,12,19,2.2060385988717563e-06,1.0187671178340839e-06,160,2.1654002767205833,0.78361937291563077,0.99999999999998879,1.1213252548714081e-14,0.011751204083986959,build/runs/a1-publication/work/nnn_tfim_expensive/checkpoints/response_j2_0p2_L12_neig160.json,c94bdd86ddd10b0b734b9b407729b0b3cc0c8d95791c029adb6f8290d1afd293
NNN-TFIM,0.20000000000000001,12,20,1.492220630868678e-06,6.8911999638634465e-07,160,2.1654002767205833,0.78361937291563077,0.99999999999998879,1.1213252548714081e-14,0.011751204083986959,build/runs/a1-publication/work/nnn_tfim_expensive/checkpoints/response_j2_0p2_L12_neig160.json,c94bdd86ddd10b0b734b9b407729b0b3cc0c8d95791c029adb6f8290d1afd293
NNN-TFIM,0.20000000000000001,12,21,1.0903182342661441e-06,5.0351810055062418e-07,160,2.1654002767205833,0.78361937291563077,0.99999999999998879,1.1213252548714081e-14,0.011751204083986959,build/runs/a1-publication/work/nnn_tfim_expensive/checkpoints/response_j2_0p2_L12_neig160.json,c94bdd86ddd10b0b734b9b407729b0b3cc0c8d95791c029adb6f8290d1afd293
NNN-TFIM,0.20000000000000001,12,22,1.0656326127370954e-06,4.9211807359282125e-07,160,2.1654002767205833,0.78361937291563077,0.99999999999998879,1.1213252548714081e-14,0.011751204083986959,build/runs/a1-publication/work/nnn_tfim_expensive/checkpoints/response_j2_0p2_L12_neig160.json,c94bdd86ddd10b0b734b9b407729b0b3cc0c8d95791c029adb6f8290d1afd293
NNN-TFIM,0.20000000000000001,12,23,9.4330287579078073e-07,4.3562517560004064e-07,160,2.1654002767205833,0.78361937291563077,0.99999999999998879,1.1213252548714081e-14,0.011751204083986959,build/runs/a1-publication/work/nnn_tfim_expensive/checkpoints/response_j2_0p2_L12_neig160.json,c94bdd86ddd10b0b734b9b407729b0b3cc0c8d95791c029adb6f8290d1afd293
NNN-TFIM,0.20000000000000001,12,24,6.6471776368555101e-07,3.0697223549460372e-07,160,2.1654002767205833,0.78361937291563077,0.99999999999998879,1.1213252548714081e-14,0.011751204083986959,build/runs/a1-publication/work/nnn_tfim_expensive/checkpoints/response_j2_0p2_L12_neig160.json,c94bdd86ddd10b0b734b9b407729b0b3cc0c8d95791c029adb6f8290d1afd293
NNN-TFIM,0.20000000000000001,12,25,3.9923382073393626e-07,1.8436952512934963e-07,160,2.1654002767205833,0.78361937291563077,0.99999999999998879,1.1213252548714081e-14,0.011751204083986959,build/runs/a1-publication/work/nnn_tfim_expensive/checkpoints/response_j2_0p2_L12_neig160.json,c94bdd86ddd10b0b734b9b407729b0b3cc0c8d95791c029adb6f8290d1afd293
NNN-TFIM,0.20000000000000001,12,26,3.0534562959664899e-07,1.4101117141218961e-07,160,2.1654002767205833,0.78361937291563077,0.99999999999998879,1.1213252548714081e-14,0.011751204083986959,build/runs/a1-publication/work/nnn_tfim_expensive/checkpoints/response_j2_0p2_L12_neig160.json,c94bdd86ddd10b0b734b9b407729b0b3cc0c8d95791c029adb6f8290d1afd293
NNN-TFIM,0.20000000000000001,12,27,1.5984544610162616e-07,7.3817966969001234e-08,160,2.1654002767205833,0.78361937291563077,0.99999999999998879,1.1213252548714081e-14,0.011751204083986959,build/runs/a1-publication/work/nnn_tfim_expensive/checkpoints/response_j2_0p2_L12_neig160.json,c94bdd86ddd10b0b734b9b407729b0b3cc0c8d95791c029adb6f8290d1afd293
NNN-TFIM,0.20000000000000001,12,28,1.2821871869444467e-07,5.921247913047608e-08,160,2.1654002767205833,0.78361937291563077,0.99999999999998879,1.1213252548714081e-14,0.011751204083986959,build/runs/a1-publication/work/nnn_tfim_expensive/checkpoints/response_j2_0p2_L12_neig160.json,c94bdd86ddd10b0b734b9b407729b0b3cc0c8d95791c029adb6f8290d1afd293
NNN-TFIM,0.20000000000000001,12,29,9.1382782223054819e-08,4.2201334878118046e-08,160,2.1654002767205833,0.78361937291563077,0.99999999999998879,1.1213252548714081e-14,0.011751204083986959,build/runs/a1-publication/work/nnn_tfim_expensive/checkpoints/response_j2_0p2_L12_neig160.json,c94bdd86ddd10b0b734b9b407729b0b3cc0c8d95791c029adb6f8290d1afd293
NNN-TFIM,0.20000000000000001,12,30,5.4019012137925987e-08,2.4946432638189062e-08,160,2.1654002767205833,0.78361937291563077,0.99999999999998879,1.1213252548714081e-14,0.011751204083986959,build/runs/a1-publication/work/nnn_tfim_expensive/checkpoints/response_j2_0p2_L12_neig160.json,c94bdd86ddd10b0b734b9b407729b0b3cc0c8d95791c029adb6f8290d1afd293
NNN-TFIM,0.20000000000000001,12,31,4.6668046402431924e-08,2.1551695039546644e-08,160,2.1654002767205833,0.78361937291563077,0.99999999999998879,1.1213252548714081e-14,0.011751204083986959,build/runs/a1-publication/work/nnn_tfim_expensive/checkpoints/response_j2_0p2_L12_neig160.json,c94bdd86ddd10b0b734b9b407729b0b3cc0c8d95791c029adb6f8290d1afd293
NNN-TFIM,0.20000000000000001,12,32,4.1467502941806489e-08,1.9150040474090755e-08,160,2.1654002767205833,0.78361937291563077,0.99999999999998879,1.1213252548714081e-14,0.011751204083986959,build/runs/a1-publication/work/nnn_tfim_expensive/checkpoints/response_j2_0p2_L12_neig160.json,c94bdd86ddd10b0b734b9b407729b0b3cc0c8d95791c029adb6f8290d1afd293
NNN-TFIM,0.20000000000000001,12,33,2.879759339857096e-08,1.3298970037162748e-08,160,2.1654002767205833,0.78361937291563077,0.99999999999998879,1.1213252548714081e-14,0.011751204083986959,build/runs/a1-publication/work/nnn_tfim_expensive/checkpoints/response_j2_0p2_L12_neig160.json,c94bdd86ddd10b0b734b9b407729b0b3cc0c8d95791c029adb6f8290d1afd293
NNN-TFIM,0.20000000000000001,12,34,2.5306468195836772e-08,1.168673915298582e-08,160,2.1654002767205833,0.78361937291563077,0.99999999999998879,1.1213252548714081e-14,0.011751204083986959,build/runs/a1-publication/work/nnn_tfim_expensive/checkpoints/response_j2_0p2_L12_neig160.json,c94bdd86ddd10b0b734b9b407729b0b3cc0c8d95791c029adb6f8290d1afd293
NNN-TFIM,0.20000000000000001,12,35,1.6088940115730476e-08,7.430007416502489e-09,160,2.1654002767205833,0.78361937291563077,0.99999999999998879,1.1213252548714081e-14,0.011751204083986959,build/runs/a1-publication/work/nnn_tfim_expensive/checkpoints/response_j2_0p2_L12_neig160.json,c94bdd86ddd10b0b734b9b407729b0b3cc0c8d95791c029adb6f8290d1afd293
NNN-TFIM,0.20000000000000001,12,36,1.2501121797793643e-08,5.773122841161782e-09,160,2.1654002767205833,0.78361937291563077,0.99999999999998879,1.1213252548714081e-14,0.011751204083986959,build/runs/a1-publication/work/nnn_tfim_expensive/checkpoints/response_j2_0p2_L12_neig160.json,c94bdd86ddd10b0b734b9b407729b0b3cc0c8d95791c029adb6f8290d1afd293
NNN-TFIM,0.20000000000000001,12,37,8.9633873275084256e-09,4.1393674065116199e-09,160,2.1654002767205833,0.78361937291563077,0.99999999999998879,1.1213252548714081e-14,0.011751204083986959,build/runs/a1-publication/work/nnn_tfim_expensive/checkpoints/response_j2_0p2_L12_neig160.json,c94bdd86ddd10b0b734b9b407729b0b3cc0c8d95791c029adb6f8290d1afd293
NNN-TFIM,0.20000000000000001,12,38,7.3874713241608099e-09,3.4115961855093393e-09,160,2.1654002767205833,0.78361937291563077,0.99999999999998879,1.1213252548714081e-14,0.011751204083986959,build/runs/a1-publication/work/nnn_tfim_expensive/checkpoints/response_j2_0p2_L12_neig160.json,c94bdd86ddd10b0b734b9b407729b0b3cc0c8d95791c029adb6f8290d1afd293
NNN-TFIM,0.20000000000000001,12,39,5.3647064458660213e-09,2.4774664081925149e-09,160,2.1654002767205833,0.78361937291563077,0.99999999999998879,1.1213252548714081e-14,0.011751204083986959,build/runs/a1-publication/work/nnn_tfim_expensive/checkpoints/response_j2_0p2_L12_neig160.json,c94bdd86ddd10b0b734b9b407729b0b3cc0c8d95791c029adb6f8290d1afd293
NNN-TFIM,0.20000000000000001,12,40,3.8396823600957448e-09,1.7731975013464015e-09,160,2.1654002767205833,0.78361937291563077,0.99999999999998879,1.1213252548714081e-14,0.011751204083986959,build/runs/a1-publication/work/nnn_tfim_expensive/checkpoints/response_j2_0p2_L12_neig160.json,c94bdd86ddd10b0b734b9b407729b0b3cc0c8d95791c029adb6f8290d1afd293
NNN-TFIM,0.20000000000000001,12,41,2.7118829131499483e-09,1.2523702625811946e-09,160,2.1654002767205833,0.78361937291563077,0.99999999999998879,1.1213252548714081e-14,0.011751204083986959,build/runs/a1-publication/work/nnn_tfim_expensive/checkpoints/response_j2_0p2_L12_neig160.json,c94bdd86ddd10b0b734b9b407729b0b3cc0c8d95791c029adb6f8290d1afd293
NNN-TFIM,0.20000000000000001,12,42,1.6352331817166008e-09,7.5516439121966842e-10,160,2.1654002767205833,0.78361937291563077,0.99999999999998879,1.1213252548714081e-14,0.011751204083986959,build/runs/a1-publication/work/nnn_tfim_expensive/checkpoints/response_j2_0p2_L12_neig160.json,c94bdd86ddd10b0b734b9b407729b0b3cc0c8d95791c029adb6f8290d1afd293
NNN-TFIM,0.20000000000000001,12,43,1.348111970288285e-09,6.2256940889005029e-10,160,2.1654002767205833,0.78361937291563077,0.99999999999998879,1.1213252548714081e-14,0.011751204083986959,build/runs/a1-publication/work/nnn_tfim_expensive/checkpoints/response_j2_0p2_L12_neig160.json,c94bdd86ddd10b0b734b9b407729b0b3cc0c8d95791c029adb6f8290d1afd293
NNN-TFIM,0.20000000000000001,12,44,1.1123985301868023e-09,5.1371496630243699e-10,160,2.1654002767205833,0.78361937291563077,0.99999999999998879,1.1213252548714081e-14,0.011751204083986959,build/runs/a1-publication/work/nnn_tfim_expensive/checkpoints/response_j2_0p2_L12_neig160.json,c94bdd86ddd10b0b734b9b407729b0b3cc0c8d95791c029adb6f8290d1afd293
NNN-TFIM,0.20000000000000001,12,45,8.4710539973969915e-10,3.9120037475131768e-10,160,2.1654002767205833,0.78361937291563077,0.99999999999998879,1.1213252548714081e-14,0.011751204083986959,build/runs/a1-publication/work/nnn_tfim_expensive/checkpoints/response_j2_0p2_L12_neig160.json,c94bdd86ddd10b0b734b9b407729b0b3cc0c8d95791c029adb6f8290d1afd293
NNN-TFIM,0.20000000000000001,12,46,7.5476485173839407e-10,3.4855673560800357e-10,160,2.1654002767205833,0.78361937291563077,0.99999999999998879,1.1213252548714081e-14,0.011751204083986959,build/runs/a1-publication/work/nnn_tfim_expensive/checkpoints/response_j2_0p2_L12_neig160.json,c94bdd86ddd10b0b734b9b407729b0b3cc0c8d95791c029adb6f8290d1afd293
NNN-TFIM,0.20000000000000001,12,47,5.5392461532135509e-10,2.5580703081845585e-10,160,2.1654002767205833,0.78361937291563077,0.99999999999998879,1.1213252548714081e-14,0.011751204083986959,build/runs/a1-publication/work/nnn_tfim_expensive/checkpoints/response_j2_0p2_L12_neig160.json,c94bdd86ddd10b0b734b9b407729b0b3cc0c8d95791c029adb6f8290d1afd293
NNN-TFIM,0.20000000000000001,12,48,5.3669155147304232e-10,2.4784865747123732e-10,160,2.1654002767205833,0.78361937291563077,0.99999999999998879,1.1213252548714081e-14,0.011751204083986959,build/runs/a1-publication/work/nnn_tfim_expensive/checkpoints/response_j2_0p2_L12_neig160.json,c94bdd86ddd10b0b734b9b407729b0b3cc0c8d95791c029adb6f8290d1afd293
NNN-TFIM,0.20000000000000001,12,49,4.3218439429693519e-10,1.995863762202257e-10,160,2.1654002767205833,0.78361937291563077,0.99999999999998879,1.1213252548714081e-14,0.011751204083986959,build/runs/a1-publication/work/nnn_tfim_expensive/checkpoints/response_j2_0p2_L12_neig160.json,c94bdd86ddd10b0b734b9b407729b0b3cc0c8d95791c029adb6f8290d1afd293
NNN-TFIM,0.20000000000000001,12,50,4.0574739081998593e-10,1.8737754639732242e-10,160,2.1654002767205833,0.78361937291563077,0.99999999999998879,1.1213252548714081e-14,0.011751204083986959,build/runs/a1-publication/work/nnn_tfim_expensive/checkpoints/response_j2_0p2_L12_neig160.json,c94bdd86ddd10b0b734b9b407729b0b3cc0c8d95791c029adb6f8290d1afd293
NNN-TFIM,0.20000000000000001,12,51,3.9540169421812748e-10,1.8259981698023443e-10,160,2.1654002767205833,0.78361937291563077,0.99999999999998879,1.1213252548714081e-14,0.011751204083986959,build/runs/a1-publication/work/nnn_tfim_expensive/checkpoints/response_j2_0p2_L12_neig160.json,c94bdd86ddd10b0b734b9b407729b0b3cc0c8d95791c029adb6f8290d1afd293
NNN-TFIM,0.20000000000000001,12,52,3.7448792225834825e-10,1.7294166177234262e-10,160,2.1654002767205833,0.78361937291563077,0.99999999999998879,1.1213252548714081e-14,0.011751204083986959,build/runs/a1-publication/work/nnn_tfim_expensive/checkpoints/response_j2_0p2_L12_neig160.json,c94bdd86ddd10b0b734b9b407729b0b3cc0c8d95791c029adb6f8290d1afd293
NNN-TFIM,0.20000000000000001,12,53,3.6345066001282566e-10,1.6784456154372433e-10,160,2.1654002767205833,0.78361937291563077,0.99999999999998879,1.1213252548714081e-14,0.011751204083986959,build/runs/a1-publication/work/nnn_tfim_expensive/checkpoints/response_j2_0p2_L12_neig160.json,c94bdd86ddd10b0b734b9b407729b0b3cc0c8d95791c029adb6f8290d1afd293
NNN-TFIM,0.20000000000000001,12,54,3.2921408943575742e-10,1.5203382625144007e-10,160,2.1654002767205833,0.78361937291563077,0.99999999999998879,1.1213252548714081e-14,0.011751204083986959,build/runs/a1-publication/work/nnn_tfim_expensive/checkpoints/response_j2_0p2_L12_neig160.json,c94bdd86ddd10b0b734b9b407729b0b3cc0c8d95791c029adb6f8290d1afd293
NNN-TFIM,0.20000000000000001,12,55,3.0560200507218707e-10,1.4112956775594844e-10,160,2.1654002767205833,0.78361937291563077,0.99999999999998879,1.1213252548714081e-14,0.011751204083986959,build/runs/a1-publication/work/nnn_tfim_expensive/checkpoints/response_j2_0p2_L12_neig160.json,c94bdd86ddd10b0b734b9b407729b0b3cc0c8d95791c029adb6f8290d1afd293
NNN-TFIM,0.20000000000000001,12,56,2.9141896332712617e-10,1.3457972018386786e-10,160,2.1654002767205833,0.78361937291563077,0.99999999999998879,1.1213252548714081e-14,0.011751204083986959,build/runs/a1-publication/work/nnn_tfim_expensive/checkpoints/response_j2_0p2_L12_neig160.json,c94bdd86ddd10b0b734b9b407729b0b3cc0c8d95791c029adb6f8290d1afd293
NNN-TFIM,0.20000000000000001,12,57,2.6919970051833952e-10,1.2431867835817969e-10,160,2.1654002767205833,0.78361937291563077,0.99999999999998879,1.1213252548714081e-14,0.011751204083986959,build/runs/a1-publication/work/nnn_tfim_expensive/checkpoints/response_j2_0p2_L12_neig160.json,c94bdd86ddd10b0b734b9b407729b0b3cc0c8d95791c029adb6f8290d1afd293
NNN-TFIM,0.20000000000000001,12,58,2.6290485247763091e-10,1.2141166476425797e-10,160,2.1654002767205833,0.78361937291563077,0.99999999999998879,1.1213252548714081e-14,0.011751204083986959,build/runs/a1-publication/work/nnn_tfim_expensive/checkpoints/response_j2_0p2_L12_neig160.json,c94bdd86ddd10b0b734b9b407729b0b3cc0c8d95791c029adb6f8290d1afd293
NNN-TFIM,0.20000000000000001,12,59,1.6232461267176285e-10,7.4962866873554354e-11,160,2.1654002767205833,0.78361937291563077,0.99999999999998879,1.1213252548714081e-14,0.011751204083986959,build/runs/a1-publication/work/nnn_tfim_expensive/checkpoints/response_j2_0p2_L12_neig160.json,c94bdd86ddd10b0b734b9b407729b0b3cc0c8d95791c029adb6f8290d1afd293
NNN-TFIM,0.20000000000000001,12,60,1.3675253006331038e-10,6.31534647582187e-11,160,2.1654002767205833,0.78361937291563077,0.99999999999998879,1.1213252548714081e-14,0.011751204083986959,build/runs/a1-publication/work/nnn_tfim_expensive/checkpoints/response_j2_0p2_L12_neig160.json,c94bdd86ddd10b0b734b9b407729b0b3cc0c8d95791c029adb6f8290d1afd293
NNN-TFIM,0.20000000000000001,12,61,1.3075685321815377e-10,6.0384610930308038e-11,160,2.1654002767205833,0.78361937291563077,0.99999999999998879,1.1213252548714081e-14,0.011751204083986959,build/runs/a1-publication/work/nnn_tfim_expensive/checkpoints/response_j2_0p2_L12_neig160.json,c94bdd86ddd10b0b734b9b407729b0b3cc0c8d95791c029adb6f8290d1afd293
NNN-TFIM,0.20000000000000001,12,62,8.9216947335194437e-11,4.120113417105041e-11,160,2.1654002767205833,0.78361937291563077,0.99999999999998879,1.1213252548714081e-14,0.011751204083986959,build/runs/a1-publication/work/nnn_tfim_expensive/checkpoints/response_j2_0p2_L12_neig160.json,c94bdd86ddd10b0b734b9b407729b0b3cc0c8d95791c029adb6f8290d1afd293
NNN-TFIM,0.20000000000000001,12,63,7.8078613617645369e-11,3.6057358289384015e-11,160,2.1654002767205833,0.78361937291563077,0.99999999999998879,1.1213252548714081e-14,0.011751204083986959,build/runs/a1-publication/work/nnn_tfim_expensive/checkpoints/response_j2_0p2_L12_neig160.json,c94bdd86ddd10b0b734b9b407729b0b3cc0c8d95791c029adb6f8290d1afd293
NNN-TFIM,0.20000000000000001,12,64,7.3922282446277241e-11,3.4137929712574775e-11,160,2.1654002767205833,0.78361937291563077,0.99999999999998879,1.1213252548714081e-14,0.011751204083986959,build/runs/a1-publication/work/nnn_tfim_expensive/checkpoints/response_j2_0p2_L12_neig160.json,c94bdd86ddd10b0b734b9b407729b0b3cc0c8d95791c029adb6f8290d1afd293
NNN-TFIM,0.20000000000000001,12,65,5.6661760516289364e-11,2.6166875993061872e-11,160,2.1654002767205833,0.78361937291563077,0.99999999999998879,1.1213252548714081e-14,0.011751204083986959,build/runs/a1-publication/work/nnn_tfim_expensive/checkpoints/response_j2_0p2_L12_neig160.json,c94bdd86ddd10b0b734b9b407729b0b3cc0c8d95791c029adb6f8290d1afd293
NNN-TFIM,0.20000000000000001,12,66,3.3865800378520479e-11,1.5639510506486565e-11,160,2.1654002767205833,0.78361937291563077,0.99999999999998879,1.1213252548714081e-14,0.011751204083986959,build/runs/a1-publication/work/nnn_tfim_expensive/checkpoints/response_j2_0p2_L12_neig160.json,c94bdd86ddd10b0b734b9b407729b0b3cc0c8d95791c029adb6f8290d1afd293
NNN-TFIM,0.20000000000000001,12,67,1.5935952152929573e-11,7.3593562928069676e-12,160,2.1654002767205833,0.78361937291563077,0.99999999999998879,1.1213252548714081e-14,0.011751204083986959,build/runs/a1-publication/work/nnn_tfim_expensive/checkpoints/response_j2_0p2_L12_neig160.json,c94bdd86ddd10b0b734b9b407729b0b3cc0c8d95791c029adb6f8290d1afd293
NNN-TFIM,0.20000000000000001,12,68,1.4604324282203712e-11,6.7443993792784615e-12,160,2.1654002767205833,0.78361937291563077,0.99999999999998879,1.1213252548714081e-14,0.011751204083986959,build/runs/a1-publication/work/nnn_tfim_expensive/checkpoints/response_j2_0p2_L12_neig160.json,c94bdd86ddd10b0b734b9b407729b0b3cc0c8d95791c029adb6f8290d1afd293
NNN-TFIM,0.20000000000000001,12,69,1.2571022335700553e-11,5.8054034955324241e-12,160,2.1654002767205833,0.78361937291563077,0.99999999999998879,1.1213252548714081e-14,0.011751204083986959,build/runs/a1-publication/work/nnn_tfim_expensive/checkpoints/response_j2_0p2_L12_neig160.json,c94bdd86ddd10b0b734b9b407729b0b3cc0c8d95791c029adb6f8290d1afd293
NNN-TFIM,0.20000000000000001,12,70,1.0667861754157037e-11,4.9265079850793725e-12,160,2.1654002767205833,0.78361937291563077,0.99999999999998879,1.1213252548714081e-14,0.011751204083986959,build/runs/a1-publication/work/nnn_tfim_expensive/checkpoints/response_j2_0p2_L12_neig160.json,c94bdd86ddd10b0b734b9b407729b0b3cc0c8d95791c029adb6f8290d1afd293
NNN-TFIM,0.20000000000000001,12,71,6.1479979687957081e-12,2.8391969996912618e-12,160,2.1654002767205833,0.78361937291563077,0.99999999999998879,1.1213252548714081e-14,0.011751204083986959,build/runs/a1-publication/work/nnn_tfim_expensive/checkpoints/response_j2_0p2_L12_neig160.json,c94bdd86ddd10b0b734b9b407729b0b3cc0c8d95791c029adb6f8290d1afd293
NNN-TFIM,0.20000000000000001,12,72,3.9364889792163615e-12,1.8179036095709866e-12,160,2.1654002767205833,0.78361937291563077,0.99999999999998879,1.1213252548714081e-14,0.011751204083986959,build/runs/a1-publication/work/nnn_tfim_expensive/checkpoints/response_j2_0p2_L12_neig160.json,c94bdd86ddd10b0b734b9b407729b0b3cc0c8d95791c029adb6f8290d1afd293
NNN-TFIM,0.20000000000000001,12,73,2.1564929938848443e-12,9.9588654211810264e-13,160,2.1654002767205833,0.78361937291563077,0.99999999999998879,1.1213252548714081e-14,0.011751204083986959,build/runs/a1-publication/work/nnn_tfim_expensive/checkpoints/response_j2_0p2_L12_neig160.json,c94bdd86ddd10b0b734b9b407729b0b3cc0c8d95791c029adb6f8290d1afd293
NNN-TFIM,0.20000000000000001,12,74,2.0519681557036922e-12,9.4761609563074408e-13,160,2.1654002767205833,0.78361937291563077,0.99999999999998879,1.1213252548714081e-14,0.011751204083986959,build/runs/a1-publication/work/nnn_tfim_expensive/checkpoints/response_j2_0p2_L12_neig160.json,c94bdd86ddd10b0b734b9b407729b0b3cc0c8d95791c029adb6f8290d1afd293
NNN-TFIM,0.20000000000000001,12,75,1.9669720655674935e-12,9.0836418869697303e-13,160,2.1654002767205833,0.78361937291563077,0.99999999999998879,1.1213252548714081e-14,0.011751204083986959,build/runs/a1-publication/work/nnn_tfim_expensive/checkpoints/response_j2_0p2_L12_neig160.json,c94bdd86ddd10b0b734b9b407729b0b3cc0c8d95791c029adb6f8290d1afd293
NNN-TFIM,0.20000000000000001,12,76,8.4786972591108991e-13,3.9155334698449217e-13,160,2.1654002767205833,0.78361937291563077,0.99999999999998879,1.1213252548714081e-14,0.011751204083986959,build/runs/a1-publication/work/nnn_tfim_expensive/checkpoints/response_j2_0p2_L12_neig160.json,c94bdd86ddd10b0b734b9b407729b0b3cc0c8d95791c029adb6f8290d1afd293
NNN-TFIM,0.20000000000000001,12,77,7.7989979300972366e-13,3.6016426218936868e-13,160,2.1654002767205833,0.78361937291563077,0.99999999999998879,1.1213252548714081e-14,0.011751204083986959,build/runs/a1-publication/work/nnn_tfim_expensive/checkpoints/response_j2_0p2_L12_neig160.json,c94bdd86ddd10b0b734b9b407729b0b3cc0c8d95791c029adb6f8290d1afd293
NNN-TFIM,0.20000000000000001,12,78,2.7770034194201594e-13,1.2824434582717547e-13,160,2.1654002767205833,0.78361937291563077,0.99999999999998879,1.1213252548714081e-14,0.011751204083986959,build/runs/a1-publication/work/nnn_tfim_expensive/checkpoints/response_j2_0p2_L12_neig160.json,c94bdd86ddd10b0b734b9b407729b0b3cc0c8d95791c029adb6f8290d1afd293
NNN-TFIM,0.20000000000000001,12,79,2.738076260823453e-13,1.2644665701115388e-13,160,2.1654002767205833,0.78361937291563077,0.99999999999998879,1.1213252548714081e-14,0.011751204083986959,build/runs/a1-publication/work/nnn_tfim_expensive/checkpoints/response_j2_0p2_L12_neig160.json,c94bdd86ddd10b0b734b9b407729b0b3cc0c8d95791c029adb6f8290d1afd293
NNN-TFIM,0.20000000000000001,12,80,2.4599066630217156e-13,1.1360055179946458e-13,160,2.1654002767205833,0.78361937291563077,0.99999999999998879,1.1213252548714081e-14,0.011751204083986959,build/runs/a1-publication/work/nnn_tfim_expensive/checkpoints/response_j2_0p2_L12_neig160.json,c94bdd86ddd10b0b734b9b407729b0b3cc0c8d95791c029adb6f8290d1afd293
NNN-TFIM,0.20000000000000001,12,81,2.3110791716106644e-13,1.0672757348635358e-13,160,2.1654002767205833,0.78361937291563077,0.99999999999998879,1.1213252548714081e-14,0.011751204083986959,build/runs/a1-publication/work/nnn_tfim_expensive/checkpoints/response_j2_0p2_L12_neig160.json,c94bdd86ddd10b0b734b9b407729b0b3cc0c8d95791c029adb6f8290d1afd293
NNN-TFIM,0.20000000000000001,12,82,2.0654417015069863e-13,9.5383829202932377e-14,160,2.1654002767205833,0.78361937291563077,0.99999999999998879,1.1213252548714081e-14,0.011751204083986959,build/runs/a1-publication/work/nnn_tfim_expensive/checkpoints/response_j2_0p2_L12_neig160.json,c94bdd86ddd10b0b734b9b407729b0b3cc0c8d95791c029adb6f8290d1afd293
NNN-TFIM,0.20000000000000001,12,83,1.7787892533510014e-13,8.2145978850843701e-14,160,2.1654002767205833,0.78361937291563077,0.99999999999998879,1.1213252548714081e-14,0.011751204083986959,build/runs/a1-publication/work/nnn_tfim_expensive/checkpoints/response_j2_0p2_L12_neig160.json,c94bdd86ddd10b0b734b9b407729b0b3cc0c8d95791c029adb6f8290d1afd293
NNN-TFIM,0.20000000000000001,12,84,1.2098200381970012e-13,5.5870503537074809e-14,160,2.1654002767205833,0.78361937291563077,0.99999999999998879,1.1213252548714081e-14,0.011751204083986959,build/runs/a1-publication/work/nnn_tfim_expensive/checkpoints/response_j2_0p2_L12_neig160.json,c94bdd86ddd10b0b734b9b407729b0b3cc0c8d95791c029adb6f8290d1afd293
NNN-TFIM,0.20000000000000001,12,85,1.0218618822981458e-13,4.7190438335295535e-14,160,2.1654002767205833,0.78361937291563077,0.99999999999998879,1.1213252548714081e-14,0.011751204083986959,build/runs/a1-publication/work/nnn_tfim_expensive/checkpoints/response_j2_0p2_L12_neig160.json,c94bdd86ddd10b0b734b9b407729b0b3cc0c8d95791c029adb6f8290d1afd293
NNN-TFIM,0.20000000000000001,12,86,9.2103724137806773e-14,4.2534271897893344e-14,160,2.1654002767205833,0.78361937291563077,0.99999999999998879,1.1213252548714081e-14,0.011751204083986959,build/runs/a1-publication/work/nnn_tfim_expensive/checkpoints/response_j2_0p2_L12_neig160.json,c94bdd86ddd10b0b734b9b407729b0b3cc0c8d95791c029adb6f8290d1afd293
NNN-TFIM,0.20000000000000001,12,87,8.7627647397738369e-14,4.0467182137081425e-14,160,2.1654002767205833,0.78361937291563077,0.99999999999998879,1.1213252548714081e-14,0.011751204083986959,build/runs/a1-publication/work/nnn_tfim_expensive/checkpoints/response_j2_0p2_L12_neig160.json,c94bdd86ddd10b0b734b9b407729b0b3cc0c8d95791c029adb6f8290d1afd293
NNN-TFIM,0.20000000000000001,12,88,2.0640852861316671e-14,9.5321188803838425e-15,160,2.1654002767205833,0.78361937291563077,0.99999999999998879,1.1213252548714081e-14,0.011751204083986959,build/runs/a1-publication/work/nnn_tfim_expensive/checkpoints/response_j2_0p2_L12_neig160.json,c94bdd86ddd10b0b734b9b407729b0b3cc0c8d95791c029adb6f8290d1afd293
NNN-TFIM,0.20000000000000001,12,89,1.9919194582523659e-14,9.1988510376892179e-15,160,2.1654002767205833,0.78361937291563077,0.99999999999998879,1.1213252548714081e-14,0.011751204083986959,build/runs/a1-publication/work/nnn_tfim_expensive/checkpoints/response_j2_0p2_L12_neig160.json,c94bdd86ddd10b0b734b9b407729b0b3cc0c8d95791c029adb6f8290d1afd293
NNN-TFIM,0.20000000000000001,12,90,1.663681420266708e-14,7.6830202625922371e-15,160,2.1654002767205833,0.78361937291563077,0.99999999999998879,1.1213252548714081e-14,0.011751204083986959,build/runs/a1-publication/work/nnn_tfim_expensive/checkpoints/response_j2_0p2_L12_neig160.json,c94bdd86ddd10b0b734b9b407729b0b3cc0c8d95791c029adb6f8290d1afd293
NNN-TFIM,0.20000000000000001,12,91,1.3676945926877038e-14,6.3161282807214999e-15,160,2.1654002767205833,0.78361937291563077,0.99999999999998879,1.1213252548714081e-14,0.011751204083986959,build/runs/a1-publication/work/nnn_tfim_expensive/checkpoints/response_j2_0p2_L12_neig160.json,c94bdd86ddd10b0b734b9b407729b0b3cc0c8d95791c029adb6f8290d1afd293
NNN-TFIM,0.20000000000000001,12,92,1.1274217663438509e-14,5.2065282269719134e-15,160,2.1654002767205833,0.78361937291563077,0.99999999999998879,1.1213252548714081e-14,0.011751204083986959,build/runs/a1-publication/work/nnn_tfim_expensive/checkpoints/response_j2_0p2_L12_neig160.json,c94bdd86ddd10b0b734b9b407729b0b3cc0c8d95791c029adb6f8290d1afd293
NNN-TFIM,0.20000000000000001,12,93,7.6674203182233553e-15,3.5408789777358728e-15,160,2.1654002767205833,0.78361937291563077,0.99999999999998879,1.1213252548714081e-14,0.011751204083986959,build/runs/a1-publication/work/nnn_tfim_expensive/checkpoints/response_j2_0p2_L12_neig160.json,c94bdd86ddd10b0b734b9b407729b0b3cc0c8d95791c029adb6f8290d1afd293
NNN-TFIM,0.20000000000000001,12,94,5.2833516664137546e-15,2.4398960890571191e-15,160,2.1654002767205833,0.78361937291563077,0.99999999999998879,1.1213252548714081e-14,0.011751204083986959,build/runs/a1-publication/work/nnn_tfim_expensive/checkpoints/response_j2_0p2_L12_neig160.json,c94bdd86ddd10b0b734b9b407729b0b3cc0c8d95791c029adb6f8290d1afd293
NNN-TFIM,0.20000000000000001,12,95,4.4764949984683281e-15,2.0672829160471937e-15,160,2.1654002767205833,0.78361937291563077,0.99999999999998879,1.1213252548714081e-14,0.011751204083986959,build/runs/a1-publication/work/nnn_tfim_expensive/checkpoints/response_j2_0p2_L12_neig160.json,c94bdd86ddd10b0b734b9b407729b0b3cc0c8d95791c029adb6f8290d1afd293
NNN-TFIM,0.20000000000000001,12,96,4.1189313345734801e-15,1.9021570186605156e-15,160,2.1654002767205833,0.78361937291563077,0.99999999999998879,1.1213252548714081e-14,0.011751204083986959,build/runs/a1-publication/work/nnn_tfim_expensive/checkpoints/response_j2_0p2_L12_neig160.json,c94bdd86ddd10b0b734b9b407729b0b3cc0c8d95791c029adb6f8290d1afd293
NNN-TFIM,0.20000000000000001,12,97,3.6616699373575213e-15,1.6909898722757076e-15,160,2.1654002767205833,0.78361937291563077,0.99999999999998879,1.1213252548714081e-14,0.011751204083986959,build/runs/a1-publication/work/nnn_tfim_expensive/checkpoints/response_j2_0p2_L12_neig160.json,c94bdd86ddd10b0b734b9b407729b0b3cc0c8d95791c029adb6f8290d1afd293
NNN-TFIM,0.20000000000000001,12,98,2.5667109694646637e-15,1.1853286420337261e-15,160,2.1654002767205833,0.78361937291563077,0.99999999999998879,1.1213252548714081e-14,0.011751204083986959,build/runs/a1-publication/work/nnn_tfim_expensive/checkpoints/response_j2_0p2_L12_neig160.json,c94bdd86ddd10b0b734b9b407729b0b3cc0c8d95791c029adb6f8290d1afd293
NNN-TFIM,0.20000000000000001,12,99,2.204481521358185e-15,1.0180480463855803e-15,160,2.1654002767205833,0.78361937291563077,0.99999999999998879,1.1213252548714081e-14,0.011751204083986959,build/runs/a1-publication/work/nnn_tfim_expensive/checkpoints/response_j2_0p2_L12_neig160.json,c94bdd86ddd10b0b734b9b407729b0b3cc0c8d95791c029adb6f8290d1afd293
NNN-TFIM,0.20000000000000001,12,100,9.8014030951759039e-16,4.5263701129750278e-16,160,2.1654002767205833,0.78361937291563077,0.99999999999998879,1.1213252548714081e-14,0.011751204083986959,build/runs/a1-publication/work/nnn_tfim_expensive/checkpoints/response_j2_0p2_L12_neig160.json,c94bdd86ddd10b0b734b9b407729b0b3cc0c8d95791c029adb6f8290d1afd293
NNN-TFIM,0.20000000000000001,12,101,6.5496694399284543e-16,3.0246922522092223e-16,160,2.1654002767205833,0.78361937291563077,0.99999999999998879,1.1213252548714081e-14,0.011751204083986959,build/runs/a1-publication/work/nnn_tfim_expensive/checkpoints/response_j2_0p2_L12_neig160.json,c94bdd86ddd10b0b734b9b407729b0b3cc0c8d95791c029adb6f8290d1afd293
NNN-TFIM,0.20000000000000001,12,102,6.2428883807076744e-16,2.883018187363628e-16,160,2.1654002767205833,0.78361937291563077,0.99999999999998879,1.1213252548714081e-14,0.011751204083986959,build/runs/a1-publication/work/nnn_tfim_expensive/checkpoints/response_j2_0p2_L12_neig160.json,c94bdd86ddd10b0b734b9b407729b0b3cc0c8d95791c029adb6f8290d1afd293
NNN-TFIM,0.20000000000000001,12,103,6.023913810153523e-16,2.7818938950522866e-16,160,2.1654002767205833,0.78361937291563077,0.99999999999998879,1.1213252548714081e-14,0.011751204083986959,build/runs/a1-publication/work/nnn_tfim_expensive/checkpoints/response_j2_0p2_L12_neig160.json,c94bdd86ddd10b0b734b9b407729b0b3cc0c8d95791c029adb6f8290d1afd293
NNN-TFIM,0.20000000000000001,12,104,5.7450678772674823e-17,2.6531205057238516e-17,160,2.1654002767205833,0.78361937291563077,0.99999999999998879,1.1213252548714081e-14,0.011751204083986959,build/runs/a1-publication/work/nnn_tfim_expensive/checkpoints/response_j2_0p2_L12_neig160.json,c94bdd86ddd10b0b734b9b407729b0b3cc0c8d95791c029adb6f8290d1afd293
NNN-TFIM,0.20000000000000001,12,105,3.6921363878203541e-28,1.7050595344949132e-28,160,2.1654002767205833,0.78361937291563077,0.99999999999998879,1.1213252548714081e-14,0.011751204083986959,build/runs/a1-publication/work/nnn_tfim_expensive/checkpoints/response_j2_0p2_L12_neig160.json,c94bdd86ddd10b0b734b9b407729b0b3cc0c8d95791c029adb6f8290d1afd293
NNN-TFIM,0.20000000000000001,12,106,4.0640303909756805e-29,1.8768033026810638e-29,160,2.1654002767205833,0.78361937291563077,0.99999999999998879,1.1213252548714081e-14,0.011751204083986959,build/runs/a1-publication/work/nnn_tfim_expensive/checkpoints/response_j2_0p2_L12_neig160.json,c94bdd86ddd10b0b734b9b407729b0b3cc0c8d95791c029adb6f8290d1afd293
NNN-TFIM,0.20000000000000001,12,107,3.4681474504056574e-29,1.6016195655327224e-29,160,2.1654002767205833,0.78361937291563077,0.99999999999998879,1.1213252548714081e-14,0.011751204083986959,build/runs/a1-publication/work/nnn_tfim_expensive/checkpoints/response_j2_0p2_L12_neig160.json,c94bdd86ddd10b0b734b9b407729b0b3cc0c8d95791c029adb6f8290d1afd293
NNN-TFIM,0.20000000000000001,12,108,4.4985643172329832e-30,2.0774747124563448e-30,160,2.1654002767205833,0.78361937291563077,0.99999999999998879,1.1213252548714081e-14,0.011751204083986959,build/runs/a1-publication/work/nnn_tfim_expensive/checkpoints/response_j2_0p2_L12_neig160.json,c94bdd86ddd10b0b734b9b407729b0b3cc0c8d95791c029adb6f8290d1afd293
NNN-TFIM,0.20000000000000001,12,109,2.1086393552762695e-30,9.7378733065912603e-31,160,2.1654002767205833,0.78361937291563077,0.99999999999998879,1.1213252548714081e-14,0.011751204083986959,build/runs/a1-publication/work/nnn_tfim_expensive/checkpoints/response_j2_0p2_L12_neig160.json,c94bdd86ddd10b0b734b9b407729b0b3cc0c8d95791c029adb6f8290d1afd293
NNN-TFIM,0.20000000000000001,12,110,1.0700966666114332e-31,4.9417961109345289e-32,160,2.1654002767205833,0.78361937291563077,0.99999999999998879,1.1213252548714081e-14,0.011751204083986959,build/runs/a1-publication/work/nnn_tfim_expensive/checkpoints/response_j2_0p2_L12_neig160.json,c94bdd86ddd10b0b734b9b407729b0b3cc0c8d95791c029adb6f8290d1afd293
NNN-TFIM,0.20000000000000001,12,111,5.3047903262029256e-32,2.4497966418646763e-32,160,2.1654002767205833,0.78361937291563077,0.99999999999998879,1.1213252548714081e-14,0.011751204083986959,build/runs/a1-publication/work/nnn_tfim_expensive/checkpoints/response_j2_0p2_L12_neig160.json,c94bdd86ddd10b0b734b9b407729b0b3cc0c8d95791c029adb6f8290d1afd293
NNN-TFIM,0.20000000000000001,12,112,5.1412687755548245e-32,2.3742810189999057e-32,160,2.1654002767205833,0.78361937291563077,0.99999999999998879,1.1213252548714081e-14,0.011751204083986959,build/runs/a1-publication/work/nnn_tfim_expensive/checkpoints/response_j2_0p2_L12_neig160.json,c94bdd86ddd10b0b734b9b407729b0b3cc0c8d95791c029adb6f8290d1afd293
NNN-TFIM,0.20000000000000001,12,113,2.1384295680570352e-32,9.8754470064795855e-33,160,2.1654002767205833,0.78361937291563077,0.99999999999998879,1.1213252548714081e-14,0.011751204083986959,build/runs/a1-publication/work/nnn_tfim_expensive/checkpoints/response_j2_0p2_L12_neig160.json,c94bdd86ddd10b0b734b9b407729b0b3cc0c8d95791c029adb6f8290d1afd293
NNN-TFIM,0.20000000000000001,12,114,1.8536815876001287e-32,8.5604569627535982e-33,160,2.1654002767205833,0.78361937291563077,0.99999999999998879,1.1213252548714081e-14,0.011751204083986959,build/runs/a1-publication/work/nnn_tfim_expensive/checkpoints/response_j2_0p2_L12_neig160.json,c94bdd86ddd10b0b734b9b407729b0b3cc0c8d95791c029adb6f8290d1afd293
NNN-TFIM,0.20000000000000001,12,115,7.1341698767028931e-33,3.2946194536870216e-33,160,2.1654002767205833,0.78361937291563077,0.99999999999998879,1.1213252548714081e-14,0.011751204083986959,build/runs/a1-publication/work/nnn_tfim_expensive/checkpoints/response_j2_0p2_L12_neig160.json,c94bdd86ddd10b0b734b9b407729b0b3cc0c8d95791c029adb6f8290d1afd293
NNN-TFIM,0.20000000000000001,12,116,4.3588346074233552e-33,2.0129463611340462e-33,160,2.1654002767205833,0.78361937291563077,0.99999999999998879,1.1213252548714081e-14,0.011751204083986959,build/runs/a1-publication/work/nnn_tfim_expensive/checkpoints/response_j2_0p2_L12_neig160.json,c94bdd86ddd10b0b734b9b407729b0b3cc0c8d95791c029adb6f8290d1afd293
NNN-TFIM,0.20000000000000001,12,117,2.4865570595541334e-33,1.1483128945194049e-33,160,2.1654002767205833,0.78361937291563077,0.99999999999998879,1.1213252548714081e-14,0.011751204083986959,build/runs/a1-publication/work/nnn_tfim_expensive/checkpoints/response_j2_0p2_L12_neig160.json,c94bdd86ddd10b0b734b9b407729b0b3cc0c8d95791c029adb6f8290d1afd293
NNN-TFIM,0.20000000000000001,12,118,2.4210851580960387e-33,1.1180774215853895e-33,160,2.1654002767205833,0.78361937291563077,0.99999999999998879,1.1213252548714081e-14,0.011751204083986959,build/runs/a1-publication/work/nnn_tfim_expensive/checkpoints/response_j2_0p2_L12_neig160.json,c94bdd86ddd10b0b734b9b407729b0b3cc0c8d95791c029adb6f8290d1afd293
NNN-TFIM,0.20000000000000001,12,119,2.2552874173318547e-33,1.0415106350440678e-33,160,2.1654002767205833,0.78361937291563077,0.99999999999998879,1.1213252548714081e-14,0.011751204083986959,build/runs/a1-publication/work/nnn_tfim_expensive/checkpoints/response_j2_0p2_L12_neig160.json,c94bdd86ddd10b0b734b9b407729b0b3cc0c8d95791c029adb6f8290d1afd293
NNN-TFIM,0.20000000000000001,12,120,1.5951647352858622e-33,7.3666044677045983e-34,160,2.1654002767205833,0.78361937291563077,0.99999999999998879,1.1213252548714081e-14,0.011751204083986959,build/runs/a1-publication/work/nnn_tfim_expensive/checkpoints/response_j2_0p2_L12_neig160.json,c94bdd86ddd10b0b734b9b407729b0b3cc0c8d95791c029adb6f8290d1afd293
NNN-TFIM,0.20000000000000001,12,121,1.5719436998876795e-33,7.2593677796528626e-34,160,2.1654002767205833,0.78361937291563077,0.99999999999998879,1.1213252548714081e-14,0.011751204083986959,build/runs/a1-publication/work/nnn_tfim_expensive/checkpoints/response_j2_0p2_L12_neig160.json,c94bdd86ddd10b0b734b9b407729b0b3cc0c8d95791c029adb6f8290d1afd293
NNN-TFIM,0.20000000000000001,12,122,1.2509764830974847e-33,5.7771142663380522e-34,160,2.1654002767205833,0.78361937291563077,0.99999999999998879,1.1213252548714081e-14,0.011751204083986959,build/runs/a1-publication/work/nnn_tfim_expensive/checkpoints/response_j2_0p2_L12_neig160.json,c94bdd86ddd10b0b734b9b407729b0b3cc0c8d95791c029adb6f8290d1afd293
NNN-TFIM,0.20000000000000001,12,123,9.4848792960438749e-34,4.3801967691665602e-34,160,2.1654002767205833,0.78361937291563077,0.99999999999998879,1.1213252548714081e-14,0.011751204083986959,build/runs/a1-publication/work/nnn_tfim_expensive/checkpoints/response_j2_0p2_L12_neig160.json,c94bdd86ddd10b0b734b9b407729b0b3cc0c8d95791c029adb6f8290d1afd293
NNN-TFIM,0.20000000000000001,12,124,9.0718314726428233e-34,4.1894478218049223e-34,160,2.1654002767205833,0.78361937291563077,0.99999999999998879,1.1213252548714081e-14,0.011751204083986959,build/runs/a1-publication/work/nnn_tfim_expensive/checkpoints/response_j2_0p2_L12_neig160.json,c94bdd86ddd10b0b734b9b407729b0b3cc0c8d95791c029adb6f8290d1afd293
NNN-TFIM,0.20000000000000001,12,125,6.9478082621954309e-34,3.2085560978673296e-34,160,2.1654002767205833,0.78361937291563077,0.99999999999998879,1.1213252548714081e-14,0.011751204083986959,build/runs/a1-publication/work/nnn_tfim_expensive/checkpoints/response_j2_0p2_L12_neig160.json,c94bdd86ddd10b0b734b9b407729b0b3cc0c8d95791c029adb6f8290d1afd293
NNN-TFIM,0.20000000000000001,12,126,6.5564354008245734e-34,3.0278168296690375e-34,160,2.1654002767205833,0.78361937291563077,0.99999999999998879,1.1213252548714081e-14,0.011751204083986959,build/runs/a1-publication/work/nnn_tfim_expensive/checkpoints/response_j2_0p2_L12_neig160.json,c94bdd86ddd10b0b734b9b407729b0b3cc0c8d95791c029adb6f8290d1afd293
NNN-TFIM,0.20000000000000001,12,127,6.101111443129135e-34,2.8175444090960575e-34,160,2.1654002767205833,0.78361937291563077,0.99999999999998879,1.1213252548714081e-14,0.011751204083986959,build/runs/a1-publication/work/nnn_tfim_expensive/checkpoints/response_j2_0p2_L12_neig160.json,c94bdd86ddd10b0b734b9b407729b0b3cc0c8d95791c029adb6f8290d1afd293
NNN-TFIM,0.20000000000000001,12,128,4.6595695455723948e-34,2.1518282765850278e-34,160,2.1654002767205833,0.78361937291563077,0.99999999999998879,1.1213252548714081e-14,0.011751204083986959,build/runs/a1-publication/work/nnn_tfim_expensive/checkpoints/response_j2_0p2_L12_neig160.json,c94bdd86ddd10b0b734b9b407729b0b3cc0c8d95791c029adb6f8290d1afd293
NNN-TFIM,0.20000000000000001,12,129,4.3539155951620201e-34,2.0106747200364545e-34,160,2.1654002767205833,0.78361937291563077,0.99999999999998879,1.1213252548714081e-14,0.011751204083986959,build/runs/a1-publication/work/nnn_tfim_expensive/checkpoints/response_j2_0p2_L12_neig160.json,c94bdd86ddd10b0b734b9b407729b0b3cc0c8d95791c029adb6f8290d1afd293
NNN-TFIM,0.20000000000000001,12,130,2.8102883812560608e-34,1.2978147326701814e-34,160,2.1654002767205833,0.78361937291563077,0.99999999999998879,1.1213252548714081e-14,0.011751204083986959,build/runs/a1-publication/work/nnn_tfim_expensive/checkpoints/response_j2_0p2_L12_neig160.json,c94bdd86ddd10b0b734b9b407729b0b3cc0c8d95791c029adb6f8290d1afd293
NNN-TFIM,0.20000000000000001,12,131,2.5491880890879563e-34,1.1772364289842085e-34,160,2.1654002767205833,0.78361937291563077,0.99999999999998879,1.1213252548714081e-14,0.011751204083986959,build/runs/a1-publication/work/nnn_tfim_expensive/checkpoints/response_j2_0p2_L12_neig160.json,c94bdd86ddd10b0b734b9b407729b0b3cc0c8d95791c029adb6f8290d1afd293
NNN-TFIM,0.20000000000000001,12,132,2.1850051180131434e-34,1.0090536800532097e-34,160,2.1654002767205833,0.78361937291563077,0.99999999999998879,1.1213252548714081e-14,0.011751204083986959,build/runs/a1-publication/work/nnn_tfim_expensive/checkpoints/response_j2_0p2_L12_neig160.json,c94bdd86ddd10b0b734b9b407729b0b3cc0c8d95791c029adb6f8290d1afd293
NNN-TFIM,0.20000000000000001,12,133,1.8183574124462005e-34,8.3973269607226328e-35,160,2.1654002767205833,0.78361937291563077,0.99999999999998879,1.1213252548714081e-14,0.011751204083986959,build/runs/a1-publication/work/nnn_tfim_expensive/checkpoints/response_j2_0p2_L12_neig160.json,c94bdd86ddd10b0b734b9b407729b0b3cc0c8d95791c029adb6f8290d1afd293
NNN-TFIM,0.20000000000000001,12,134,1.7365913481393162e-34,8.019724421432688e-35,160,2.1654002767205833,0.78361937291563077,0.99999999999998879,1.1213252548714081e-14,0.011751204083986959,build/runs/a1-publication/work/nnn_tfim_expensive/checkpoints/response_j2_0p2_L12_neig160.json,c94bdd86ddd10b0b734b9b407729b0b3cc0c8d95791c029adb6f8290d1afd293
NNN-TFIM,0.20000000000000001,12,135,1.6675104565227847e-34,7.7007030730048954e-35,160,2.1654002767205833,0.78361937291563077,0.99999999999998879,1.1213252548714081e-14,0.011751204083986959,build/runs/a1-publication/work/nnn_tfim_expensive/checkpoints/response_j2_0p2_L12_neig160.json,c94bdd86ddd10b0b734b9b407729b0b3cc0c8d95791c029adb6f8290d1afd293
NNN-TFIM,0.20000000000000001,12,136,1.6554168117407523e-34,7.6448536076102213e-35,160,2.1654002767205833,0.78361937291563077,0.99999999999998879,1.1213252548714081e-14,0.011751204083986959,build/runs/a1-publication/work/nnn_tfim_expensive/checkpoints/response_j2_0p2_L12_neig160.json,c94bdd86ddd10b0b734b9b407729b0b3cc0c8d95791c029adb6f8290d1afd293
NNN-TFIM,0.20000000000000001,12,137,1.6421678365974516e-34,7.5836687297576805e-35,160,2.1654002767205833,0.78361937291563077,0.99999999999998879,1.1213252548714081e-14,0.011751204083986959,build/runs/a1-publication/work/nnn_tfim_expensive/checkpoints/response_j2_0p2_L12_neig160.json,c94bdd86ddd10b0b734b9b407729b0b3cc0c8d95791c029adb6f8290d1afd293
NNN-TFIM,0.20000000000000001,12,138,1.3252617106092122e-34,6.1201696742011635e-35,160,2.1654002767205833,0.78361937291563077,0.99999999999998879,1.1213252548714081e-14,0.011751204083986959,build/runs/a1-publication/work/nnn_tfim_expensive/checkpoints/response_j2_0p2_L12_neig160.json,c94bdd86ddd10b0b734b9b407729b0b3cc0c8d95791c029adb6f8290d1afd293
NNN-TFIM,0.20000000000000001,12,139,1.2257491167830857e-34,5.6606121739276591e-35,160,2.1654002767205833,0.78361937291563077,0.99999999999998879,1.1213252548714081e-14,0.011751204083986959,build/runs/a1-publication/work/nnn_tfim_expensive/checkpoints/response_j2_0p2_L12_neig160.json,c94bdd86ddd10b0b734b9b407729b0b3cc0c8d95791c029adb6f8290d1afd293
NNN-TFIM,0.20000000000000001,12,140,1.0702647004357326e-34,4.9425721052211559e-35,160,2.1654002767205833,0.78361937291563077,0.99999999999998879,1.1213252548714081e-14,0.011751204083986959,build/runs/a1-publication/work/nnn_tfim_expensive/checkpoints/response_j2_0p2_L12_neig160.json,c94bdd86ddd10b0b734b9b407729b0b3cc0c8d95791c029adb6f8290d1afd293
NNN-TFIM,0.20000000000000001,12,141,1.0648201607347029e-34,4.9174287644745878e-35,160,2.1654002767205833,0.78361937291563077,0.99999999999998879,1.1213252548714081e-14,0.011751204083986959,build/runs/a1-publication/work/nnn_tfim_expensive/checkpoints/response_j2_0p2_L12_neig160.json,c94bdd86ddd10b0b734b9b407729b0b3cc0c8d95791c029adb6f8290d1afd293
NNN-TFIM,0.20000000000000001,12,142,9.6171278826338085e-35,4.4412702750729227e-35,160,2.1654002767205833,0.78361937291563077,0.99999999999998879,1.1213252548714081e-14,0.011751204083986959,build/runs/a1-publication/work/nnn_tfim_expensive/checkpoints/response_j2_0p2_L12_neig160.json,c94bdd86ddd10b0b734b9b407729b0b3cc0c8d95791c029adb6f8290d1afd293
NNN-TFIM,0.20000000000000001,12,143,9.3192598170856524e-35,4.3037123054215723e-35,160,2.1654002767205833,0.78361937291563077,0.99999999999998879,1.1213252548714081e-14,0.011751204083986959,build/runs/a1-publication/work/nnn_tfim_expensive/checkpoints/response_j2_0p2_L12_neig160.json,c94bdd86ddd10b0b734b9b407729b0b3cc0c8d95791c029adb6f8290d1afd293
NNN-TFIM,0.20000000000000001,12,144,8.2369329868792777e-35,3.803884702256435e-35,160,2.1654002767205833,0.78361937291563077,0.99999999999998879,1.1213252548714081e-14,0.011751204083986959,build/runs/a1-publication/work/nnn_tfim_expensive/checkpoints/response_j2_0p2_L12_neig160.json,c94bdd86ddd10b0b734b9b407729b0b3cc0c8d95791c029adb6f8290d1afd293
NNN-TFIM,0.20000000000000001,12,145,5.6444005859352666e-35,2.6066315067085413e-35,160,2.1654002767205833,0.78361937291563077,0.99999999999998879,1.1213252548714081e-14,0.011751204083986959,build/runs/a1-publication/work/nnn_tfim_expensive/checkpoints/response_j2_0p2_L12_neig160.json,c94bdd86ddd10b0b734b9b407729b0b3cc0c8d95791c029adb6f8290d1afd293
NNN-TFIM,0.20000000000000001,12,146,5.1905867196275907e-35,2.3970564589972888e-35,160,2.1654002767205833,0.78361937291563077,0.99999999999998879,1.1213252548714081e-14,0.011751204083986959,build/runs/a1-publication/work/nnn_tfim_expensive/checkpoints/response_j2_0p2_L12_neig160.json,c94bdd86ddd10b0b734b9b407729b0b3cc0c8d95791c029adb6f8290d1afd293
NNN-TFIM,0.20000000000000001,12,147,4.1209991558142304e-35,1.9031119558437146e-35,160,2.1654002767205833,0.78361937291563077,0.99999999999998879,1.1213252548714081e-14,0.011751204083986959,build/runs/a1-publication/work/nnn_tfim_expensive/checkpoints/response_j2_0p2_L12_neig160.json,c94bdd86ddd10b0b734b9b407729b0b3cc0c8d95791c029adb6f8290d1afd293
NNN-TFIM,0.20000000000000001,12,148,3.7695920538145836e-35,1.7408292103497317e-35,160,2.1654002767205833,0.78361937291563077,0.99999999999998879,1.1213252548714081e-14,0.011751204083986959,build/runs/a1-publication/work/nnn_tfim_expensive/checkpoints/response_j2_0p2_L12_neig160.json,c94bdd86ddd10b0b734b9b407729b0b3cc0c8d95791c029adb6f8290d1afd293
NNN-TFIM,0.20000000000000001,12,149,2.8624107312607962e-35,1.3218852708358422e-35,160,2.1654002767205833,0.78361937291563077,0.99999999999998879,1.1213252548714081e-14,0.011751204083986959,build/runs/a1-publication/work/nnn_tfim_expensive/checkpoints/response_j2_0p2_L12_neig160.json,c94bdd86ddd10b0b734b9b407729b0b3cc0c8d95791c029adb6f8290d1afd293
NNN-TFIM,0.20000000000000001,12,150,2.4452407730602068e-35,1.1292326870685688e-35,160,2.1654002767205833,0.78361937291563077,0.99999999999998879,1.1213252548714081e-14,0.011751204083986959,build/runs/a1-publication/work/nnn_tfim_expensive/checkpoints/response_j2_0p2_L12_neig160.json,c94bdd86ddd10b0b734b9b407729b0b3cc0c8d95791c029adb6f8290d1afd293
NNN-TFIM,0.20000000000000001,12,151,2.3439051070786761e-35,1.0824350270373252e-35,160,2.1654002767205833,0.78361937291563077,0.99999999999998879,1.1213252548714081e-14,0.011751204083986959,build/runs/a1-publication/work/nnn_tfim_expensive/checkpoints/response_j2_0p2_L12_neig160.json,c94bdd86ddd10b0b734b9b407729b0b3cc0c8d95791c029adb6f8290d1afd293
NNN-TFIM,0.20000000000000001,12,152,1.2465295177669127e-35,5.7565778076593509e-36,160,2.1654002767205833,0.78361937291563077,0.99999999999998879,1.1213252548714081e-14,0.011751204083986959,build/runs/a1-publication/work/nnn_tfim_expensive/checkpoints/response_j2_0p2_L12_neig160.json,c94bdd86ddd10b0b734b9b407729b0b3cc0c8d95791c029adb6f8290d1afd293
NNN-TFIM,0.20000000000000001,12,153,9.0244918409058576e-36,4.1675859830280933e-36,160,2.1654002767205833,0.78361937291563077,0.99999999999998879,1.1213252548714081e-14,0.011751204083986959,build/runs/a1-publication/work/nnn_tfim_expensive/checkpoints/response_j2_0p2_L12_neig160.json,c94bdd86ddd10b0b734b9b407729b0b3cc0c8d95791c029adb6f8290d1afd293
NNN-TFIM,0.20000000000000001,12,154,2.4964980180934078e-36,1.1529037125063361e-36,160,2.1654002767205833,0.78361937291563077,0.99999999999998879,1.1213252548714081e-14,0.011751204083986959,build/runs/a1-publication/work/nnn_tfim_expensive/checkpoints/response_j2_0p2_L12_neig160.json,c94bdd86ddd10b0b734b9b407729b0b3cc0c8d95791c029adb6f8290d1afd293
NNN-TFIM,0.20000000000000001,12,155,1.8585294239615969e-36,8.5828446774573666e-37,160,2.1654002767205833,0.78361937291563077,0.99999999999998879,1.1213252548714081e-14,0.011751204083986959,build/runs/a1-publication/work/nnn_tfim_expensive/checkpoints/response_j2_0p2_L12_neig160.json,c94bdd86ddd10b0b734b9b407729b0b3cc0c8d95791c029adb6f8290d1afd293
NNN-TFIM,0.20000000000000001,12,156,1.837850692606899e-36,8.4873485625957991e-37,160,2.1654002767205833,0.78361937291563077,0.99999999999998879,1.1213252548714081e-14,0.011751204083986959,build/runs/a1-publication/work/nnn_tfim_expensive/checkpoints/response_j2_0p2_L12_neig160.json,c94bdd86ddd10b0b734b9b407729b0b3cc0c8d95791c029adb6f8290d1afd293
NNN-TFIM,0.20000000000000001,12,157,1.1415455901704278e-36,5.2717532293810146e-37,160,2.1654002767205833,0.78361937291563077,0.99999999999998879,1.1213252548714081e-14,0.011751204083986959,build/runs/a1-publication/work/nnn_tfim_expensive/checkpoints/response_j2_0p2_L12_neig160.json,c94bdd86ddd10b0b734b9b407729b0b3cc0c8d95791c029adb6f8290d1afd293
NNN-TFIM,0.20000000000000001,12,158,0,0,160,2.1654002767205833,0.78361937291563077,0.99999999999998879,1.1213252548714081e-14,0.011751204083986959,build/runs/a1-publication/work/nnn_tfim_expensive/checkpoints/response_j2_0p2_L12_neig160.json,c94bdd86ddd10b0b734b9b407729b0b3cc0c8d95791c029adb6f8290d1afd293
NNN-TFIM,0.20000000000000001,12,159,0,0,160,2.1654002767205833,0.78361937291563077,0.99999999999998879,1.1213252548714081e-14,0.011751204083986959,build/runs/a1-publication/work/nnn_tfim_expensive/checkpoints/response_j2_0p2_L12_neig160.json,c94bdd86ddd10b0b734b9b407729b0b3cc0c8d95791c029adb6f8290d1afd293
NNN-TFIM,0.20000000000000001,14,1,2.5822577173925598,0.86852541313812293,160,2.9731515950263847,0.76442635297620898,0.9999999990415307,9.5846930392440299e-10,0.010262308460559992,build/runs/a1-publication/work/nnn_tfim_expensive/checkpoints/response_j2_0p2_L14_neig160.json,0d0b69232bf1b41c06b865a42b8f05499a3d4ff783802d25a29cd3f86c4dce44
NNN-TFIM,0.20000000000000001,14,2,0.28766558939159825,0.096754430508292133,160,2.9731515950263847,0.76442635297620898,0.9999999990415307,9.5846930392440299e-10,0.010262308460559992,build/runs/a1-publication/work/nnn_tfim_expensive/checkpoints/response_j2_0p2_L14_neig160.json,0d0b69232bf1b41c06b865a42b8f05499a3d4ff783802d25a29cd3f86c4dce44
NNN-TFIM,0.20000000000000001,14,3,0.077644685114908282,0.026115279572288087,160,2.9731515950263847,0.76442635297620898,0.9999999990415307,9.5846930392440299e-10,0.010262308460559992,build/runs/a1-publication/work/nnn_tfim_expensive/checkpoints/response_j2_0p2_L14_neig160.json,0d0b69232bf1b41c06b865a42b8f05499a3d4ff783802d25a29cd3f86c4dce44
NNN-TFIM,0.20000000000000001,14,4,0.019996383142998102,0.0067256520577184519,160,2.9731515950263847,0.76442635297620898,0.9999999990415307,9.5846930392440299e-10,0.010262308460559992,build/runs/a1-publication/work/nnn_tfim_expensive/checkpoints/response_j2_0p2_L14_neig160.json,0d0b69232bf1b41c06b865a42b8f05499a3d4ff783802d25a29cd3f86c4dce44
NNN-TFIM,0.20000000000000001,14,5,0.0031912865572115718,0.0010733682609894808,160,2.9731515950263847,0.76442635297620898,0.9999999990415307,9.5846930392440299e-10,0.010262308460559992,build/runs/a1-publication/work/nnn_tfim_expensive/checkpoints/response_j2_0p2_L14_neig160.json,0d0b69232bf1b41c06b865a42b8f05499a3d4ff783802d25a29cd3f86c4dce44
NNN-TFIM,0.20000000000000001,14,6,0.00098099936988889727,0.00032995269112074711,160,2.9731515950263847,0.76442635297620898,0.9999999990415307,9.5846930392440299e-10,0.010262308460559992,build/runs/a1-publication/work/nnn_tfim_expensive/checkpoints/response_j2_0p2_L14_neig160.json,0d0b69232bf1b41c06b865a42b8f05499a3d4ff783802d25a29cd3f86c4dce44
NNN-TFIM,0.20000000000000001,14,7,0.00045272279673744075,0.00015227033747447483,160,2.9731515950263847,0.76442635297620898,0.9999999990415307,9.5846930392440299e-10,0.010262308460559992,build/runs/a1-publication/work/nnn_tfim_expensive/checkpoints/response_j2_0p2_L14_neig160.json,0d0b69232bf1b41c06b865a42b8f05499a3d4ff783802d25a29cd3f86c4dce44
NNN-TFIM,0.20000000000000001,14,8,0.00024124489498903777,8.1141135013970545e-05,160,2.9731515950263847,0.76442635297620898,0.9999999990415307,9.5846930392440299e-10,0.010262308460559992,build/runs/a1-publication/work/nnn_tfim_expensive/checkpoints/response_j2_0p2_L14_neig160.json,0d0b69232bf1b41c06b865a42b8f05499a3d4ff783802d25a29cd3f86c4dce44
NNN-TFIM,0.20000000000000001,14,9,0.00011868941321667336,3.9920404131165765e-05,160,2.9731515950263847,0.76442635297620898,0.9999999990415307,9.5846930392440299e-10,0.010262308460559992,build/runs/a1-publication/work/nnn_tfim_expensive/checkpoints/response_j2_0p2_L14_neig160.json,0d0b69232bf1b41c06b865a42b8f05499a3d4ff783802d25a29cd3f86c4dce44
NNN-TFIM,0.20000000000000001,14,10,0.00011760794914387127,3.9556660797455097e-05,160,2.9731515950263847,0.76442635297620898,0.9999999990415307,9.5846930392440299e-10,0.010262308460559992,build/runs/a1-publication/work/nnn_tfim_expensive/checkpoints/response_j2_0p2_L14_neig160.json,0d0b69232bf1b41c06b865a42b8f05499a3d4ff783802d25a29cd3f86c4dce44
NNN-TFIM,0.20000000000000001,14,11,0.0001098122667836007,3.6934634267320701e-05,160,2.9731515950263847,0.76442635297620898,0.9999999990415307,9.5846930392440299e-10,0.010262308460559992,build/runs/a1-publication/work/nnn_tfim_expensive/checkpoints/response_j2_0p2_L14_neig160.json,0d0b69232bf1b41c06b865a42b8f05499a3d4ff783802d25a29cd3f86c4dce44
NNN-TFIM,0.20000000000000001,14,12,0.00010535543632729951,3.5435608632786363e-05,160,2.9731515950263847,0.76442635297620898,0.9999999990415307,9.5846930392440299e-10,0.010262308460559992,build/runs/a1-publication/work/nnn_tfim_expensive/checkpoints/response_j2_0p2_L14_neig160.json,0d0b69232bf1b41c06b865a42b8f05499a3d4ff783802d25a29cd3f86c4dce44
NNN-TFIM,0.20000000000000001,14,13,8.2583685019073941e-05,2.7776479731885676e-05,160,2.9731515950263847,0.76442635297620898,0.9999999990415307,9.5846930392440299e-10,0.010262308460559992,build/runs/a1-publication/work/nnn_tfim_expensive/checkpoints/response_j2_0p2_L14_neig160.json,0d0b69232bf1b41c06b865a42b8f05499a3d4ff783802d25a29cd3f86c4dce44
NNN-TFIM,0.20000000000000001,14,14,3.430760142489797e-05,1.1539136276229304e-05,160,2.9731515950263847,0.76442635297620898,0.9999999990415307,9.5846930392440299e-10,0.010262308460559992,build/runs/a1-publication/work/nnn_tfim_expensive/checkpoints/response_j2_0p2_L14_neig160.json,0d0b69232bf1b41c06b865a42b8f05499a3d4ff783802d25a29cd3f86c4dce44
NNN-TFIM,0.20000000000000001,14,15,2.2657315770762206e-05,7.6206392599234876e-06,160,2.9731515950263847,0.76442635297620898,0.9999999990415307,9.5846930392440299e-10,0.010262308460559992,build/runs/a1-publication/work/nnn_tfim_expensive/checkpoints/response_j2_0p2_L14_neig160.json,0d0b69232bf1b41c06b865a42b8f05499a3d4ff783802d25a29cd3f86c4dce44
NNN-TFIM,0.20000000000000001,14,16,2.2305558346867257e-05,7.5023279620793472e-06,160,2.9731515950263847,0.76442635297620898,0.9999999990415307,9.5846930392440299e-10,0.010262308460559992,build/runs/a1-publication/work/nnn_tfim_expensive/checkpoints/response_j2_0p2_L14_neig160.json,0d0b69232bf1b41c06b865a42b8f05499a3d4ff783802d25a29cd3f86c4dce44
NNN-TFIM,0.20000000000000001,14,17,1.656542904049397e-05,5.5716731929193684e-06,160,2.9731515950263847,0.76442635297620898,0.9999999990415307,9.5846930392440299e-10,0.010262308460559992,build/runs/a1-publication/work/nnn_tfim_expensive/checkpoints/response_j2_0p2_L14_neig160.json,0d0b69232bf1b41c06b865a42b8f05499a3d4ff783802d25a29cd3f86c4dce44
NNN-TFIM,0.20000000000000001,14,18,1.274157548876505e-05,4.2855451804340221e-06,160,2.9731515950263847,0.76442635297620898,0.9999999990415307,9.5846930392440299e-10,0.010262308460559992,build/runs/a1-publication/work/nnn_tfim_expensive/checkpoints/response_j2_0p2_L14_neig160.json,0d0b69232bf1b41c06b865a42b8f05499a3d4ff783802d25a29cd3f86c4dce44
NNN-TFIM,0.20000000000000001,14,19,1.2136653169912149e-05,4.0820835339223407e-06,160,2.9731515950263847,0.76442635297620898,0.9999999990415307,9.5846930392440299e-10,0.010262308460559992,build/runs/a1-publication/work/nnn_tfim_expensive/checkpoints/response_j2_0p2_L14_neig160.json,0d0b69232bf1b41c06b865a42b8f05499a3d4ff783802d25a29cd3f86c4dce44
NNN-TFIM,0.20000000000000001,14,20,8.833205399671738e-06,2.9709905860327814e-06,160,2.9731515950263847,0.76442635297620898,0.9999999990415307,9.5846930392440299e-10,0.010262308460559992,build/runs/a1-publication/work/nnn_tfim_expensive/checkpoints/response_j2_0p2_L14_neig160.json,0d0b69232bf1b41c06b865a42b8f05499a3d4ff783802d25a29cd3f86c4dce44
NNN-TFIM,0.20000000000000001,14,21,8.6225688172223327e-06,2.9001443557895046e-06,160,2.9731515950263847,0.76442635297620898,0.9999999990415307,9.5846930392440299e-10,0.010262308460559992,build/runs/a1-publication/work/nnn_tfim_expensive/checkpoints/response_j2_0p2_L14_neig160.json,0d0b69232bf1b41c06b865a42b8f05499a3d4ff783802d25a29cd3f86c4dce44
NNN-TFIM,0.20000000000000001,14,22,8.3484749791721812e-06,2.8079546946539381e-06,160,2.9731515950263847,0.76442635297620898,0.9999999990415307,9.5846930392440299e-10,0.010262308460559992,build/runs/a1-publication/work/nnn_tfim_expensive/checkpoints/response_j2_0p2_L14_neig160.json,0d0b69232bf1b41c06b865a42b8f05499a3d4ff783802d25a29cd3f86c4dce44
NNN-TFIM,0.20000000000000001,14,23,6.9450191260850164e-06,2.3359115417131579e-06,160,2.9731515950263847,0.76442635297620898,0.9999999990415307,9.5846930392440299e-10,0.010262308460559992,build/runs/a1-publication/work/nnn_tfim_expensive/checkpoints/response_j2_0p2_L14_neig160.json,0d0b69232bf1b41c06b865a42b8f05499a3d4ff783802d25a29cd3f86c4dce44
NNN-TFIM,0.20000000000000001,14,24,5.7151065974851473e-06,1.9222385454699393e-06,160,2.9731515950263847,0.76442635297620898,0.9999999990415307,9.5846930392440299e-10,0.010262308460559992,build/runs/a1-publication/work/nnn_tfim_expensive/checkpoints/response_j2_0p2_L14_neig160.json,0d0b69232bf1b41c06b865a42b8f05499a3d4ff783802d25a29cd3f86c4dce44
NNN-TFIM,0.20000000000000001,14,25,4.6071868578515601e-06,1.5495970220821096e-06,160,2.9731515950263847,0.76442635297620898,0.9999999990415307,9.5846930392440299e-10,0.010262308460559992,build/runs/a1-publication/work/nnn_tfim_expensive/checkpoints/response_j2_0p2_L14_neig160.json,0d0b69232bf1b41c06b865a42b8f05499a3d4ff783802d25a29cd3f86c4dce44
NNN-TFIM,0.20000000000000001,14,26,3.3712513001611685e-06,1.133898219586496e-06,160,2.9731515950263847,0.76442635297620898,0.9999999990415307,9.5846930392440299e-10,0.010262308460559992,build/runs/a1-publication/work/nnn_tfim_expensive/checkpoints/response_j2_0p2_L14_neig160.json,0d0b69232bf1b41c06b865a42b8f05499a3d4ff783802d25a29cd3f86c4dce44
NNN-TFIM,0.20000000000000001,14,27,3.2607338286086926e-06,1.0967263943296358e-06,160,2.9731515950263847,0.76442635297620898,0.9999999990415307,9.5846930392440299e-10,0.010262308460559992,build/runs/a1-publication/work/nnn_tfim_expensive/checkpoints/response_j2_0p2_L14_neig160.json,0d0b69232bf1b41c06b865a42b8f05499a3d4ff783802d25a29cd3f86c4dce44
NNN-TFIM,0.20000000000000001,14,28,2.8558182020813147e-06,9.6053568437568051e-07,160,2.9731515950263847,0.76442635297620898,0.9999999990415307,9.5846930392440299e-10,0.010262308460559992,build/runs/a1-publication/work/nnn_tfim_expensive/checkpoints/response_j2_0p2_L14_neig160.json,0d0b69232bf1b41c06b865a42b8f05499a3d4ff783802d25a29cd3f86c4dce44
NNN-TFIM,0.20000000000000001,14,29,2.3256613339881531e-06,7.8222090588270672e-07,160,2.9731515950263847,0.76442635297620898,0.9999999990415307,9.5846930392440299e-10,0.010262308460559992,build/runs/a1-publication/work/nnn_tfim_expensive/checkpoints/response_j2_0p2_L14_neig160.json,0d0b69232bf1b41c06b865a42b8f05499a3d4ff783802d25a29cd3f86c4dce44
NNN-TFIM,0.20000000000000001,14,30,1.8242070073842253e-06,6.1356003859198998e-07,160,2.9731515950263847,0.76442635297620898,0.9999999990415307,9.5846930392440299e-10,0.010262308460559992,build/runs/a1-publication/work/nnn_tfim_expensive/checkpoints/response_j2_0p2_L14_neig160.json,0d0b69232bf1b41c06b865a42b8f05499a3d4ff783802d25a29cd3f86c4dce44
NNN-TFIM,0.20000000000000001,14,31,1.4116375907139958e-06,4.7479502662274053e-07,160,2.9731515950263847,0.76442635297620898,0.9999999990415307,9.5846930392440299e-10,0.010262308460559992,build/runs/a1-publication/work/nnn_tfim_expensive/checkpoints/response_j2_0p2_L14_neig160.json,0d0b69232bf1b41c06b865a42b8f05499a3d4ff783802d25a29cd3f86c4dce44
NNN-TFIM,0.20000000000000001,14,32,1.3902825349982669e-06,4.6761239397412197e-07,160,2.9731515950263847,0.76442635297620898,0.9999999990415307,9.5846930392440299e-10,0.010262308460559992,build/runs/a1-publication/work/nnn_tfim_expensive/checkpoints/response_j2_0p2_L14_neig160.json,0d0b69232bf1b41c06b865a42b8f05499a3d4ff783802d25a29cd3f86c4dce44
NNN-TFIM,0.20000000000000001,14,33,1.3690735308482794e-06,4.6047888480981737e-07,160,2.9731515950263847,0.76442635297620898,0.9999999990415307,9.5846930392440299e-10,0.010262308460559992,build/runs/a1-publication/work/nnn_tfim_expensive/checkpoints/response_j2_0p2_L14_neig160.json,0d0b69232bf1b41c06b865a42b8f05499a3d4ff783802d25a29cd3f86c4dce44
NNN-TFIM,0.20000000000000001,14,34,8.6056781262842707e-07,2.8944632828948977e-07,160,2.9731515950263847,0.76442635297620898,0.9999999990415307,9.5846930392440299e-10,0.010262308460559992,build/runs/a1-publication/work/nnn_tfim_expensive/checkpoints/response_j2_0p2_L14_neig160.json,0d0b69232bf1b41c06b865a42b8f05499a3d4ff783802d25a29cd3f86c4dce44
NNN-TFIM,0.20000000000000001,14,35,8.0187337211971802e-07,2.6970483895309144e-07,160,2.9731515950263847,0.76442635297620898,0.9999999990415307,9.5846930392440299e-10,0.010262308460559992,build/runs/a1-publication/work/nnn_tfim_expensive/checkpoints/response_j2_0p2_L14_neig160.json,0d0b69232bf1b41c06b865a42b8f05499a3d4ff783802d25a29cd3f86c4dce44
NNN-TFIM,0.20000000000000001,14,36,7.1772393247184576e-07,2.4140172794165123e-07,160,2.9731515950263847,0.76442635297620898,0.9999999990415307,9.5846930392440299e-10,0.010262308460559992,build/runs/a1-publication/work/nnn_tfim_expensive/checkpoints/response_j2_0p2_L14_neig160.json,0d0b69232bf1b41c06b865a42b8f05499a3d4ff783802d25a29cd3f86c4dce44
NNN-TFIM,0.20000000000000001,14,37,7.1215947971383544e-07,2.3953016082502028e-07,160,2.9731515950263847,0.76442635297620898,0.9999999990415307,9.5846930392440299e-10,0.010262308460559992,build/runs/a1-publication/work/nnn_tfim_expensive/checkpoints/response_j2_0p2_L14_neig160.json,0d0b69232bf1b41c06b865a42b8f05499a3d4ff783802d25a29cd3f86c4dce44
NNN-TFIM,0.20000000000000001,14,38,5.0601874881251068e-07,1.7019608070405844e-07,160,2.9731515950263847,0.76442635297620898,0.9999999990415307,9.5846930392440299e-10,0.010262308460559992,build/runs/a1-publication/work/nnn_tfim_expensive/checkpoints/response_j2_0p2_L14_neig160.json,0d0b69232bf1b41c06b865a42b8f05499a3d4ff783802d25a29cd3f86c4dce44
NNN-TFIM,0.20000000000000001,14,39,2.7148001284555825e-07,9.1310518205563966e-08,160,2.9731515950263847,0.76442635297620898,0.9999999990415307,9.5846930392440299e-10,0.010262308460559992,build/runs/a1-publication/work/nnn_tfim_expensive/checkpoints/response_j2_0p2_L14_neig160.json,0d0b69232bf1b41c06b865a42b8f05499a3d4ff783802d25a29cd3f86c4dce44
NNN-TFIM,0.20000000000000001,14,40,2.6217077097951177e-07,8.8179415882487214e-08,160,2.9731515950263847,0.76442635297620898,0.9999999990415307,9.5846930392440299e-10,0.010262308460559992,build/runs/a1-publication/work/nnn_tfim_expensive/checkpoints/response_j2_0p2_L14_neig160.json,0d0b69232bf1b41c06b865a42b8f05499a3d4ff783802d25a29cd3f86c4dce44
NNN-TFIM,0.20000000000000001,14,41,1.904738218827937e-07,6.4064618232526878e-08,160,2.9731515950263847,0.76442635297620898,0.9999999990415307,9.5846930392440299e-10,0.010262308460559992,build/runs/a1-publication/work/nnn_tfim_expensive/checkpoints/response_j2_0p2_L14_neig160.json,0d0b69232bf1b41c06b865a42b8f05499a3d4ff783802d25a29cd3f86c4dce44
NNN-TFIM,0.20000000000000001,14,42,1.5173657914208418e-07,5.103560121048507e-08,160,2.9731515950263847,0.76442635297620898,0.9999999990415307,9.5846930392440299e-10,0.010262308460559992,build/runs/a1-publication/work/nnn_tfim_expensive/checkpoints/response_j2_0p2_L14_neig160.json,0d0b69232bf1b41c06b865a42b8f05499a3d4ff783802d25a29cd3f86c4dce44
NNN-TFIM,0.20000000000000001,14,43,1.2753104097982256e-07,4.2894227523804013e-08,160,2.9731515950263847,0.76442635297620898,0.9999999990415307,9.5846930392440299e-10,0.010262308460559992,build/runs/a1-publication/work/nnn_tfim_expensive/checkpoints/response_j2_0p2_L14_neig160.json,0d0b69232bf1b41c06b865a42b8f05499a3d4ff783802d25a29cd3f86c4dce44
NNN-TFIM,0.20000000000000001,14,44,1.1577428742432486e-07,3.8939920728561921e-08,160,2.9731515950263847,0.76442635297620898,0.9999999990415307,9.5846930392440299e-10,0.010262308460559992,build/runs/a1-publication/work/nnn_tfim_expensive/checkpoints/response_j2_0p2_L14_neig160.json,0d0b69232bf1b41c06b865a42b8f05499a3d4ff783802d25a29cd3f86c4dce44
NNN-TFIM,0.20000000000000001,14,45,1.052789960550667e-07,3.5409898449571794e-08,160,2.9731515950263847,0.76442635297620898,0.9999999990415307,9.5846930392440299e-10,0.010262308460559992,build/runs/a1-publication/work/nnn_tfim_expensive/checkpoints/response_j2_0p2_L14_neig160.json,0d0b69232bf1b41c06b865a42b8f05499a3d4ff783802d25a29cd3f86c4dce44
NNN-TFIM,0.20000000000000001,14,46,1.0347534215262877e-07,3.4803251312757395e-08,160,2.9731515950263847,0.76442635297620898,0.9999999990415307,9.5846930392440299e-10,0.010262308460559992,build/runs/a1-publication/work/nnn_tfim_expensive/checkpoints/response_j2_0p2_L14_neig160.json,0d0b69232bf1b41c06b865a42b8f05499a3d4ff783802d25a29cd3f86c4dce44
NNN-TFIM,0.20000000000000001,14,47,8.0563716757427563e-08,2.7097076681928361e-08,160,2.9731515950263847,0.76442635297620898,0.9999999990415307,9.5846930392440299e-10,0.010262308460559992,build/runs/a1-publication/work/nnn_tfim_expensive/checkpoints/response_j2_0p2_L14_neig160.json,0d0b69232bf1b41c06b865a42b8f05499a3d4ff783802d25a29cd3f86c4dce44
NNN-TFIM,0.20000000000000001,14,48,5.3734435659719552e-08,1.8073224301649742e-08,160,2.9731515950263847,0.76442635297620898,0.9999999990415307,9.5846930392440299e-10,0.010262308460559992,build/runs/a1-publication/work/nnn_tfim_expensive/checkpoints/response_j2_0p2_L14_neig160.json,0d0b69232bf1b41c06b865a42b8f05499a3d4ff783802d25a29cd3f86c4dce44
NNN-TFIM,0.20000000000000001,14,49,4.5601554299323481e-08,1.5337783103830869e-08,160,2.9731515950263847,0.76442635297620898,0.9999999990415307,9.5846930392440299e-10,0.010262308460559992,build/runs/a1-publication/work/nnn_tfim_expensive/checkpoints/response_j2_0p2_L14_neig160.json,0d0b69232bf1b41c06b865a42b8f05499a3d4ff783802d25a29cd3f86c4dce44
NNN-TFIM,0.20000000000000001,14,50,3.9462972066687074e-08,1.3273111311479181e-08,160,2.9731515950263847,0.76442635297620898,0.9999999990415307,9.5846930392440299e-10,0.010262308460559992,build/runs/a1-publication/work/nnn_tfim_expensive/checkpoints/response_j2_0p2_L14_neig160.json,0d0b69232bf1b41c06b865a42b8f05499a3d4ff783802d25a29cd3f86c4dce44
NNN-TFIM,0.20000000000000001,14,51,2.5242458523274574e-08,8.4901350356642563e-09,160,2.9731515950263847,0.76442635297620898,0.9999999990415307,9.5846930392440299e-10,0.010262308460559992,build/runs/a1-publication/work/nnn_tfim_expensive/checkpoints/response_j2_0p2_L14_neig160.json,0d0b69232bf1b41c06b865a42b8f05499a3d4ff783802d25a29cd3f86c4dce44
NNN-TFIM,0.20000000000000001,14,52,2.1195750272520231e-08,7.1290513097204288e-09,160,2.9731515950263847,0.76442635297620898,0.9999999990415307,9.5846930392440299e-10,0.010262308460559992,build/runs/a1-publication/work/nnn_tfim_expensive/checkpoints/response_j2_0p2_L14_neig160.json,0d0b69232bf1b41c06b865a42b8f05499a3d4ff783802d25a29cd3f86c4dce44
NNN-TFIM,0.20000000000000001,14,53,1.5760623972356012e-08,5.3009822972770909e-09,160,2.9731515950263847,0.76442635297620898,0.9999999990415307,9.5846930392440299e-10,0.010262308460559992,build/runs/a1-publication/work/nnn_tfim_expensive/checkpoints/response_j2_0p2_L14_neig160.json,0d0b69232bf1b41c06b865a42b8f05499a3d4ff783802d25a29cd3f86c4dce44
NNN-TFIM,0.20000000000000001,14,54,1.5546037023328215e-08,5.22880738719623e-09,160,2.9731515950263847,0.76442635297620898,0.9999999990415307,9.5846930392440299e-10,0.010262308460559992,build/runs/a1-publication/work/nnn_tfim_expensive/checkpoints/response_j2_0p2_L14_neig160.json,0d0b69232bf1b41c06b865a42b8f05499a3d4ff783802d25a29cd3f86c4dce44
NNN-TFIM,0.20000000000000001,14,55,1.1446038725086563e-08,3.8497999039921098e-09,160,2.9731515950263847,0.76442635297620898,0.9999999990415307,9.5846930392440299e-10,0.010262308460559992,build/runs/a1-publication/work/nnn_tfim_expensive/checkpoints/response_j2_0p2_L14_neig160.json,0d0b69232bf1b41c06b865a42b8f05499a3d4ff783802d25a29cd3f86c4dce44
NNN-TFIM,0.20000000000000001,14,56,8.4425697734140132e-09,2.8396028603240769e-09,160,2.9731515950263847,0.76442635297620898,0.9999999990415307,9.5846930392440299e-10,0.010262308460559992,build/runs/a1-publication/work/nnn_tfim_expensive/checkpoints/response_j2_0p2_L14_neig160.json,0d0b69232bf1b41c06b865a42b8f05499a3d4ff783802d25a29cd3f86c4dce44
NNN-TFIM,0.20000000000000001,14,57,6.7668392943023745e-09,2.2759819262570511e-09,160,2.9731515950263847,0.76442635297620898,0.9999999990415307,9.5846930392440299e-10,0.010262308460559992,build/runs/a1-publication/work/nnn_tfim_expensive/checkpoints/response_j2_0p2_L14_neig160.json,0d0b69232bf1b41c06b865a42b8f05499a3d4ff783802d25a29cd3f86c4dce44
NNN-TFIM,0.20000000000000001,14,58,6.5232529016247468e-09,2.1940532438834011e-09,160,2.9731515950263847,0.76442635297620898,0.9999999990415307,9.5846930392440299e-10,0.010262308460559992,build/runs/a1-publication/work/nnn_tfim_expensive/checkpoints/response_j2_0p2_L14_neig160.json,0d0b69232bf1b41c06b865a42b8f05499a3d4ff783802d25a29cd3f86c4dce44
NNN-TFIM,0.20000000000000001,14,59,5.8519480084087749e-09,1.9682642547383603e-09,160,2.9731515950263847,0.76442635297620898,0.9999999990415307,9.5846930392440299e-10,0.010262308460559992,build/runs/a1-publication/work/nnn_tfim_expensive/checkpoints/response_j2_0p2_L14_neig160.json,0d0b69232bf1b41c06b865a42b8f05499a3d4ff783802d25a29cd3f86c4dce44
NNN-TFIM,0.20000000000000001,14,60,5.1237716947962615e-09,1.7233469370911078e-09,160,2.9731515950263847,0.76442635297620898,0.9999999990415307,9.5846930392440299e-10,0.010262308460559992,build/runs/a1-publication/work/nnn_tfim_expensive/checkpoints/response_j2_0p2_L14_neig160.json,0d0b69232bf1b41c06b865a42b8f05499a3d4ff783802d25a29cd3f86c4dce44
NNN-TFIM,0.20000000000000001,14,61,4.9392683857834668e-09,1.6612904616253294e-09,160,2.9731515950263847,0.76442635297620898,0.9999999990415307,9.5846930392440299e-10,0.010262308460559992,build/runs/a1-publication/work/nnn_tfim_expensive/checkpoints/response_j2_0p2_L14_neig160.json,0d0b69232bf1b41c06b865a42b8f05499a3d4ff783802d25a29cd3f86c4dce44
NNN-TFIM,0.20000000000000001,14,62,4.6249008330896952e-09,1.5555550012405782e-09,160,2.9731515950263847,0.76442635297620898,0.9999999990415307,9.5846930392440299e-10,0.010262308460559992,build/runs/a1-publication/work/nnn_tfim_expensive/checkpoints/response_j2_0p2_L14_neig160.json,0d0b69232bf1b41c06b865a42b8f05499a3d4ff783802d25a29cd3f86c4dce44
NNN-TFIM,0.20000000000000001,14,63,3.9104569207005919e-09,1.315256486498089e-09,160,2.9731515950263847,0.76442635297620898,0.9999999990415307,9.5846930392440299e-10,0.010262308460559992,build/runs/a1-publication/work/nnn_tfim_expensive/checkpoints/response_j2_0p2_L14_neig160.json,0d0b69232bf1b41c06b865a42b8f05499a3d4ff783802d25a29cd3f86c4dce44
NNN-TFIM,0.20000000000000001,14,64,3.2558464645904211e-09,1.0950825615609175e-09,160,2.9731515950263847,0.76442635297620898,0.9999999990415307,9.5846930392440299e-10,0.010262308460559992,build/runs/a1-publication/work/nnn_tfim_expensive/checkpoints/response_j2_0p2_L14_neig160.json,0d0b69232bf1b41c06b865a42b8f05499a3d4ff783802d25a29cd3f86c4dce44
NNN-TFIM,0.20000000000000001,14,65,3.1838811461727866e-09,1.0708774996535391e-09,160,2.9731515950263847,0.76442635297620898,0.9999999990415307,9.5846930392440299e-10,0.010262308460559992,build/runs/a1-publication/work/nnn_tfim_expensive/checkpoints/response_j2_0p2_L14_neig160.json,0d0b69232bf1b41c06b865a42b8f05499a3d4ff783802d25a29cd3f86c4dce44
NNN-TFIM,0.20000000000000001,14,66,3.0065130733870941e-09,1.0112209140013304e-09,160,2.9731515950263847,0.76442635297620898,0.9999999990415307,9.5846930392440299e-10,0.010262308460559992,build/runs/a1-publication/work/nnn_tfim_expensive/checkpoints/response_j2_0p2_L14_neig160.json,0d0b69232bf1b41c06b865a42b8f05499a3d4ff783802d25a29cd3f86c4dce44
NNN-TFIM,0.20000000000000001,14,67,2.9233680072586168e-09,9.832556174225868e-10,160,2.9731515950263847,0.76442635297620898,0.9999999990415307,9.5846930392440299e-10,0.010262308460559992,build/runs/a1-publication/work/nnn_tfim_expensive/checkpoints/response_j2_0p2_L14_neig160.json,0d0b69232bf1b41c06b865a42b8f05499a3d4ff783802d25a29cd3f86c4dce44
NNN-TFIM,0.20000000000000001,14,68,2.5143874384562281e-09,8.4569769084845956e-10,160,2.9731515950263847,0.76442635297620898,0.9999999990415307,9.5846930392440299e-10,0.010262308460559992,build/runs/a1-publication/work/nnn_tfim_expensive/checkpoints/response_j2_0p2_L14_neig160.json,0d0b69232bf1b41c06b865a42b8f05499a3d4ff783802d25a29cd3f86c4dce44
NNN-TFIM,0.20000000000000001,14,69,2.4215828462509134e-09,8.1448347615434102e-10,160,2.9731515950263847,0.76442635297620898,0.9999999990415307,9.5846930392440299e-10,0.010262308460559992,build/runs/a1-publication/work/nnn_tfim_expensive/checkpoints/response_j2_0p2_L14_neig160.json,0d0b69232bf1b41c06b865a42b8f05499a3d4ff783802d25a29cd3f86c4dce44
NNN-TFIM,0.20000000000000001,14,70,2.1154451043488415e-09,7.1151605854462603e-10,160,2.9731515950263847,0.76442635297620898,0.9999999990415307,9.5846930392440299e-10,0.010262308460559992,build/runs/a1-publication/work/nnn_tfim_expensive/checkpoints/response_j2_0p2_L14_neig160.json,0d0b69232bf1b41c06b865a42b8f05499a3d4ff783802d25a29cd3f86c4dce44
NNN-TFIM,0.20000000000000001,14,71,2.0985758174937457e-09,7.0584218477266123e-10,160,2.9731515950263847,0.76442635297620898,0.9999999990415307,9.5846930392440299e-10,0.010262308460559992,build/runs/a1-publication/work/nnn_tfim_expensive/checkpoints/response_j2_0p2_L14_neig160.json,0d0b69232bf1b41c06b865a42b8f05499a3d4ff783802d25a29cd3f86c4dce44
NNN-TFIM,0.20000000000000001,14,72,1.7310913875099844e-09,5.8224121178544284e-10,160,2.9731515950263847,0.76442635297620898,0.9999999990415307,9.5846930392440299e-10,0.010262308460559992,build/runs/a1-publication/work/nnn_tfim_expensive/checkpoints/response_j2_0p2_L14_neig160.json,0d0b69232bf1b41c06b865a42b8f05499a3d4ff783802d25a29cd3f86c4dce44
NNN-TFIM,0.20000000000000001,14,73,1.7054785915746799e-09,5.7362651619502938e-10,160,2.9731515950263847,0.76442635297620898,0.9999999990415307,9.5846930392440299e-10,0.010262308460559992,build/runs/a1-publication/work/nnn_tfim_expensive/checkpoints/response_j2_0p2_L14_neig160.json,0d0b69232bf1b41c06b865a42b8f05499a3d4ff783802d25a29cd3f86c4dce44
NNN-TFIM,0.20000000000000001,14,74,1.6186974535997455e-09,5.4443825074630302e-10,160,2.9731515950263847,0.76442635297620898,0.9999999990415307,9.5846930392440299e-10,0.010262308460559992,build/runs/a1-publication/work/nnn_tfim_expensive/checkpoints/response_j2_0p2_L14_neig160.json,0d0b69232bf1b41c06b865a42b8f05499a3d4ff783802d25a29cd3f86c4dce44
NNN-TFIM,0.20000000000000001,14,75,1.5657383067514023e-09,5.2662578974130902e-10,160,2.9731515950263847,0.76442635297620898,0.9999999990415307,9.5846930392440299e-10,0.010262308460559992,build/runs/a1-publication/work/nnn_tfim_expensive/checkpoints/response_j2_0p2_L14_neig160.json,0d0b69232bf1b41c06b865a42b8f05499a3d4ff783802d25a29cd3f86c4dce44
NNN-TFIM,0.20000000000000001,14,76,1.559431356391696e-09,5.2450448843590066e-10,160,2.9731515950263847,0.76442635297620898,0.9999999990415307,9.5846930392440299e-10,0.010262308460559992,build/runs/a1-publication/work/nnn_tfim_expensive/checkpoints/response_j2_0p2_L14_neig160.json,0d0b69232bf1b41c06b865a42b8f05499a3d4ff783802d25a29cd3f86c4dce44
NNN-TFIM,0.20000000000000001,14,77,1.4749447283147209e-09,4.9608796631226995e-10,160,2.9731515950263847,0.76442635297620898,0.9999999990415307,9.5846930392440299e-10,0.010262308460559992,build/runs/a1-publication/work/nnn_tfim_expensive/checkpoints/response_j2_0p2_L14_neig160.json,0d0b69232bf1b41c06b865a42b8f05499a3d4ff783802d25a29cd3f86c4dce44
NNN-TFIM,0.20000000000000001,14,78,1.3418863883867369e-09,4.5133466811160989e-10,160,2.9731515950263847,0.76442635297620898,0.9999999990415307,9.5846930392440299e-10,0.010262308460559992,build/runs/a1-publication/work/nnn_tfim_expensive/checkpoints/response_j2_0p2_L14_neig160.json,0d0b69232bf1b41c06b865a42b8f05499a3d4ff783802d25a29cd3f86c4dce44
NNN-TFIM,0.20000000000000001,14,79,9.9865839008673072e-10,3.358921865125644e-10,160,2.9731515950263847,0.76442635297620898,0.9999999990415307,9.5846930392440299e-10,0.010262308460559992,build/runs/a1-publication/work/nnn_tfim_expensive/checkpoints/response_j2_0p2_L14_neig160.json,0d0b69232bf1b41c06b865a42b8f05499a3d4ff783802d25a29cd3f86c4dce44
NNN-TFIM,0.20000000000000001,14,80,9.1302073380092807e-10,3.0708852361523314e-10,160,2.9731515950263847,0.76442635297620898,0.9999999990415307,9.5846930392440299e-10,0.010262308460559992,build/runs/a1-publication/work/nnn_tfim_expensive/checkpoints/response_j2_0p2_L14_neig160.json,0d0b69232bf1b41c06b865a42b8f05499a3d4ff783802d25a29cd3f86c4dce44
NNN-TFIM,0.20000000000000001,14,81,7.2600181952022503e-10,2.4418594084967343e-10,160,2.9731515950263847,0.76442635297620898,0.9999999990415307,9.5846930392440299e-10,0.010262308460559992,build/runs/a1-publication/work/nnn_tfim_expensive/checkpoints/response_j2_0p2_L14_neig160.json,0d0b69232bf1b41c06b865a42b8f05499a3d4ff783802d25a29cd3f86c4dce44
NNN-TFIM,0.20000000000000001,14,82,5.3542857678061395e-10,1.80087883065331e-10,160,2.9731515950263847,0.76442635297620898,0.9999999990415307,9.5846930392440299e-10,0.010262308460559992,build/runs/a1-publication/work/nnn_tfim_expensive/checkpoints/response_j2_0p2_L14_neig160.json,0d0b69232bf1b41c06b865a42b8f05499a3d4ff783802d25a29cd3f86c4dce44
NNN-TFIM,0.20000000000000001,14,83,5.1783689048214388e-10,1.7417103498805899e-10,160,2.9731515950263847,0.76442635297620898,0.9999999990415307,9.5846930392440299e-10,0.010262308460559992,build/runs/a1-publication/work/nnn_tfim_expensive/checkpoints/response_j2_0p2_L14_neig160.json,0d0b69232bf1b41c06b865a42b8f05499a3d4ff783802d25a29cd3f86c4dce44
NNN-TFIM,0.20000000000000001,14,84,4.8725775464776898e-10,1.63885943610435e-10,160,2.9731515950263847,0.76442635297620898,0.9999999990415307,9.5846930392440299e-10,0.010262308460559992,build/runs/a1-publication/work/nnn_tfim_expensive/checkpoints/response_j2_0p2_L14_neig160.json,0d0b69232bf1b41c06b865a42b8f05499a3d4ff783802d25a29cd3f86c4dce44
NNN-TFIM,0.20000000000000001,14,85,3.7799789697311488e-10,1.2713710851658083e-10,160,2.9731515950263847,0.76442635297620898,0.9999999990415307,9.5846930392440299e-10,0.010262308460559992,build/runs/a1-publication/work/nnn_tfim_expensive/checkpoints/response_j2_0p2_L14_neig160.json,0d0b69232bf1b41c06b865a42b8f05499a3d4ff783802d25a29cd3f86c4dce44
NNN-TFIM,0.20000000000000001,14,86,3.660560604747554e-10,1.2312055028983711e-10,160,2.9731515950263847,0.76442635297620898,0.9999999990415307,9.5846930392440299e-10,0.010262308460559992,build/runs/a1-publication/work/nnn_tfim_expensive/checkpoints/response_j2_0p2_L14_neig160.json,0d0b69232bf1b41c06b865a42b8f05499a3d4ff783802d25a29cd3f86c4dce44
NNN-TFIM,0.20000000000000001,14,87,2.8342367422006693e-10,9.5327690217407744e-11,160,2.9731515950263847,0.76442635297620898,0.9999999990415307,9.5846930392440299e-10,0.010262308460559992,build/runs/a1-publication/work/nnn_tfim_expensive/checkpoints/response_j2_0p2_L14_neig160.json,0d0b69232bf1b41c06b865a42b8f05499a3d4ff783802d25a29cd3f86c4dce44
NNN-TFIM,0.20000000000000001,14,88,2.671282345351206e-10,8.9846826169908102e-11,160,2.9731515950263847,0.76442635297620898,0.9999999990415307,9.5846930392440299e-10,0.010262308460559992,build/runs/a1-publication/work/nnn_tfim_expensive/checkpoints/response_j2_0p2_L14_neig160.json,0d0b69232bf1b41c06b865a42b8f05499a3d4ff783802d25a29cd3f86c4dce44
NNN-TFIM,0.20000000000000001,14,89,2.2087573692583889e-10,7.4290102561648479e-11,160,2.9731515950263847,0.76442635297620898,0.9999999990415307,9.5846930392440299e-10,0.010262308460559992,build/runs/a1-publication/work/nnn_tfim_expensive/checkpoints/response_j2_0p2_L14_neig160.json,0d0b69232bf1b41c06b865a42b8f05499a3d4ff783802d25a29cd3f86c4dce44
NNN-TFIM,0.20000000000000001,14,90,2.1666234006990903e-10,7.2872954218799691e-11,160,2.9731515950263847,0.76442635297620898,0.9999999990415307,9.5846930392440299e-10,0.010262308460559992,build/runs/a1-publication/work/nnn_tfim_expensive/checkpoints/response_j2_0p2_L14_neig160.json,0d0b69232bf1b41c06b865a42b8f05499a3d4ff783802d25a29cd3f86c4dce44
NNN-TFIM,0.20000000000000001,14,91,1.9071965489565957e-10,6.4147302550836488e-11,160,2.9731515950263847,0.76442635297620898,0.9999999990415307,9.5846930392440299e-10,0.010262308460559992,build/runs/a1-publication/work/nnn_tfim_expensive/checkpoints/response_j2_0p2_L14_neig160.json,0d0b69232bf1b41c06b865a42b8f05499a3d4ff783802d25a29cd3f86c4dce44
NNN-TFIM,0.20000000000000001,14,92,1.8728568866879093e-10,6.2992310577802508e-11,160,2.9731515950263847,0.76442635297620898,0.9999999990415307,9.5846930392440299e-10,0.010262308460559992,build/runs/a1-publication/work/nnn_tfim_expensive/checkpoints/response_j2_0p2_L14_neig160.json,0d0b69232bf1b41c06b865a42b8f05499a3d4ff783802d25a29cd3f86c4dce44
NNN-TFIM,0.20000000000000001,14,93,1.8126385661533059e-10,6.0966906940956703e-11,160,2.9731515950263847,0.76442635297620898,0.9999999990415307,9.5846930392440299e-10,0.010262308460559992,build/runs/a1-publication/work/nnn_tfim_expensive/checkpoints/response_j2_0p2_L14_neig160.json,0d0b69232bf1b41c06b865a42b8f05499a3d4ff783802d25a29cd3f86c4dce44
NNN-TFIM,0.20000000000000001,14,94,1.6423260838118506e-10,5.5238558523527827e-11,160,2.9731515950263847,0.76442635297620898,0.9999999990415307,9.5846930392440299e-10,0.010262308460559992,build/runs/a1-publication/work/nnn_tfim_expensive/checkpoints/response_j2_0p2_L14_neig160.json,0d0b69232bf1b41c06b865a42b8f05499a3d4ff783802d25a29cd3f86c4dce44
NNN-TFIM,0.20000000000000001,14,95,1.5894376459513251e-10,5.3459690673365076e-11,160,2.9731515950263847,0.76442635297620898,0.9999999990415307,9.5846930392440299e-10,0.010262308460559992,build/runs/a1-publication/work/nnn_tfim_expensive/checkpoints/response_j2_0p2_L14_neig160.json,0d0b69232bf1b41c06b865a42b8f05499a3d4ff783802d25a29cd3f86c4dce44
NNN-TFIM,0.20000000000000001,14,96,5.2968881342920699e-11,1.7815735138271895e-11,160,2.9731515950263847,0.76442635297620898,0.9999999990415307,9.5846930392440299e-10,0.010262308460559992,build/runs/a1-publication/work/nnn_tfim_expensive/checkpoints/response_j2_0p2_L14_neig160.json,0d0b69232bf1b41c06b865a42b8f05499a3d4ff783802d25a29cd3f86c4dce44
NNN-TFIM,0.20000000000000001,14,97,3.2834379180743939e-11,1.1043627656144643e-11,160,2.9731515950263847,0.76442635297620898,0.9999999990415307,9.5846930392440299e-10,0.010262308460559992,build/runs/a1-publication/work/nnn_tfim_expensive/checkpoints/response_j2_0p2_L14_neig160.json,0d0b69232bf1b41c06b865a42b8f05499a3d4ff783802d25a29cd3f86c4dce44
NNN-TFIM,0.20000000000000001,14,98,5.0382672410181354e-12,1.6945880759818519e-12,160,2.9731515950263847,0.76442635297620898,0.9999999990415307,9.5846930392440299e-10,0.010262308460559992,build/runs/a1-publication/work/nnn_tfim_expensive/checkpoints/response_j2_0p2_L14_neig160.json,0d0b69232bf1b41c06b865a42b8f05499a3d4ff783802d25a29cd3f86c4dce44
NNN-TFIM,0.20000000000000001,14,99,2.881480385710794e-12,9.6916699119246325e-13,160,2.9731515950263847,0.76442635297620898,0.9999999990415307,9.5846930392440299e-10,0.010262308460559992,build/runs/a1-publication/work/nnn_tfim_expensive/checkpoints/response_j2_0p2_L14_neig160.json,0d0b69232bf1b41c06b865a42b8f05499a3d4ff783802d25a29cd3f86c4dce44
NNN-TFIM,0.20000000000000001,14,100,8.0041735771608729e-13,2.6921511807708014e-13,160,2.9731515950263847,0.76442635297620898,0.9999999990415307,9.5846930392440299e-10,0.010262308460559992,build/runs/a1-publication/work/nnn_tfim_expensive/checkpoints/response_j2_0p2_L14_neig160.json,0d0b69232bf1b41c06b865a42b8f05499a3d4ff783802d25a29cd3f86c4dce44
NNN-TFIM,0.20000000000000001,14,101,2.4208624460685421e-15,8.1424117428733347e-16,160,2.9731515950263847,0.76442635297620898,0.9999999990415307,9.5846930392440299e-10,0.010262308460559992,build/runs/a1-publication/work/nnn_tfim_expensive/checkpoints/response_j2_0p2_L14_neig160.json,0d0b69232bf1b41c06b865a42b8f05499a3d4ff783802d25a29cd3f86c4dce44
NNN-TFIM,0.20000000000000001,14,102,8.3817645514517699e-28,2.8191514235174368e-28,160,2.9731515950263847,0.76442635297620898,0.9999999990415307,9.5846930392440299e-10,0.010262308460559992,build/runs/a1-publication/work/nnn_tfim_expensive/checkpoints/response_j2_0p2_L14_neig160.json,0d0b69232bf1b41c06b865a42b8f05499a3d4ff783802d25a29cd3f86c4dce44
NNN-TFIM,0.20000000000000001,14,103,7.6333380152697117e-28,2.5674230765895308e-28,160,2.9731515950263847,0.76442635297620898,0.9999999990415307,9.5846930392440299e-10,0.010262308460559992,build/runs/a1-publication/work/nnn_tfim_expensive/checkpoints/response_j2_0p2_L14_neig160.json,0d0b69232bf1b41c06b865a42b8f05499a3d4ff783802d25a29cd3f86c4dce44
NNN-TFIM,0.20000000000000001,14,104,4.0775018973579953e-28,1.3714409666089732e-28,160,2.9731515950263847,0.76442635297620898,0.9999999990415307,9.5846930392440299e-10,0.010262308460559992,build/runs/a1-publication/work/nnn_tfim_expensive/checkpoints/response_j2_0p2_L14_neig160.json,0d0b69232bf1b41c06b865a42b8f05499a3d4ff783802d25a29cd3f86c4dce44
NNN-TFIM,0.20000000000000001,14,105,4.0143689529193984e-28,1.3502066156447612e-28,160,2.9731515950263847,0.76442635297620898,0.9999999990415307,9.5846930392440299e-10,0.010262308460559992,build/runs/a1-publication/work/nnn_tfim_expensive/checkpoints/response_j2_0p2_L14_neig160.json,0d0b69232bf1b41c06b865a42b8f05499a3d4ff783802d25a29cd3f86c4dce44
NNN-TFIM,0.20000000000000001,14,106,4.6905279227595241e-29,1.5776282415622668e-29,160,2.9731515950263847,0.76442635297620898,0.9999999990415307,9.5846930392440299e-10,0.010262308460559992,build/runs/a1-publication/work/nnn_tfim_expensive/checkpoints/response_j2_0p2_L14_neig160.json,0d0b69232bf1b41c06b865a42b8f05499a3d4ff783802d25a29cd3f86c4dce44
NNN-TFIM,0.20000000000000001,14,107,8.4824909259505292e-30,2.8530300776255081e-30,160,2.9731515950263847,0.76442635297620898,0.9999999990415307,9.5846930392440299e-10,0.010262308460559992,build/runs/a1-publication/work/nnn_tfim_expensive/checkpoints/response_j2_0p2_L14_neig160.json,0d0b69232bf1b41c06b865a42b8f05499a3d4ff783802d25a29cd3f86c4dce44
NNN-TFIM,0.20000000000000001,14,108,7.6046220552855698e-30,2.5577646521646954e-30,160,2.9731515950263847,0.76442635297620898,0.9999999990415307,9.5846930392440299e-10,0.010262308460559992,build/runs/a1-publication/work/nnn_tfim_expensive/checkpoints/response_j2_0p2_L14_neig160.json,0d0b69232bf1b41c06b865a42b8f05499a3d4ff783802d25a29cd3f86c4dce44
NNN-TFIM,0.20000000000000001,14,109,4.9263217145582391e-30,1.6569359338417863e-30,160,2.9731515950263847,0.76442635297620898,0.9999999990415307,9.5846930392440299e-10,0.010262308460559992,build/runs/a1-publication/work/nnn_tfim_expensive/checkpoints/response_j2_0p2_L14_neig160.json,0d0b69232bf1b41c06b865a42b8f05499a3d4ff783802d25a29cd3f86c4dce44
NNN-TFIM,0.20000000000000001,14,110,1.5425149208433156e-30,5.1881475651080172e-31,160,2.9731515950263847,0.76442635297620898,0.9999999990415307,9.5846930392440299e-10,0.010262308460559992,build/runs/a1-publication/work/nnn_tfim_expensive/checkpoints/response_j2_0p2_L14_neig160.json,0d0b69232bf1b41c06b865a42b8f05499a3d4ff783802d25a29cd3f86c4dce44
NNN-TFIM,0.20000000000000001,14,111,5.6543106979636175e-31,1.9017902442049676e-31,160,2.9731515950263847,0.76442635297620898,0.9999999990415307,9.5846930392440299e-10,0.010262308460559992,build/runs/a1-publication/work/nnn_tfim_expensive/checkpoints/response_j2_0p2_L14_neig160.json,0d0b69232bf1b41c06b865a42b8f05499a3d4ff783802d25a29cd3f86c4dce44
NNN-TFIM,0.20000000000000001,14,112,4.8655786352772338e-31,1.6365053983175906e-31,160,2.9731515950263847,0.76442635297620898,0.9999999990415307,9.5846930392440299e-10,0.010262308460559992,build/runs/a1-publication/work/nnn_tfim_expensive/checkpoints/response_j2_0p2_L14_neig160.json,0d0b69232bf1b41c06b865a42b8f05499a3d4ff783802d25a29cd3f86c4dce44
NNN-TFIM,0.20000000000000001,14,113,1.9249728933274696e-31,6.4745198211475219e-32,160,2.9731515950263847,0.76442635297620898,0.9999999990415307,9.5846930392440299e-10,0.010262308460559992,build/runs/a1-publication/work/nnn_tfim_expensive/checkpoints/response_j2_0p2_L14_neig160.json,0d0b69232bf1b41c06b865a42b8f05499a3d4ff783802d25a29cd3f86c4dce44
NNN-TFIM,0.20000000000000001,14,114,1.7175532265540949e-31,5.7768774031814972e-32,160,2.9731515950263847,0.76442635297620898,0.9999999990415307,9.5846930392440299e-10,0.010262308460559992,build/runs/a1-publication/work/nnn_tfim_expensive/checkpoints/response_j2_0p2_L14_neig160.json,0d0b69232bf1b41c06b865a42b8f05499a3d4ff783802d25a29cd3f86c4dce44
NNN-TFIM,0.20000000000000001,14,115,1.4019647101388419e-31,4.7154161680961997e-32,160,2.9731515950263847,0.76442635297620898,0.9999999990415307,9.5846930392440299e-10,0.010262308460559992,build/runs/a1-publication/work/nnn_tfim_expensive/checkpoints/response_j2_0p2_L14_neig160.json,0d0b69232bf1b41c06b865a42b8f05499a3d4ff783802d25a29cd3f86c4dce44
NNN-TFIM,0.20000000000000001,14,116,1.1000058242351212e-31,3.6997972995230318e-32,160,2.9731515950263847,0.76442635297620898,0.9999999990415307,9.5846930392440299e-10,0.010262308460559992,build/runs/a1-publication/work/nnn_tfim_expensive/checkpoints/response_j2_0p2_L14_neig160.json,0d0b69232bf1b41c06b865a42b8f05499a3d4ff783802d25a29cd3f86c4dce44
NNN-TFIM,0.20000000000000001,14,117,1.0623582277167046e-31,3.5731720827618175e-32,160,2.9731515950263847,0.76442635297620898,0.9999999990415307,9.5846930392440299e-10,0.010262308460559992,build/runs/a1-publication/work/nnn_tfim_expensive/checkpoints/response_j2_0p2_L14_neig160.json,0d0b69232bf1b41c06b865a42b8f05499a3d4ff783802d25a29cd3f86c4dce44
NNN-TFIM,0.20000000000000001,14,118,1.0026014479726363e-31,3.3721840811946186e-32,160,2.9731515950263847,0.76442635297620898,0.9999999990415307,9.5846930392440299e-10,0.010262308460559992,build/runs/a1-publication/work/nnn_tfim_expensive/checkpoints/response_j2_0p2_L14_neig160.json,0d0b69232bf1b41c06b865a42b8f05499a3d4ff783802d25a29cd3f86c4dce44
NNN-TFIM,0.20000000000000001,14,119,7.0785038760930592e-32,2.3808082601419597e-32,160,2.9731515950263847,0.76442635297620898,0.9999999990415307,9.5846930392440299e-10,0.010262308460559992,build/runs/a1-publication/work/nnn_tfim_expensive/checkpoints/response_j2_0p2_L14_neig160.json,0d0b69232bf1b41c06b865a42b8f05499a3d4ff783802d25a29cd3f86c4dce44
NNN-TFIM,0.20000000000000001,14,120,7.0054500434487438e-32,2.3562370836279458e-32,160,2.9731515950263847,0.76442635297620898,0.9999999990415307,9.5846930392440299e-10,0.010262308460559992,build/runs/a1-publication/work/nnn_tfim_expensive/checkpoints/response_j2_0p2_L14_neig160.json,0d0b69232bf1b41c06b865a42b8f05499a3d4ff783802d25a29cd3f86c4dce44
NNN-TFIM,0.20000000000000001,14,121,6.3193940202180958e-32,2.1254866488440915e-32,160,2.9731515950263847,0.76442635297620898,0.9999999990415307,9.5846930392440299e-10,0.010262308460559992,build/runs/a1-publication/work/nnn_tfim_expensive/checkpoints/response_j2_0p2_L14_neig160.json,0d0b69232bf1b41c06b865a42b8f05499a3d4ff783802d25a29cd3f86c4dce44
NNN-TFIM,0.20000000000000001,14,122,5.2933145611701275e-32,1.7803715659924677e-32,160,2.9731515950263847,0.76442635297620898,0.9999999990415307,9.5846930392440299e-10,0.010262308460559992,build/runs/a1-publication/work/nnn_tfim_expensive/checkpoints/response_j2_0p2_L14_neig160.json,0d0b69232bf1b41c06b865a42b8f05499a3d4ff783802d25a29cd3f86c4dce44
NNN-TFIM,0.20000000000000001,14,123,4.6746802281997807e-32,1.5722979736451333e-32,160,2.9731515950263847,0.76442635297620898,0.9999999990415307,9.5846930392440299e-10,0.010262308460559992,build/runs/a1-publication/work/nnn_tfim_expensive/checkpoints/response_j2_0p2_L14_neig160.json,0d0b69232bf1b41c06b865a42b8f05499a3d4ff783802d25a29cd3f86c4dce44
NNN-TFIM,0.20000000000000001,14,124,4.0822380167536299e-32,1.3730339292428185e-32,160,2.9731515950263847,0.76442635297620898,0.9999999990415307,9.5846930392440299e-10,0.010262308460559992,build/runs/a1-publication/work/nnn_tfim_expensive/checkpoints/response_j2_0p2_L14_neig160.json,0d0b69232bf1b41c06b865a42b8f05499a3d4ff783802d25a29cd3f86c4dce44
NNN-TFIM,0.20000000000000001,14,125,2.6467268485895669e-32,8.9020918173736071e-33,160,2.9731515950263847,0.76442635297620898,0.9999999990415307,9.5846930392440299e-10,0.010262308460559992,build/runs/a1-publication/work/nnn_tfim_expensive/checkpoints/response_j2_0p2_L14_neig160.json,0d0b69232bf1b41c06b865a42b8f05499a3d4ff783802d25a29cd3f86c4dce44
NNN-TFIM,0.20000000000000001,14,126,2.1359818451318391e-32,7.1842345634343069e-33,160,2.9731515950263847,0.76442635297620898,0.9999999990415307,9.5846930392440299e-10,0.010262308460559992,build/runs/a1-publication/work/nnn_tfim_expensive/checkpoints/response_j2_0p2_L14_neig160.json,0d0b69232bf1b41c06b865a42b8f05499a3d4ff783802d25a29cd3f86c4dce44
NNN-TFIM,0.20000000000000001,14,127,2.1140880186085608e-32,7.1105961167439219e-33,160,2.9731515950263847,0.76442635297620898,0.9999999990415307,9.5846930392440299e-10,0.010262308460559992,build/runs/a1-publication/work/nnn_tfim_expensive/checkpoints/response_j2_0p2_L14_neig160.json,0d0b69232bf1b41c06b865a42b8f05499a3d4ff783802d25a29cd3f86c4dce44
NNN-TFIM,0.20000000000000001,14,128,1.4860800784838205e-32,4.9983326816224203e-33,160,2.9731515950263847,0.76442635297620898,0.9999999990415307,9.5846930392440299e-10,0.010262308460559992,build/runs/a1-publication/work/nnn_tfim_expensive/checkpoints/response_j2_0p2_L14_neig160.json,0d0b69232bf1b41c06b865a42b8f05499a3d4ff783802d25a29cd3f86c4dce44
NNN-TFIM,0.20000000000000001,14,129,1.1873597495657223e-32,3.9936064866385846e-33,160,2.9731515950263847,0.76442635297620898,0.9999999990415307,9.5846930392440299e-10,0.010262308460559992,build/runs/a1-publication/work/nnn_tfim_expensive/checkpoints/response_j2_0p2_L14_neig160.json,0d0b69232bf1b41c06b865a42b8f05499a3d4ff783802d25a29cd3f86c4dce44
NNN-TFIM,0.20000000000000001,14,130,1.1697129272211269e-32,3.9342525593981578e-33,160,2.9731515950263847,0.76442635297620898,0.9999999990415307,9.5846930392440299e-10,0.010262308460559992,build/runs/a1-publication/work/nnn_tfim_expensive/checkpoints/response_j2_0p2_L14_neig160.json,0d0b69232bf1b41c06b865a42b8f05499a3d4ff783802d25a29cd3f86c4dce44
NNN-TFIM,0.20000000000000001,14,131,1.0586569344830116e-32,3.5607230262122466e-33,160,2.9731515950263847,0.76442635297620898,0.9999999990415307,9.5846930392440299e-10,0.010262308460559992,build/runs/a1-publication/work/nnn_tfim_expensive/checkpoints/response_j2_0p2_L14_neig160.json,0d0b69232bf1b41c06b865a42b8f05499a3d4ff783802d25a29cd3f86c4dce44
NNN-TFIM,0.20000000000000001,14,132,7.3189292314135704e-33,2.4616737483742801e-33,160,2.9731515950263847,0.76442635297620898,0.9999999990415307,9.5846930392440299e-10,0.010262308460559992,build/runs/a1-publication/work/nnn_tfim_expensive/checkpoints/response_j2_0p2_L14_neig160.json,0d0b69232bf1b41c06b865a42b8f05499a3d4ff783802d25a29cd3f86c4dce44
NNN-TFIM,0.20000000000000001,14,133,5.7810635389785453e-33,1.9444227292847616e-33,160,2.9731515950263847,0.76442635297620898,0.9999999990415307,9.5846930392440299e-10,0.010262308460559992,build/runs/a1-publication/work/nnn_tfim_expensive/checkpoints/response_j2_0p2_L14_neig160.json,0d0b69232bf1b41c06b865a42b8f05499a3d4ff783802d25a29cd3f86c4dce44
NNN-TFIM,0.20000000000000001,14,134,2.5041577748968538e-33,8.422570107376684e-34,160,2.9731515950263847,0.76442635297620898,0.9999999990415307,9.5846930392440299e-10,0.010262308460559992,build/runs/a1-publication/work/nnn_tfim_expensive/checkpoints/response_j2_0p2_L14_neig160.json,0d0b69232bf1b41c06b865a42b8f05499a3d4ff783802d25a29cd3f86c4dce44
NNN-TFIM,0.20000000000000001,14,135,1.6968997979764308e-33,5.7074109534645913e-34,160,2.9731515950263847,0.76442635297620898,0.9999999990415307,9.5846930392440299e-10,0.010262308460559992,build/runs/a1-publication/work/nnn_tfim_expensive/checkpoints/response_j2_0p2_L14_neig160.json,0d0b69232bf1b41c06b865a42b8f05499a3d4ff783802d25a29cd3f86c4dce44
NNN-TFIM,0.20000000000000001,14,136,1.3832143775143707e-33,4.6523506565500086e-34,160,2.9731515950263847,0.76442635297620898,0.9999999990415307,9.5846930392440299e-10,0.010262308460559992,build/runs/a1-publication/work/nnn_tfim_expensive/checkpoints/response_j2_0p2_L14_neig160.json,0d0b69232bf1b41c06b865a42b8f05499a3d4ff783802d25a29cd3f86c4dce44
NNN-TFIM,0.20000000000000001,14,137,9.1274468294450335e-34,3.0699567572382844e-34,160,2.9731515950263847,0.76442635297620898,0.9999999990415307,9.5846930392440299e-10,0.010262308460559992,build/runs/a1-publication/work/nnn_tfim_expensive/checkpoints/response_j2_0p2_L14_neig160.json,0d0b69232bf1b41c06b865a42b8f05499a3d4ff783802d25a29cd3f86c4dce44
NNN-TFIM,0.20000000000000001,14,138,8.2146743025558053e-34,2.7629517163866329e-34,160,2.9731515950263847,0.76442635297620898,0.9999999990415307,9.5846930392440299e-10,0.010262308460559992,build/runs/a1-publication/work/nnn_tfim_expensive/checkpoints/response_j2_0p2_L14_neig160.json,0d0b69232bf1b41c06b865a42b8f05499a3d4ff783802d25a29cd3f86c4dce44
NNN-TFIM,0.20000000000000001,14,139,7.7409027926596774e-34,2.6036017825693756e-34,160,2.9731515950263847,0.76442635297620898,0.9999999990415307,9.5846930392440299e-10,0.010262308460559992,build/runs/a1-publication/work/nnn_tfim_expensive/checkpoints/response_j2_0p2_L14_neig160.json,0d0b69232bf1b41c06b865a42b8f05499a3d4ff783802d25a29cd3f86c4dce44
NNN-TFIM,0.20000000000000001,14,140,4.7384026561608634e-34,1.5937305935181598e-34,160,2.9731515950263847,0.76442635297620898,0.9999999990415307,9.5846930392440299e-10,0.010262308460559992,build/runs/a1-publication/work/nnn_tfim_expensive/checkpoints/response_j2_0p2_L14_neig160.json,0d0b69232bf1b41c06b865a42b8f05499a3d4ff783802d25a29cd3f86c4dce44
NNN-TFIM,0.20000000000000001,14,141,4.4397385421782819e-34,1.4932768815439033e-34,160,2.9731515950263847,0.76442635297620898,0.9999999990415307,9.5846930392440299e-10,0.010262308460559992,build/runs/a1-publication/work/nnn_tfim_expensive/checkpoints/response_j2_0p2_L14_neig160.json,0d0b69232bf1b41c06b865a42b8f05499a3d4ff783802d25a29cd3f86c4dce44
NNN-TFIM,0.20000000000000001,14,142,4.0550333141527368e-34,1.3638838063071423e-34,160,2.9731515950263847,0.76442635297620898,0.9999999990415307,9.5846930392440299e-10,0.010262308460559992,build/runs/a1-publication/work/nnn_tfim_expensive/checkpoints/response_j2_0p2_L14_neig160.json,0d0b69232bf1b41c06b865a42b8f05499a3d4ff783802d25a29cd3f86c4dce44
NNN-TFIM,0.20000000000000001,14,143,2.6517588079370162e-34,8.9190164819479504e-35,160,2.9731515950263847,0.76442635297620898,0.9999999990415307,9.5846930392440299e-10,0.010262308460559992,build/runs/a1-publication/work/nnn_tfim_expensive/checkpoints/response_j2_0p2_L14_neig160.json,0d0b69232bf1b41c06b865a42b8f05499a3d4ff783802d25a29cd3f86c4dce44
NNN-TFIM,0.20000000000000001,14,144,2.4920764295701065e-34,8.3819352963332197e-35,160,2.9731515950263847,0.76442635297620898,0.9999999990415307,9.5846930392440299e-10,0.010262308460559992,build/runs/a1-publication/work/nnn_tfim_expensive/checkpoints/response_j2_0p2_L14_neig160.json,0d0b69232bf1b41c06b865a42b8f05499a3d4ff783802d25a29cd3f86c4dce44
NNN-TFIM,0.20000000000000001,14,145,2.3896715508856885e-34,8.0375032167321487e-35,160,2.9731515950263847,0.76442635297620898,0.9999999990415307,9.5846930392440299e-10,0.010262308460559992,build/runs/a1-publication/work/nnn_tfim_expensive/checkpoints/response_j2_0p2_L14_neig160.json,0d0b69232bf1b41c06b865a42b8f05499a3d4ff783802d25a29cd3f86c4dce44
NNN-TFIM,0.20000000000000001,14,146,2.0990935719568361e-34,7.0601632808373766e-35,160,2.9731515950263847,0.76442635297620898,0.9999999990415307,9.5846930392440299e-10,0.010262308460559992,build/runs/a1-publication/work/nnn_tfim_expensive/checkpoints/response_j2_0p2_L14_neig160.json,0d0b69232bf1b41c06b865a42b8f05499a3d4ff783802d25a29cd3f86c4dce44
NNN-TFIM,0.20000000000000001,14,147,1.5515705069038343e-34,5.2186054337066692e-35,160,2.9731515950263847,0.76442635297620898,0.9999999990415307,9.5846930392440299e-10,0.010262308460559992,build/runs/a1-publication/work/nnn_tfim_expensive/checkpoints/response_j2_0p2_L14_neig160.json,0d0b69232bf1b41c06b865a42b8f05499a3d4ff783802d25a29cd3f86c4dce44
NNN-TFIM,0.20000000000000001,14,148,1.2217348959751511e-34,4.109225032517419e-35,160,2.9731515950263847,0.76442635297620898,0.9999999990415307,9.5846930392440299e-10,0.010262308460559992,build/runs/a1-publication/work/nnn_tfim_expensive/checkpoints/response_j2_0p2_L14_neig160.json,0d0b69232bf1b41c06b865a42b8f05499a3d4ff783802d25a29cd3f86c4dce44
NNN-TFIM,0.20000000000000001,14,149,1.1735482945073036e-34,3.9471525652121653e-35,160,2.9731515950263847,0.76442635297620898,0.9999999990415307,9.5846930392440299e-10,0.010262308460559992,build/runs/a1-publication/work/nnn_tfim_expensive/checkpoints/response_j2_0p2_L14_neig160.json,0d0b69232bf1b41c06b865a42b8f05499a3d4ff783802d25a29cd3f86c4dce44
NNN-TFIM,0.20000000000000001,14,150,7.4154070641661723e-35,2.4941234333866401e-35,160,2.9731515950263847,0.76442635297620898,0.9999999990415307,9.5846930392440299e-10,0.010262308460559992,build/runs/a1-publication/work/nnn_tfim_expensive/checkpoints/response_j2_0p2_L14_neig160.json,0d0b69232bf1b41c06b865a42b8f05499a3d4ff783802d25a29cd3f86c4dce44
NNN-TFIM,0.20000000000000001,14,151,6.6495558615532792e-35,2.2365344144163185e-35,160,2.9731515950263847,0.76442635297620898,0.9999999990415307,9.5846930392440299e-10,0.010262308460559992,build/runs/a1-publication/work/nnn_tfim_expensive/checkpoints/response_j2_0p2_L14_neig160.json,0d0b69232bf1b41c06b865a42b8f05499a3d4ff783802d25a29cd3f86c4dce44
NNN-TFIM,0.20000000000000001,14,152,6.0691123855547984e-35,2.041306065828419e-35,160,2.9731515950263847,0.76442635297620898,0.9999999990415307,9.5846930392440299e-10,0.010262308460559992,build/runs/a1-publication/work/nnn_tfim_expensive/checkpoints/response_j2_0p2_L14_neig160.json,0d0b69232bf1b41c06b865a42b8f05499a3d4ff783802d25a29cd3f86c4dce44
NNN-TFIM,0.20000000000000001,14,153,4.2633472565746334e-35,1.4339488318411154e-35,160,2.9731515950263847,0.76442635297620898,0.9999999990415307,9.5846930392440299e-10,0.010262308460559992,build/runs/a1-publication/work/nnn_tfim_expensive/checkpoints/response_j2_0p2_L14_neig160.json,0d0b69232bf1b41c06b865a42b8f05499a3d4ff783802d25a29cd3f86c4dce44
NNN-TFIM,0.20000000000000001,14,154,2.4603047078847198e-35,8.2750731984215774e-36,160,2.9731515950263847,0.76442635297620898,0.9999999990415307,9.5846930392440299e-10,0.010262308460559992,build/runs/a1-publication/work/nnn_tfim_expensive/checkpoints/response_j2_0p2_L14_neig160.json,0d0b69232bf1b41c06b865a42b8f05499a3d4ff783802d25a29cd3f86c4dce44
NNN-TFIM,0.20000000000000001,14,155,1.1513323335070363e-35,3.8724306403784937e-36,160,2.9731515950263847,0.76442635297620898,0.9999999990415307,9.5846930392440299e-10,0.010262308460559992,build/runs/a1-publication/work/nnn_tfim_expensive/checkpoints/response_j2_0p2_L14_neig160.json,0d0b69232bf1b41c06b865a42b8f05499a3d4ff783802d25a29cd3f86c4dce44
NNN-TFIM,0.20000000000000001,14,156,5.502879515076523e-36,1.8508573610178424e-36,160,2.9731515950263847,0.76442635297620898,0.9999999990415307,9.5846930392440299e-10,0.010262308460559992,build/runs/a1-publication/work/nnn_tfim_expensive/checkpoints/response_j2_0p2_L14_neig160.json,0d0b69232bf1b41c06b865a42b8f05499a3d4ff783802d25a29cd3f86c4dce44
NNN-TFIM,0.20000000000000001,14,157,3.6833662903787613e-36,1.2388760453857968e-36,160,2.9731515950263847,0.76442635297620898,0.9999999990415307,9.5846930392440299e-10,0.010262308460559992,build/runs/a1-publication/work/nnn_tfim_expensive/checkpoints/response_j2_0p2_L14_neig160.json,0d0b69232bf1b41c06b865a42b8f05499a3d4ff783802d25a29cd3f86c4dce44
NNN-TFIM,0.20000000000000001,14,158,5.9139961698559873e-37,1.989133746072408e-37,160,2.9731515950263847,0.76442635297620898,0.9999999990415307,9.5846930392440299e-10,0.010262308460559992,build/runs/a1-publication/work/nnn_tfim_expensive/checkpoints/response_j2_0p2_L14_neig160.json,0d0b69232bf1b41c06b865a42b8f05499a3d4ff783802d25a29cd3f86c4dce44
NNN-TFIM,0.20000000000000001,14,159,0,0,160,2.9731515950263847,0.76442635297620898,0.9999999990415307,9.5846930392440299e-10,0.010262308460559992,build/runs/a1-publication/work/nnn_tfim_expensive/checkpoints/response_j2_0p2_L14_neig160.json,0d0b69232bf1b41c06b865a42b8f05499a3d4ff783802d25a29cd3f86c4dce44
NNN-TFIM,0.20000000000000001,16,1,3.3601872679093252,0.85997367593136254,160,3.9073140980393375,0.75007512347302263,0.99999996496876553,3.5031234468796413e-08,0.0087126421614024223,build/runs/a1-publication/work/nnn_tfim_expensive/checkpoints/response_j2_0p2_L16_neig160.json,025e01e2e5f2291df98874c63f776562fd7513fdefb704603a3b378a41198352
NNN-TFIM,0.20000000000000001,16,2,0.38206383318895976,0.097781704670396652,160,3.9073140980393375,0.75007512347302263,0.99999996496876553,3.5031234468796413e-08,0.0087126421614024223,build/runs/a1-publication/work/nnn_tfim_expensive/checkpoints/response_j2_0p2_L16_neig160.json,025e01e2e5f2291df98874c63f776562fd7513fdefb704603a3b378a41198352
NNN-TFIM,0.20000000000000001,16,3,0.11496166209434951,0.029422170629189105,160,3.9073140980393375,0.75007512347302263,0.99999996496876553,3.5031234468796413e-08,0.0087126421614024223,build/runs/a1-publication/work/nnn_tfim_expensive/checkpoints/response_j2_0p2_L16_neig160.json,025e01e2e5f2291df98874c63f776562fd7513fdefb704603a3b378a41198352
NNN-TFIM,0.20000000000000001,16,4,0.036411702418337917,0.0093188572775884729,160,3.9073140980393375,0.75007512347302263,0.99999996496876553,3.5031234468796413e-08,0.0087126421614024223,build/runs/a1-publication/work/nnn_tfim_expensive/checkpoints/response_j2_0p2_L16_neig160.json,025e01e2e5f2291df98874c63f776562fd7513fdefb704603a3b378a41198352
NNN-TFIM,0.20000000000000001,16,5,0.009863855634150381,0.0025244593566460384,160,3.9073140980393375,0.75007512347302263,0.99999996496876553,3.5031234468796413e-08,0.0087126421614024223,build/runs/a1-publication/work/nnn_tfim_expensive/checkpoints/response_j2_0p2_L16_neig160.json,025e01e2e5f2291df98874c63f776562fd7513fdefb704603a3b378a41198352
NNN-TFIM,0.20000000000000001,16,6,0.0018825374379960954,0.00048179833787632774,160,3.9073140980393375,0.75007512347302263,0.99999996496876553,3.5031234468796413e-08,0.0087126421614024223,build/runs/a1-publication/work/nnn_tfim_expensive/checkpoints/response_j2_0p2_L16_neig160.json,025e01e2e5f2291df98874c63f776562fd7513fdefb704603a3b378a41198352
NNN-TFIM,0.20000000000000001,16,7,0.00038367105393705088,9.8193041130113977e-05,160,3.9073140980393375,0.75007512347302263,0.99999996496876553,3.5031234468796413e-08,0.0087126421614024223,build/runs/a1-publication/work/nnn_tfim_expensive/checkpoints/response_j2_0p2_L16_neig160.json,025e01e2e5f2291df98874c63f776562fd7513fdefb704603a3b378a41198352
NNN-TFIM,0.20000000000000001,16,8,0.00030517490911011359,7.8103500628026861e-05,160,3.9073140980393375,0.75007512347302263,0.99999996496876553,3.5031234468796413e-08,0.0087126421614024223,build/runs/a1-publication/work/nnn_tfim_expensive/checkpoints/response_j2_0p2_L16_neig160.json,025e01e2e5f2291df98874c63f776562fd7513fdefb704603a3b378a41198352
NNN-TFIM,0.20000000000000001,16,9,0.00025476400746145934,6.52018243399726e-05,160,3.9073140980393375,0.75007512347302263,0.99999996496876553,3.5031234468796413e-08,0.0087126421614024223,build/runs/a1-publication/work/nnn_tfim_expensive/checkpoints/response_j2_0p2_L16_neig160.json,025e01e2e5f2291df98874c63f776562fd7513fdefb704603a3b378a41198352
NNN-TFIM,0.20000000000000001,16,10,0.00021663896649058806,5.5444471843022797e-05,160,3.9073140980393375,0.75007512347302263,0.99999996496876553,3.5031234468796413e-08,0.0087126421614024223,build/runs/a1-publication/work/nnn_tfim_expensive/checkpoints/response_j2_0p2_L16_neig160.json,025e01e2e5f2291df98874c63f776562fd7513fdefb704603a3b378a41198352
NNN-TFIM,0.20000000000000001,16,11,0.00017114649769891334,4.3801571464345147e-05,160,3.9073140980393375,0.75007512347302263,0.99999996496876553,3.5031234468796413e-08,0.0087126421614024223,build/runs/a1-publication/work/nnn_tfim_expensive/checkpoints/response_j2_0p2_L16_neig160.json,025e01e2e5f2291df98874c63f776562fd7513fdefb704603a3b378a41198352
NNN-TFIM,0.20000000000000001,16,12,0.00015481727930429778,3.9622429991482891e-05,160,3.9073140980393375,0.75007512347302263,0.99999996496876553,3.5031234468796413e-08,0.0087126421614024223,build/runs/a1-publication/work/nnn_tfim_expensive/checkpoints/response_j2_0p2_L16_neig160.json,025e01e2e5f2291df98874c63f776562fd7513fdefb704603a3b378a41198352
NNN-TFIM,0.20000000000000001,16,13,0.00010297109854743553,2.6353422316139287e-05,160,3.9073140980393375,0.75007512347302263,0.99999996496876553,3.5031234468796413e-08,0.0087126421614024223,build/runs/a1-publication/work/nnn_tfim_expensive/checkpoints/response_j2_0p2_L16_neig160.json,025e01e2e5f2291df98874c63f776562fd7513fdefb704603a3b378a41198352
NNN-TFIM,0.20000000000000001,16,14,9.7008488032455096e-05,2.4827409724018159e-05,160,3.9073140980393375,0.75007512347302263,0.99999996496876553,3.5031234468796413e-08,0.0087126421614024223,build/runs/a1-publication/work/nnn_tfim_expensive/checkpoints/response_j2_0p2_L16_neig160.json,025e01e2e5f2291df98874c63f776562fd7513fdefb704603a3b378a41198352
NNN-TFIM,0.20000000000000001,16,15,3.3323678758781419e-05,8.5285385107644675e-06,160,3.9073140980393375,0.75007512347302263,0.99999996496876553,3.5031234468796413e-08,0.0087126421614024223,build/runs/a1-publication/work/nnn_tfim_expensive/checkpoints/response_j2_0p2_L16_neig160.json,025e01e2e5f2291df98874c63f776562fd7513fdefb704603a3b378a41198352
NNN-TFIM,0.20000000000000001,16,16,2.6785689496299592e-05,6.8552690733873839e-06,160,3.9073140980393375,0.75007512347302263,0.99999996496876553,3.5031234468796413e-08,0.0087126421614024223,build/runs/a1-publication/work/nnn_tfim_expensive/checkpoints/response_j2_0p2_L16_neig160.json,025e01e2e5f2291df98874c63f776562fd7513fdefb704603a3b378a41198352
NNN-TFIM,0.20000000000000001,16,17,2.2880827960843083e-05,5.8558967584214739e-06,160,3.9073140980393375,0.75007512347302263,0.99999996496876553,3.5031234468796413e-08,0.0087126421614024223,build/runs/a1-publication/work/nnn_tfim_expensive/checkpoints/response_j2_0p2_L16_neig160.json,025e01e2e5f2291df98874c63f776562fd7513fdefb704603a3b378a41198352
NNN-TFIM,0.20000000000000001,16,18,2.0544812316003001e-05,5.258039615067609e-06,160,3.9073140980393375,0.75007512347302263,0.99999996496876553,3.5031234468796413e-08,0.0087126421614024223,build/runs/a1-publication/work/nnn_tfim_expensive/checkpoints/response_j2_0p2_L16_neig160.json,025e01e2e5f2291df98874c63f776562fd7513fdefb704603a3b378a41198352
NNN-TFIM,0.20000000000000001,16,19,2.0398789473389884e-05,5.220667947740841e-06,160,3.9073140980393375,0.75007512347302263,0.99999996496876553,3.5031234468796413e-08,0.0087126421614024223,build/runs/a1-publication/work/nnn_tfim_expensive/checkpoints/response_j2_0p2_L16_neig160.json,025e01e2e5f2291df98874c63f776562fd7513fdefb704603a3b378a41198352
NNN-TFIM,0.20000000000000001,16,20,1.720052099407021e-05,4.4021341930768526e-06,160,3.9073140980393375,0.75007512347302263,0.99999996496876553,3.5031234468796413e-08,0.0087126421614024223,build/runs/a1-publication/work/nnn_tfim_expensive/checkpoints/response_j2_0p2_L16_neig160.json,025e01e2e5f2291df98874c63f776562fd7513fdefb704603a3b378a41198352
NNN-TFIM,0.20000000000000001,16,21,1.6351639927798478e-05,4.1848798221785175e-06,160,3.9073140980393375,0.75007512347302263,0.99999996496876553,3.5031234468796413e-08,0.0087126421614024223,build/runs/a1-publication/work/nnn_tfim_expensive/checkpoints/response_j2_0p2_L16_neig160.json,025e01e2e5f2291df98874c63f776562fd7513fdefb704603a3b378a41198352
NNN-TFIM,0.20000000000000001,16,22,1.542332170059929e-05,3.9472950762618761e-06,160,3.9073140980393375,0.75007512347302263,0.99999996496876553,3.5031234468796413e-08,0.0087126421614024223,build/runs/a1-publication/work/nnn_tfim_expensive/checkpoints/response_j2_0p2_L16_neig160.json,025e01e2e5f2291df98874c63f776562fd7513fdefb704603a3b378a41198352
NNN-TFIM,0.20000000000000001,16,23,1.216110731339964e-05,3.1123956273446246e-06,160,3.9073140980393375,0.75007512347302263,0.99999996496876553,3.5031234468796413e-08,0.0087126421614024223,build/runs/a1-publication/work/nnn_tfim_expensive/checkpoints/response_j2_0p2_L16_neig160.json,025e01e2e5f2291df98874c63f776562fd7513fdefb704603a3b378a41198352
NNN-TFIM,0.20000000000000001,16,24,1.0054255864231653e-05,2.5731885412736099e-06,160,3.9073140980393375,0.75007512347302263,0.99999996496876553,3.5031234468796413e-08,0.0087126421614024223,build/runs/a1-publication/work/nnn_tfim_expensive/checkpoints/response_j2_0p2_L16_neig160.json,025e01e2e5f2291df98874c63f776562fd7513fdefb704603a3b378a41198352
NNN-TFIM,0.20000000000000001,16,25,8.0346601189001426e-06,2.0563128321144897e-06,160,3.9073140980393375,0.75007512347302263,0.99999996496876553,3.5031234468796413e-08,0.0087126421614024223,build/runs/a1-publication/work/nnn_tfim_expensive/checkpoints/response_j2_0p2_L16_neig160.json,025e01e2e5f2291df98874c63f776562fd7513fdefb704603a3b378a41198352
NNN-TFIM,0.20000000000000001,16,26,5.8935483230809726e-06,1.5083374858546215e-06,160,3.9073140980393375,0.75007512347302263,0.99999996496876553,3.5031234468796413e-08,0.0087126421614024223,build/runs/a1-publication/work/nnn_tfim_expensive/checkpoints/response_j2_0p2_L16_neig160.json,025e01e2e5f2291df98874c63f776562fd7513fdefb704603a3b378a41198352
NNN-TFIM,0.20000000000000001,16,27,5.3039968002440257e-06,1.3574533982065925e-06,160,3.9073140980393375,0.75007512347302263,0.99999996496876553,3.5031234468796413e-08,0.0087126421614024223,build/runs/a1-publication/work/nnn_tfim_expensive/checkpoints/response_j2_0p2_L16_neig160.json,025e01e2e5f2291df98874c63f776562fd7513fdefb704603a3b378a41198352
NNN-TFIM,0.20000000000000001,16,28,4.4673074366494048e-06,1.1433192532156726e-06,160,3.9073140980393375,0.75007512347302263,0.99999996496876553,3.5031234468796413e-08,0.0087126421614024223,build/runs/a1-publication/work/nnn_tfim_expensive/checkpoints/response_j2_0p2_L16_neig160.json,025e01e2e5f2291df98874c63f776562fd7513fdefb704603a3b378a41198352
NNN-TFIM,0.20000000000000001,16,29,4.3119391832450514e-06,1.103555812267243e-06,160,3.9073140980393375,0.75007512347302263,0.99999996496876553,3.5031234468796413e-08,0.0087126421614024223,build/runs/a1-publication/work/nnn_tfim_expensive/checkpoints/response_j2_0p2_L16_neig160.json,025e01e2e5f2291df98874c63f776562fd7513fdefb704603a3b378a41198352
NNN-TFIM,0.20000000000000001,16,30,3.5435276326478463e-06,9.0689602722902759e-07,160,3.9073140980393375,0.75007512347302263,0.99999996496876553,3.5031234468796413e-08,0.0087126421614024223,build/runs/a1-publication/work/nnn_tfim_expensive/checkpoints/response_j2_0p2_L16_neig160.json,025e01e2e5f2291df98874c63f776562fd7513fdefb704603a3b378a41198352
NNN-TFIM,0.20000000000000001,16,31,3.379031785008454e-06,8.6479655851164567e-07,160,3.9073140980393375,0.75007512347302263,0.99999996496876553,3.5031234468796413e-08,0.0087126421614024223,build/runs/a1-publication/work/nnn_tfim_expensive/checkpoints/response_j2_0p2_L16_neig160.json,025e01e2e5f2291df98874c63f776562fd7513fdefb704603a3b378a41198352
NNN-TFIM,0.20000000000000001,16,32,3.0719348420558713e-06,7.8620115121979735e-07,160,3.9073140980393375,0.75007512347302263,0.99999996496876553,3.5031234468796413e-08,0.0087126421614024223,build/runs/a1-publication/work/nnn_tfim_expensive/checkpoints/response_j2_0p2_L16_neig160.json,025e01e2e5f2291df98874c63f776562fd7513fdefb704603a3b378a41198352
NNN-TFIM,0.20000000000000001,16,33,2.5131870140836581e-06,6.4320066189323182e-07,160,3.9073140980393375,0.75007512347302263,0.99999996496876553,3.5031234468796413e-08,0.0087126421614024223,build/runs/a1-publication/work/nnn_tfim_expensive/checkpoints/response_j2_0p2_L16_neig160.json,025e01e2e5f2291df98874c63f776562fd7513fdefb704603a3b378a41198352
NNN-TFIM,0.20000000000000001,16,34,2.142156388111695e-06,5.4824268906014342e-07,160,3.9073140980393375,0.75007512347302263,0.99999996496876553,3.5031234468796413e-08,0.0087126421614024223,build/runs/a1-publication/work/nnn_tfim_expensive/checkpoints/response_j2_0p2_L16_neig160.json,025e01e2e5f2291df98874c63f776562fd7513fdefb704603a3b378a41198352
NNN-TFIM,0.20000000000000001,16,35,1.8766275810627009e-06,4.8028582652323228e-07,160,3.9073140980393375,0.75007512347302263,0.99999996496876553,3.5031234468796413e-08,0.0087126421614024223,build/runs/a1-publication/work/nnn_tfim_expensive/checkpoints/response_j2_0p2_L16_neig160.json,025e01e2e5f2291df98874c63f776562fd7513fdefb704603a3b378a41198352
NNN-TFIM,0.20000000000000001,16,36,1.6662069153607372e-06,4.2643280615623608e-07,160,3.9073140980393375,0.75007512347302263,0.99999996496876553,3.5031234468796413e-08,0.0087126421614024223,build/runs/a1-publication/work/nnn_tfim_expensive/checkpoints/response_j2_0p2_L16_neig160.json,025e01e2e5f2291df98874c63f776562fd7513fdefb704603a3b378a41198352
NNN-TFIM,0.20000000000000001,16,37,1.580985249816225e-06,4.046220012385368e-07,160,3.9073140980393375,0.75007512347302263,0.99999996496876553,3.5031234468796413e-08,0.0087126421614024223,build/runs/a1-publication/work/nnn_tfim_expensive/checkpoints/response_j2_0p2_L16_neig160.json,025e01e2e5f2291df98874c63f776562fd7513fdefb704603a3b378a41198352
NNN-TFIM,0.20000000000000001,16,38,1.5756366106127373e-06,4.0325312249746712e-07,160,3.9073140980393375,0.75007512347302263,0.99999996496876553,3.5031234468796413e-08,0.0087126421614024223,build/runs/a1-publication/work/nnn_tfim_expensive/checkpoints/response_j2_0p2_L16_neig160.json,025e01e2e5f2291df98874c63f776562fd7513fdefb704603a3b378a41198352
NNN-TFIM,0.20000000000000001,16,39,1.5489000170575894e-06,3.9641041856215668e-07,160,3.9073140980393375,0.75007512347302263,0.99999996496876553,3.5031234468796413e-08,0.0087126421614024223,build/runs/a1-publication/work/nnn_tfim_expensive/checkpoints/response_j2_0p2_L16_neig160.json,025e01e2e5f2291df98874c63f776562fd7513fdefb704603a3b378a41198352
NNN-TFIM,0.20000000000000001,16,40,1.5185289874923686e-06,3.8863755239292273e-07,160,3.9073140980393375,0.75007512347302263,0.99999996496876553,3.5031234468796413e-08,0.0087126421614024223,build/runs/a1-publication/work/nnn_tfim_expensive/checkpoints/response_j2_0p2_L16_neig160.json,025e01e2e5f2291df98874c63f776562fd7513fdefb704603a3b378a41198352
NNN-TFIM,0.20000000000000001,16,41,1.2145497243287523e-06,3.1084005376946911e-07,160,3.9073140980393375,0.75007512347302263,0.99999996496876553,3.5031234468796413e-08,0.0087126421614024223,build/runs/a1-publication/work/nnn_tfim_expensive/checkpoints/response_j2_0p2_L16_neig160.json,025e01e2e5f2291df98874c63f776562fd7513fdefb704603a3b378a41198352
NNN-TFIM,0.20000000000000001,16,42,8.6377251278650854e-07,2.2106554300816088e-07,160,3.9073140980393375,0.75007512347302263,0.99999996496876553,3.5031234468796413e-08,0.0087126421614024223,build/runs/a1-publication/work/nnn_tfim_expensive/checkpoints/response_j2_0p2_L16_neig160.json,025e01e2e5f2291df98874c63f776562fd7513fdefb704603a3b378a41198352
NNN-TFIM,0.20000000000000001,16,43,8.3632302734306776e-07,2.1404038845065687e-07,160,3.9073140980393375,0.75007512347302263,0.99999996496876553,3.5031234468796413e-08,0.0087126421614024223,build/runs/a1-publication/work/nnn_tfim_expensive/checkpoints/response_j2_0p2_L16_neig160.json,025e01e2e5f2291df98874c63f776562fd7513fdefb704603a3b378a41198352
NNN-TFIM,0.20000000000000001,16,44,6.5029771300133356e-07,1.6643087724318051e-07,160,3.9073140980393375,0.75007512347302263,0.99999996496876553,3.5031234468796413e-08,0.0087126421614024223,build/runs/a1-publication/work/nnn_tfim_expensive/checkpoints/response_j2_0p2_L16_neig160.json,025e01e2e5f2291df98874c63f776562fd7513fdefb704603a3b378a41198352
NNN-TFIM,0.20000000000000001,16,45,6.1083448018517884e-07,1.5633104092954575e-07,160,3.9073140980393375,0.75007512347302263,0.99999996496876553,3.5031234468796413e-08,0.0087126421614024223,build/runs/a1-publication/work/nnn_tfim_expensive/checkpoints/response_j2_0p2_L16_neig160.json,025e01e2e5f2291df98874c63f776562fd7513fdefb704603a3b378a41198352
NNN-TFIM,0.20000000000000001,16,46,5.7211091923123492e-07,1.4642050904438834e-07,160,3.9073140980393375,0.75007512347302263,0.99999996496876553,3.5031234468796413e-08,0.0087126421614024223,build/runs/a1-publication/work/nnn_tfim_expensive/checkpoints/response_j2_0p2_L16_neig160.json,025e01e2e5f2291df98874c63f776562fd7513fdefb704603a3b378a41198352
NNN-TFIM,0.20000000000000001,16,47,5.1398421683430235e-07,1.3154412569294493e-07,160,3.9073140980393375,0.75007512347302263,0.99999996496876553,3.5031234468796413e-08,0.0087126421614024223,build/runs/a1-publication/work/nnn_tfim_expensive/checkpoints/response_j2_0p2_L16_neig160.json,025e01e2e5f2291df98874c63f776562fd7513fdefb704603a3b378a41198352
NNN-TFIM,0.20000000000000001,16,48,4.8294662008521754e-07,1.2360066479619765e-07,160,3.9073140980393375,0.75007512347302263,0.99999996496876553,3.5031234468796413e-08,0.0087126421614024223,build/runs/a1-publication/work/nnn_tfim_expensive/checkpoints/response_j2_0p2_L16_neig160.json,025e01e2e5f2291df98874c63f776562fd7513fdefb704603a3b378a41198352
NNN-TFIM,0.20000000000000001,16,49,4.6541660153290151e-07,1.191142022000341e-07,160,3.9073140980393375,0.75007512347302263,0.99999996496876553,3.5031234468796413e-08,0.0087126421614024223,build/runs/a1-publication/work/nnn_tfim_expensive/checkpoints/response_j2_0p2_L16_neig160.json,025e01e2e5f2291df98874c63f776562fd7513fdefb704603a3b378a41198352
NNN-TFIM,0.20000000000000001,16,50,4.1494501316435066e-07,1.061969943426271e-07,160,3.9073140980393375,0.75007512347302263,0.99999996496876553,3.5031234468796413e-08,0.0087126421614024223,build/runs/a1-publication/work/nnn_tfim_expensive/checkpoints/response_j2_0p2_L16_neig160.json,025e01e2e5f2291df98874c63f776562fd7513fdefb704603a3b378a41198352
NNN-TFIM,0.20000000000000001,16,51,3.6432279469185523e-07,9.3241235680200332e-08,160,3.9073140980393375,0.75007512347302263,0.99999996496876553,3.5031234468796413e-08,0.0087126421614024223,build/runs/a1-publication/work/nnn_tfim_expensive/checkpoints/response_j2_0p2_L16_neig160.json,025e01e2e5f2291df98874c63f776562fd7513fdefb704603a3b378a41198352
NNN-TFIM,0.20000000000000001,16,52,3.4538239377941953e-07,8.839381352851309e-08,160,3.9073140980393375,0.75007512347302263,0.99999996496876553,3.5031234468796413e-08,0.0087126421614024223,build/runs/a1-publication/work/nnn_tfim_expensive/checkpoints/response_j2_0p2_L16_neig160.json,025e01e2e5f2291df98874c63f776562fd7513fdefb704603a3b378a41198352
NNN-TFIM,0.20000000000000001,16,53,2.7342539026038819e-07,6.997783730711363e-08,160,3.9073140980393375,0.75007512347302263,0.99999996496876553,3.5031234468796413e-08,0.0087126421614024223,build/runs/a1-publication/work/nnn_tfim_expensive/checkpoints/response_j2_0p2_L16_neig160.json,025e01e2e5f2291df98874c63f776562fd7513fdefb704603a3b378a41198352
NNN-TFIM,0.20000000000000001,16,54,2.3178498583896809e-07,5.9320796850009103e-08,160,3.9073140980393375,0.75007512347302263,0.99999996496876553,3.5031234468796413e-08,0.0087126421614024223,build/runs/a1-publication/work/nnn_tfim_expensive/checkpoints/response_j2_0p2_L16_neig160.json,025e01e2e5f2291df98874c63f776562fd7513fdefb704603a3b378a41198352
NNN-TFIM,0.20000000000000001,16,55,2.2246878526727722e-07,5.6936499008080891e-08,160,3.9073140980393375,0.75007512347302263,0.99999996496876553,3.5031234468796413e-08,0.0087126421614024223,build/runs/a1-publication/work/nnn_tfim_expensive/checkpoints/response_j2_0p2_L16_neig160.json,025e01e2e5f2291df98874c63f776562fd7513fdefb704603a3b378a41198352
NNN-TFIM,0.20000000000000001,16,56,1.5143999340374144e-07,3.8758080257671877e-08,160,3.9073140980393375,0.75007512347302263,0.99999996496876553,3.5031234468796413e-08,0.0087126421614024223,build/runs/a1-publication/work/nnn_tfim_expensive/checkpoints/response_j2_0p2_L16_neig160.json,025e01e2e5f2291df98874c63f776562fd7513fdefb704603a3b378a41198352
NNN-TFIM,0.20000000000000001,16,57,1.2477161612410754e-07,3.1932834933008597e-08,160,3.9073140980393375,0.75007512347302263,0.99999996496876553,3.5031234468796413e-08,0.0087126421614024223,build/runs/a1-publication/work/nnn_tfim_expensive/checkpoints/response_j2_0p2_L16_neig160.json,025e01e2e5f2291df98874c63f776562fd7513fdefb704603a3b378a41198352
NNN-TFIM,0.20000000000000001,16,58,8.5493433969920586e-08,2.1880358687524146e-08,160,3.9073140980393375,0.75007512347302263,0.99999996496876553,3.5031234468796413e-08,0.0087126421614024223,build/runs/a1-publication/work/nnn_tfim_expensive/checkpoints/response_j2_0p2_L16_neig160.json,025e01e2e5f2291df98874c63f776562fd7513fdefb704603a3b378a41198352
NNN-TFIM,0.20000000000000001,16,59,7.1267890003211854e-08,1.8239611204784785e-08,160,3.9073140980393375,0.75007512347302263,0.99999996496876553,3.5031234468796413e-08,0.0087126421614024223,build/runs/a1-publication/work/nnn_tfim_expensive/checkpoints/response_j2_0p2_L16_neig160.json,025e01e2e5f2291df98874c63f776562fd7513fdefb704603a3b378a41198352
NNN-TFIM,0.20000000000000001,16,60,6.7874784974700904e-08,1.7371212877091194e-08,160,3.9073140980393375,0.75007512347302263,0.99999996496876553,3.5031234468796413e-08,0.0087126421614024223,build/runs/a1-publication/work/nnn_tfim_expensive/checkpoints/response_j2_0p2_L16_neig160.json,025e01e2e5f2291df98874c63f776562fd7513fdefb704603a3b378a41198352
NNN-TFIM,0.20000000000000001,16,61,6.2840720746495619e-08,1.6082843398238356e-08,160,3.9073140980393375,0.75007512347302263,0.99999996496876553,3.5031234468796413e-08,0.0087126421614024223,build/runs/a1-publication/work/nnn_tfim_expensive/checkpoints/response_j2_0p2_L16_neig160.json,025e01e2e5f2291df98874c63f776562fd7513fdefb704603a3b378a41198352
NNN-TFIM,0.20000000000000001,16,62,6.1311015241267899e-08,1.5691345436506712e-08,160,3.9073140980393375,0.75007512347302263,0.99999996496876553,3.5031234468796413e-08,0.0087126421614024223,build/runs/a1-publication/work/nnn_tfim_expensive/checkpoints/response_j2_0p2_L16_neig160.json,025e01e2e5f2291df98874c63f776562fd7513fdefb704603a3b378a41198352
NNN-TFIM,0.20000000000000001,16,63,5.9612179200541276e-08,1.52565618490856e-08,160,3.9073140980393375,0.75007512347302263,0.99999996496876553,3.5031234468796413e-08,0.0087126421614024223,build/runs/a1-publication/work/nnn_tfim_expensive/checkpoints/response_j2_0p2_L16_neig160.json,025e01e2e5f2291df98874c63f776562fd7513fdefb704603a3b378a41198352
NNN-TFIM,0.20000000000000001,16,64,5.385789872077311e-08,1.3783867221680136e-08,160,3.9073140980393375,0.75007512347302263,0.99999996496876553,3.5031234468796413e-08,0.0087126421614024223,build/runs/a1-publication/work/nnn_tfim_expensive/checkpoints/response_j2_0p2_L16_neig160.json,025e01e2e5f2291df98874c63f776562fd7513fdefb704603a3b378a41198352
NNN-TFIM,0.20000000000000001,16,65,5.055829526022124e-08,1.2939398776666313e-08,160,3.9073140980393375,0.75007512347302263,0.99999996496876553,3.5031234468796413e-08,0.0087126421614024223,build/runs/a1-publication/work/nnn_tfim_expensive/checkpoints/response_j2_0p2_L16_neig160.json,025e01e2e5f2291df98874c63f776562fd7513fdefb704603a3b378a41198352
NNN-TFIM,0.20000000000000001,16,66,4.2649875834514427e-08,1.0915394760793823e-08,160,3.9073140980393375,0.75007512347302263,0.99999996496876553,3.5031234468796413e-08,0.0087126421614024223,build/runs/a1-publication/work/nnn_tfim_expensive/checkpoints/response_j2_0p2_L16_neig160.json,025e01e2e5f2291df98874c63f776562fd7513fdefb704603a3b378a41198352
NNN-TFIM,0.20000000000000001,16,67,4.0693082865051355e-08,1.0414592183789589e-08,160,3.9073140980393375,0.75007512347302263,0.99999996496876553,3.5031234468796413e-08,0.0087126421614024223,build/runs/a1-publication/work/nnn_tfim_expensive/checkpoints/response_j2_0p2_L16_neig160.json,025e01e2e5f2291df98874c63f776562fd7513fdefb704603a3b378a41198352
NNN-TFIM,0.20000000000000001,16,68,3.9403983534790435e-08,1.0084672628331332e-08,160,3.9073140980393375,0.75007512347302263,0.99999996496876553,3.5031234468796413e-08,0.0087126421614024223,build/runs/a1-publication/work/nnn_tfim_expensive/checkpoints/response_j2_0p2_L16_neig160.json,025e01e2e5f2291df98874c63f776562fd7513fdefb704603a3b378a41198352
NNN-TFIM,0.20000000000000001,16,69,3.9041301890096776e-08,9.9918514126334054e-09,160,3.9073140980393375,0.75007512347302263,0.99999996496876553,3.5031234468796413e-08,0.0087126421614024223,build/runs/a1-publication/work/nnn_tfim_expensive/checkpoints/response_j2_0p2_L16_neig160.json,025e01e2e5f2291df98874c63f776562fd7513fdefb704603a3b378a41198352
NNN-TFIM,0.20000000000000001,16,70,3.728229440965123e-08,9.5416681316608827e-09,160,3.9073140980393375,0.75007512347302263,0.99999996496876553,3.5031234468796413e-08,0.0087126421614024223,build/runs/a1-publication/work/nnn_tfim_expensive/checkpoints/response_j2_0p2_L16_neig160.json,025e01e2e5f2291df98874c63f776562fd7513fdefb704603a3b378a41198352
NNN-TFIM,0.20000000000000001,16,71,3.7162601259628888e-08,9.5110350299907594e-09,160,3.9073140980393375,0.75007512347302263,0.99999996496876553,3.5031234468796413e-08,0.0087126421614024223,build/runs/a1-publication/work/nnn_tfim_expensive/checkpoints/response_j2_0p2_L16_neig160.json,025e01e2e5f2291df98874c63f776562fd7513fdefb704603a3b378a41198352
NNN-TFIM,0.20000000000000001,16,72,3.5173973307621848e-08,9.0020849169182216e-09,160,3.9073140980393375,0.75007512347302263,0.99999996496876553,3.5031234468796413e-08,0.0087126421614024223,build/runs/a1-publication/work/nnn_tfim_expensive/checkpoints/response_j2_0p2_L16_neig160.json,025e01e2e5f2291df98874c63f776562fd7513fdefb704603a3b378a41198352
NNN-TFIM,0.20000000000000001,16,73,3.0559436414426072e-08,7.8210851873312624e-09,160,3.9073140980393375,0.75007512347302263,0.99999996496876553,3.5031234468796413e-08,0.0087126421614024223,build/runs/a1-publication/work/nnn_tfim_expensive/checkpoints/response_j2_0p2_L16_neig160.json,025e01e2e5f2291df98874c63f776562fd7513fdefb704603a3b378a41198352
NNN-TFIM,0.20000000000000001,16,74,2.7437578285890916e-08,7.0221071553113426e-09,160,3.9073140980393375,0.75007512347302263,0.99999996496876553,3.5031234468796413e-08,0.0087126421614024223,build/runs/a1-publication/work/nnn_tfim_expensive/checkpoints/response_j2_0p2_L16_neig160.json,025e01e2e5f2291df98874c63f776562fd7513fdefb704603a3b378a41198352
NNN-TFIM,0.20000000000000001,16,75,2.4959569713826777e-08,6.3879097220137262e-09,160,3.9073140980393375,0.75007512347302263,0.99999996496876553,3.5031234468796413e-08,0.0087126421614024223,build/runs/a1-publication/work/nnn_tfim_expensive/checkpoints/response_j2_0p2_L16_neig160.json,025e01e2e5f2291df98874c63f776562fd7513fdefb704603a3b378a41198352
NNN-TFIM,0.20000000000000001,16,76,2.4444390191380268e-08,6.2560596814180591e-09,160,3.9073140980393375,0.75007512347302263,0.99999996496876553,3.5031234468796413e-08,0.0087126421614024223,build/runs/a1-publication/work/nnn_tfim_expensive/checkpoints/response_j2_0p2_L16_neig160.json,025e01e2e5f2291df98874c63f776562fd7513fdefb704603a3b378a41198352
NNN-TFIM,0.20000000000000001,16,77,2.2028299680686559e-08,5.6377089550441321e-09,160,3.9073140980393375,0.75007512347302263,0.99999996496876553,3.5031234468796413e-08,0.0087126421614024223,build/runs/a1-publication/work/nnn_tfim_expensive/checkpoints/response_j2_0p2_L16_neig160.json,025e01e2e5f2291df98874c63f776562fd7513fdefb704603a3b378a41198352
NNN-TFIM,0.20000000000000001,16,78,1.6454513836845441e-08,4.2112083707583678e-09,160,3.9073140980393375,0.75007512347302263,0.99999996496876553,3.5031234468796413e-08,0.0087126421614024223,build/runs/a1-publication/work/nnn_tfim_expensive/checkpoints/response_j2_0p2_L16_neig160.json,025e01e2e5f2291df98874c63f776562fd7513fdefb704603a3b378a41198352
NNN-TFIM,0.20000000000000001,16,79,1.137259354707757e-08,2.9105910765618397e-09,160,3.9073140980393375,0.75007512347302263,0.99999996496876553,3.5031234468796413e-08,0.0087126421614024223,build/runs/a1-publication/work/nnn_tfim_expensive/checkpoints/response_j2_0p2_L16_neig160.json,025e01e2e5f2291df98874c63f776562fd7513fdefb704603a3b378a41198352
NNN-TFIM,0.20000000000000001,16,80,1.082294722655222e-08,2.7699199386051655e-09,160,3.9073140980393375,0.75007512347302263,0.99999996496876553,3.5031234468796413e-08,0.0087126421614024223,build/runs/a1-publication/work/nnn_tfim_expensive/checkpoints/response_j2_0p2_L16_neig160.json,025e01e2e5f2291df98874c63f776562fd7513fdefb704603a3b378a41198352
NNN-TFIM,0.20000000000000001,16,81,9.4784662357584424e-09,2.4258265391345602e-09,160,3.9073140980393375,0.75007512347302263,0.99999996496876553,3.5031234468796413e-08,0.0087126421614024223,build/runs/a1-publication/work/nnn_tfim_expensive/checkpoints/response_j2_0p2_L16_neig160.json,025e01e2e5f2291df98874c63f776562fd7513fdefb704603a3b378a41198352
NNN-TFIM,0.20000000000000001,16,82,8.5031826815292079e-09,2.1762219438145617e-09,160,3.9073140980393375,0.75007512347302263,0.99999996496876553,3.5031234468796413e-08,0.0087126421614024223,build/runs/a1-publication/work/nnn_tfim_expensive/checkpoints/response_j2_0p2_L16_neig160.json,025e01e2e5f2291df98874c63f776562fd7513fdefb704603a3b378a41198352
NNN-TFIM,0.20000000000000001,16,83,8.3792642742722957e-09,2.1445074708677635e-09,160,3.9073140980393375,0.75007512347302263,0.99999996496876553,3.5031234468796413e-08,0.0087126421614024223,build/runs/a1-publication/work/nnn_tfim_expensive/checkpoints/response_j2_0p2_L16_neig160.json,025e01e2e5f2291df98874c63f776562fd7513fdefb704603a3b378a41198352
NNN-TFIM,0.20000000000000001,16,84,8.2669226211625994e-09,2.1157558398775473e-09,160,3.9073140980393375,0.75007512347302263,0.99999996496876553,3.5031234468796413e-08,0.0087126421614024223,build/runs/a1-publication/work/nnn_tfim_expensive/checkpoints/response_j2_0p2_L16_neig160.json,025e01e2e5f2291df98874c63f776562fd7513fdefb704603a3b378a41198352
NNN-TFIM,0.20000000000000001,16,85,7.6660801984485398e-09,1.9619820690369697e-09,160,3.9073140980393375,0.75007512347302263,0.99999996496876553,3.5031234468796413e-08,0.0087126421614024223,build/runs/a1-publication/work/nnn_tfim_expensive/checkpoints/response_j2_0p2_L16_neig160.json,025e01e2e5f2291df98874c63f776562fd7513fdefb704603a3b378a41198352
NNN-TFIM,0.20000000000000001,16,86,3.6617210936823382e-09,9.371453130731834e-10,160,3.9073140980393375,0.75007512347302263,0.99999996496876553,3.5031234468796413e-08,0.0087126421614024223,build/runs/a1-publication/work/nnn_tfim_expensive/checkpoints/response_j2_0p2_L16_neig160.json,025e01e2e5f2291df98874c63f776562fd7513fdefb704603a3b378a41198352
NNN-TFIM,0.20000000000000001,16,87,3.0715561243050315e-09,7.8610422587892707e-10,160,3.9073140980393375,0.75007512347302263,0.99999996496876553,3.5031234468796413e-08,0.0087126421614024223,build/runs/a1-publication/work/nnn_tfim_expensive/checkpoints/response_j2_0p2_L16_neig160.json,025e01e2e5f2291df98874c63f776562fd7513fdefb704603a3b378a41198352
NNN-TFIM,0.20000000000000001,16,88,2.9758256191328967e-09,7.6160389066907755e-10,160,3.9073140980393375,0.75007512347302263,0.99999996496876553,3.5031234468796413e-08,0.0087126421614024223,build/runs/a1-publication/work/nnn_tfim_expensive/checkpoints/response_j2_0p2_L16_neig160.json,025e01e2e5f2291df98874c63f776562fd7513fdefb704603a3b378a41198352
NNN-TFIM,0.20000000000000001,16,89,2.7274551404240035e-09,6.9803836394740342e-10,160,3.9073140980393375,0.75007512347302263,0.99999996496876553,3.5031234468796413e-08,0.0087126421614024223,build/runs/a1-publication/work/nnn_tfim_expensive/checkpoints/response_j2_0p2_L16_neig160.json,025e01e2e5f2291df98874c63f776562fd7513fdefb704603a3b378a41198352
NNN-TFIM,0.20000000000000001,16,90,2.3141889790792635e-09,5.922710386248464e-10,160,3.9073140980393375,0.75007512347302263,0.99999996496876553,3.5031234468796413e-08,0.0087126421614024223,build/runs/a1-publication/work/nnn_tfim_expensive/checkpoints/response_j2_0p2_L16_neig160.json,025e01e2e5f2291df98874c63f776562fd7513fdefb704603a3b378a41198352
NNN-TFIM,0.20000000000000001,16,91,2.2759385303280373e-09,5.8248159047927247e-10,160,3.9073140980393375,0.75007512347302263,0.99999996496876553,3.5031234468796413e-08,0.0087126421614024223,build/runs/a1-publication/work/nnn_tfim_expensive/checkpoints/response_j2_0p2_L16_neig160.json,025e01e2e5f2291df98874c63f776562fd7513fdefb704603a3b378a41198352
NNN-TFIM,0.20000000000000001,16,92,2.0750620369141288e-09,5.3107121281992149e-10,160,3.9073140980393375,0.75007512347302263,0.99999996496876553,3.5031234468796413e-08,0.0087126421614024223,build/runs/a1-publication/work/nnn_tfim_expensive/checkpoints/response_j2_0p2_L16_neig160.json,025e01e2e5f2291df98874c63f776562fd7513fdefb704603a3b378a41198352
NNN-TFIM,0.20000000000000001,16,93,1.5026176328952549e-09,3.8456535491970246e-10,160,3.9073140980393375,0.75007512347302263,0.99999996496876553,3.5031234468796413e-08,0.0087126421614024223,build/runs/a1-publication/work/nnn_tfim_expensive/checkpoints/response_j2_0p2_L16_neig160.json,025e01e2e5f2291df98874c63f776562fd7513fdefb704603a3b378a41198352
NNN-TFIM,0.20000000000000001,16,94,1.1145431283754963e-09,2.8524533743902649e-10,160,3.9073140980393375,0.75007512347302263,0.99999996496876553,3.5031234468796413e-08,0.0087126421614024223,build/runs/a1-publication/work/nnn_tfim_expensive/checkpoints/response_j2_0p2_L16_neig160.json,025e01e2e5f2291df98874c63f776562fd7513fdefb704603a3b378a41198352
NNN-TFIM,0.20000000000000001,16,95,6.4267211591175955e-10,1.6447925602762467e-10,160,3.9073140980393375,0.75007512347302263,0.99999996496876553,3.5031234468796413e-08,0.0087126421614024223,build/runs/a1-publication/work/nnn_tfim_expensive/checkpoints/response_j2_0p2_L16_neig160.json,025e01e2e5f2291df98874c63f776562fd7513fdefb704603a3b378a41198352
NNN-TFIM,0.20000000000000001,16,96,5.5614356099883376e-10,1.4233397854498122e-10,160,3.9073140980393375,0.75007512347302263,0.99999996496876553,3.5031234468796413e-08,0.0087126421614024223,build/runs/a1-publication/work/nnn_tfim_expensive/checkpoints/response_j2_0p2_L16_neig160.json,025e01e2e5f2291df98874c63f776562fd7513fdefb704603a3b378a41198352
NNN-TFIM,0.20000000000000001,16,97,5.3673664473970197e-10,1.3736716098893421e-10,160,3.9073140980393375,0.75007512347302263,0.99999996496876553,3.5031234468796413e-08,0.0087126421614024223,build/runs/a1-publication/work/nnn_tfim_expensive/checkpoints/response_j2_0p2_L16_neig160.json,025e01e2e5f2291df98874c63f776562fd7513fdefb704603a3b378a41198352
NNN-TFIM,0.20000000000000001,16,98,4.0109305028363118e-10,1.0265185757267297e-10,160,3.9073140980393375,0.75007512347302263,0.99999996496876553,3.5031234468796413e-08,0.0087126421614024223,build/runs/a1-publication/work/nnn_tfim_expensive/checkpoints/response_j2_0p2_L16_neig160.json,025e01e2e5f2291df98874c63f776562fd7513fdefb704603a3b378a41198352
NNN-TFIM,0.20000000000000001,16,99,7.743059333267242e-11,1.9816833607394539e-11,160,3.9073140980393375,0.75007512347302263,0.99999996496876553,3.5031234468796413e-08,0.0087126421614024223,build/runs/a1-publication/work/nnn_tfim_expensive/checkpoints/response_j2_0p2_L16_neig160.json,025e01e2e5f2291df98874c63f776562fd7513fdefb704603a3b378a41198352
NNN-TFIM,0.20000000000000001,16,100,5.256100471245657e-11,1.3451952772066958e-11,160,3.9073140980393375,0.75007512347302263,0.99999996496876553,3.5031234468796413e-08,0.0087126421614024223,build/runs/a1-publication/work/nnn_tfim_expensive/checkpoints/response_j2_0p2_L16_neig160.json,025e01e2e5f2291df98874c63f776562fd7513fdefb704603a3b378a41198352
NNN-TFIM,0.20000000000000001,16,101,2.207826783636114e-26,5.6504973192300708e-27,160,3.9073140980393375,0.75007512347302263,0.99999996496876553,3.5031234468796413e-08,0.0087126421614024223,build/runs/a1-publication/work/nnn_tfim_expensive/checkpoints/response_j2_0p2_L16_neig160.json,025e01e2e5f2291df98874c63f776562fd7513fdefb704603a3b378a41198352
NNN-TFIM,0.20000000000000001,16,102,1.2081749630979594e-26,3.0920855932831532e-27,160,3.9073140980393375,0.75007512347302263,0.99999996496876553,3.5031234468796413e-08,0.0087126421614024223,build/runs/a1-publication/work/nnn_tfim_expensive/checkpoints/response_j2_0p2_L16_neig160.json,025e01e2e5f2291df98874c63f776562fd7513fdefb704603a3b378a41198352
NNN-TFIM,0.20000000000000001,16,103,2.3098939673959904e-27,5.9117181507242503e-28,160,3.9073140980393375,0.75007512347302263,0.99999996496876553,3.5031234468796413e-08,0.0087126421614024223,build/runs/a1-publication/work/nnn_tfim_expensive/checkpoints/response_j2_0p2_L16_neig160.json,025e01e2e5f2291df98874c63f776562fd7513fdefb704603a3b378a41198352
NNN-TFIM,0.20000000000000001,16,104,3.6784849592084941e-28,9.4143569390910539e-29,160,3.9073140980393375,0.75007512347302263,0.99999996496876553,3.5031234468796413e-08,0.0087126421614024223,build/runs/a1-publication/work/nnn_tfim_expensive/checkpoints/response_j2_0p2_L16_neig160.json,025e01e2e5f2291df98874c63f776562fd7513fdefb704603a3b378a41198352
NNN-TFIM,0.20000000000000001,16,105,3.1413160744250837e-28,8.0395790960377973e-29,160,3.9073140980393375,0.75007512347302263,0.99999996496876553,3.5031234468796413e-08,0.0087126421614024223,build/runs/a1-publication/work/nnn_tfim_expensive/checkpoints/response_j2_0p2_L16_neig160.json,025e01e2e5f2291df98874c63f776562fd7513fdefb704603a3b378a41198352
NNN-TFIM,0.20000000000000001,16,106,2.7951308010508604e-28,7.1535861487394562e-29,160,3.9073140980393375,0.75007512347302263,0.99999996496876553,3.5031234468796413e-08,0.0087126421614024223,build/runs/a1-publication/work/nnn_tfim_expensive/checkpoints/response_j2_0p2_L16_neig160.json,025e01e2e5f2291df98874c63f776562fd7513fdefb704603a3b378a41198352
NNN-TFIM,0.20000000000000001,16,107,2.1612427657450994e-28,5.5312747107523184e-29,160,3.9073140980393375,0.75007512347302263,0.99999996496876553,3.5031234468796413e-08,0.0087126421614024223,build/runs/a1-publication/work/nnn_tfim_expensive/checkpoints/response_j2_0p2_L16_neig160.json,025e01e2e5f2291df98874c63f776562fd7513fdefb704603a3b378a41198352
NNN-TFIM,0.20000000000000001,16,108,1.1221555613731441e-28,2.8719358956481993e-29,160,3.9073140980393375,0.75007512347302263,0.99999996496876553,3.5031234468796413e-08,0.0087126421614024223,build/runs/a1-publication/work/nnn_tfim_expensive/checkpoints/response_j2_0p2_L16_neig160.json,025e01e2e5f2291df98874c63f776562fd7513fdefb704603a3b378a41198352
NNN-TFIM,0.20000000000000001,16,109,1.0950413628088262e-28,2.8025424507292879e-29,160,3.9073140980393375,0.75007512347302263,0.99999996496876553,3.5031234468796413e-08,0.0087126421614024223,build/runs/a1-publication/work/nnn_tfim_expensive/checkpoints/response_j2_0p2_L16_neig160.json,025e01e2e5f2291df98874c63f776562fd7513fdefb704603a3b378a41198352
NNN-TFIM,0.20000000000000001,16,110,7.7815916755038478e-29,1.9915449539643091e-29,160,3.9073140980393375,0.75007512347302263,0.99999996496876553,3.5031234468796413e-08,0.0087126421614024223,build/runs/a1-publication/work/nnn_tfim_expensive/checkpoints/response_j2_0p2_L16_neig160.json,025e01e2e5f2291df98874c63f776562fd7513fdefb704603a3b378a41198352
NNN-TFIM,0.20000000000000001,16,111,6.2710759411464543e-29,1.6049582357080623e-29,160,3.9073140980393375,0.75007512347302263,0.99999996496876553,3.5031234468796413e-08,0.0087126421614024223,build/runs/a1-publication/work/nnn_tfim_expensive/checkpoints/response_j2_0p2_L16_neig160.json,025e01e2e5f2291df98874c63f776562fd7513fdefb704603a3b378a41198352
NNN-TFIM,0.20000000000000001,16,112,3.1556074387751604e-29,8.0761550251581311e-30,160,3.9073140980393375,0.75007512347302263,0.99999996496876553,3.5031234468796413e-08,0.0087126421614024223,build/runs/a1-publication/work/nnn_tfim_expensive/checkpoints/response_j2_0p2_L16_neig160.json,025e01e2e5f2291df98874c63f776562fd7513fdefb704603a3b378a41198352
NNN-TFIM,0.20000000000000001,16,113,2.3690491356406924e-29,6.0631141397858555e-30,160,3.9073140980393375,0.75007512347302263,0.99999996496876553,3.5031234468796413e-08,0.0087126421614024223,build/runs/a1-publication/work/nnn_tfim_expensive/checkpoints/response_j2_0p2_L16_neig160.json,025e01e2e5f2291df98874c63f776562fd7513fdefb704603a3b378a41198352
NNN-TFIM,0.20000000000000001,16,114,1.9262774590577531e-29,4.9299273381281159e-30,160,3.9073140980393375,0.75007512347302263,0.99999996496876553,3.5031234468796413e-08,0.0087126421614024223,build/runs/a1-publication/work/nnn_tfim_expensive/checkpoints/response_j2_0p2_L16_neig160.json,025e01e2e5f2291df98874c63f776562fd7513fdefb704603a3b378a41198352
NNN-TFIM,0.20000000000000001,16,115,1.3563486135259123e-29,3.4713068350622708e-30,160,3.9073140980393375,0.75007512347302263,0.99999996496876553,3.5031234468796413e-08,0.0087126421614024223,build/runs/a1-publication/work/nnn_tfim_expensive/checkpoints/response_j2_0p2_L16_neig160.json,025e01e2e5f2291df98874c63f776562fd7513fdefb704603a3b378a41198352
NNN-TFIM,0.20000000000000001,16,116,1.0508071385165203e-29,2.6893336756413002e-30,160,3.9073140980393375,0.75007512347302263,0.99999996496876553,3.5031234468796413e-08,0.0087126421614024223,build/runs/a1-publication/work/nnn_tfim_expensive/checkpoints/response_j2_0p2_L16_neig160.json,025e01e2e5f2291df98874c63f776562fd7513fdefb704603a3b378a41198352
NNN-TFIM,0.20000000000000001,16,117,7.2365159267732514e-30,1.8520435637371677e-30,160,3.9073140980393375,0.75007512347302263,0.99999996496876553,3.5031234468796413e-08,0.0087126421614024223,build/runs/a1-publication/work/nnn_tfim_expensive/checkpoints/response_j2_0p2_L16_neig160.json,025e01e2e5f2291df98874c63f776562fd7513fdefb704603a3b378a41198352
NNN-TFIM,0.20000000000000001,16,118,3.1099818930821764e-30,7.959385437282207e-31,160,3.9073140980393375,0.75007512347302263,0.99999996496876553,3.5031234468796413e-08,0.0087126421614024223,build/runs/a1-publication/work/nnn_tfim_expensive/checkpoints/response_j2_0p2_L16_neig160.json,025e01e2e5f2291df98874c63f776562fd7513fdefb704603a3b378a41198352
NNN-TFIM,0.20000000000000001,16,119,2.9167991698291559e-30,7.4649723483780971e-31,160,3.9073140980393375,0.75007512347302263,0.99999996496876553,3.5031234468796413e-08,0.0087126421614024223,build/runs/a1-publication/work/nnn_tfim_expensive/checkpoints/response_j2_0p2_L16_neig160.json,025e01e2e5f2291df98874c63f776562fd7513fdefb704603a3b378a41198352
NNN-TFIM,0.20000000000000001,16,120,1.3090296333433828e-30,3.3502032355173203e-31,160,3.9073140980393375,0.75007512347302263,0.99999996496876553,3.5031234468796413e-08,0.0087126421614024223,build/runs/a1-publication/work/nnn_tfim_expensive/checkpoints/response_j2_0p2_L16_neig160.json,025e01e2e5f2291df98874c63f776562fd7513fdefb704603a3b378a41198352
NNN-TFIM,0.20000000000000001,16,121,1.2081398443783712e-30,3.0919957138449843e-31,160,3.9073140980393375,0.75007512347302263,0.99999996496876553,3.5031234468796413e-08,0.0087126421614024223,build/runs/a1-publication/work/nnn_tfim_expensive/checkpoints/response_j2_0p2_L16_neig160.json,025e01e2e5f2291df98874c63f776562fd7513fdefb704603a3b378a41198352
NNN-TFIM,0.20000000000000001,16,122,9.4662749249387136e-31,2.4227064135153158e-31,160,3.9073140980393375,0.75007512347302263,0.99999996496876553,3.5031234468796413e-08,0.0087126421614024223,build/runs/a1-publication/work/nnn_tfim_expensive/checkpoints/response_j2_0p2_L16_neig160.json,025e01e2e5f2291df98874c63f776562fd7513fdefb704603a3b378a41198352
NNN-TFIM,0.20000000000000001,16,123,8.0195370068398742e-31,2.0524423697762156e-31,160,3.9073140980393375,0.75007512347302263,0.99999996496876553,3.5031234468796413e-08,0.0087126421614024223,build/runs/a1-publication/work/nnn_tfim_expensive/checkpoints/response_j2_0p2_L16_neig160.json,025e01e2e5f2291df98874c63f776562fd7513fdefb704603a3b378a41198352
NNN-TFIM,0.20000000000000001,16,124,6.0468880769248668e-31,1.5475817723379731e-31,160,3.9073140980393375,0.75007512347302263,0.99999996496876553,3.5031234468796413e-08,0.0087126421614024223,build/runs/a1-publication/work/nnn_tfim_expensive/checkpoints/response_j2_0p2_L16_neig160.json,025e01e2e5f2291df98874c63f776562fd7513fdefb704603a3b378a41198352
NNN-TFIM,0.20000000000000001,16,125,4.3329871070374263e-31,1.1089426133444682e-31,160,3.9073140980393375,0.75007512347302263,0.99999996496876553,3.5031234468796413e-08,0.0087126421614024223,build/runs/a1-publication/work/nnn_tfim_expensive/checkpoints/response_j2_0p2_L16_neig160.json,025e01e2e5f2291df98874c63f776562fd7513fdefb704603a3b378a41198352
NNN-TFIM,0.20000000000000001,16,126,3.9447358317332515e-31,1.0095773548670408e-31,160,3.9073140980393375,0.75007512347302263,0.99999996496876553,3.5031234468796413e-08,0.0087126421614024223,build/runs/a1-publication/work/nnn_tfim_expensive/checkpoints/response_j2_0p2_L16_neig160.json,025e01e2e5f2291df98874c63f776562fd7513fdefb704603a3b378a41198352
NNN-TFIM,0.20000000000000001,16,127,3.202507664339682e-31,8.1961869048272259e-32,160,3.9073140980393375,0.75007512347302263,0.99999996496876553,3.5031234468796413e-08,0.0087126421614024223,build/runs/a1-publication/work/nnn_tfim_expensive/checkpoints/response_j2_0p2_L16_neig160.json,025e01e2e5f2291df98874c63f776562fd7513fdefb704603a3b378a41198352
NNN-TFIM,0.20000000000000001,16,128,2.0921923998794798e-31,5.3545539144890535e-32,160,3.9073140980393375,0.75007512347302263,0.99999996496876553,3.5031234468796413e-08,0.0087126421614024223,build/runs/a1-publication/work/nnn_tfim_expensive/checkpoints/response_j2_0p2_L16_neig160.json,025e01e2e5f2291df98874c63f776562fd7513fdefb704603a3b378a41198352
NNN-TFIM,0.20000000000000001,16,129,1.8285191074586474e-31,4.6797341129452208e-32,160,3.9073140980393375,0.75007512347302263,0.99999996496876553,3.5031234468796413e-08,0.0087126421614024223,build/runs/a1-publication/work/nnn_tfim_expensive/checkpoints/response_j2_0p2_L16_neig160.json,025e01e2e5f2291df98874c63f776562fd7513fdefb704603a3b378a41198352
NNN-TFIM,0.20000000000000001,16,130,1.7871488970806903e-31,4.5738552167522672e-32,160,3.9073140980393375,0.75007512347302263,0.99999996496876553,3.5031234468796413e-08,0.0087126421614024223,build/runs/a1-publication/work/nnn_tfim_expensive/checkpoints/response_j2_0p2_L16_neig160.json,025e01e2e5f2291df98874c63f776562fd7513fdefb704603a3b378a41198352
NNN-TFIM,0.20000000000000001,16,131,1.7849929697450478e-31,4.56833754583678e-32,160,3.9073140980393375,0.75007512347302263,0.99999996496876553,3.5031234468796413e-08,0.0087126421614024223,build/runs/a1-publication/work/nnn_tfim_expensive/checkpoints/response_j2_0p2_L16_neig160.json,025e01e2e5f2291df98874c63f776562fd7513fdefb704603a3b378a41198352
NNN-TFIM,0.20000000000000001,16,132,1.5116121699572859e-31,3.8686732932880983e-32,160,3.9073140980393375,0.75007512347302263,0.99999996496876553,3.5031234468796413e-08,0.0087126421614024223,build/runs/a1-publication/work/nnn_tfim_expensive/checkpoints/response_j2_0p2_L16_neig160.json,025e01e2e5f2291df98874c63f776562fd7513fdefb704603a3b378a41198352
NNN-TFIM,0.20000000000000001,16,133,1.5022991108522998e-31,3.8448383548334211e-32,160,3.9073140980393375,0.75007512347302263,0.99999996496876553,3.5031234468796413e-08,0.0087126421614024223,build/runs/a1-publication/work/nnn_tfim_expensive/checkpoints/response_j2_0p2_L16_neig160.json,025e01e2e5f2291df98874c63f776562fd7513fdefb704603a3b378a41198352
NNN-TFIM,0.20000000000000001,16,134,1.1602710077257949e-31,2.9694848650842038e-32,160,3.9073140980393375,0.75007512347302263,0.99999996496876553,3.5031234468796413e-08,0.0087126421614024223,build/runs/a1-publication/work/nnn_tfim_expensive/checkpoints/response_j2_0p2_L16_neig160.json,025e01e2e5f2291df98874c63f776562fd7513fdefb704603a3b378a41198352
NNN-TFIM,0.20000000000000001,16,135,1.06994999965934e-31,2.7383260541972639e-32,160,3.9073140980393375,0.75007512347302263,0.99999996496876553,3.5031234468796413e-08,0.0087126421614024223,build/runs/a1-publication/work/nnn_tfim_expensive/checkpoints/response_j2_0p2_L16_neig160.json,025e01e2e5f2291df98874c63f776562fd7513fdefb704603a3b378a41198352
NNN-TFIM,0.20000000000000001,16,136,9.8765866931062301e-32,2.5277176201581112e-32,160,3.9073140980393375,0.75007512347302263,0.99999996496876553,3.5031234468796413e-08,0.0087126421614024223,build/runs/a1-publication/work/nnn_tfim_expensive/checkpoints/response_j2_0p2_L16_neig160.json,025e01e2e5f2291df98874c63f776562fd7513fdefb704603a3b378a41198352
NNN-TFIM,0.20000000000000001,16,137,9.535726838308255e-32,2.4404812613076629e-32,160,3.9073140980393375,0.75007512347302263,0.99999996496876553,3.5031234468796413e-08,0.0087126421614024223,build/runs/a1-publication/work/nnn_tfim_expensive/checkpoints/response_j2_0p2_L16_neig160.json,025e01e2e5f2291df98874c63f776562fd7513fdefb704603a3b378a41198352
NNN-TFIM,0.20000000000000001,16,138,6.4174175517538096e-32,1.6424114854175721e-32,160,3.9073140980393375,0.75007512347302263,0.99999996496876553,3.5031234468796413e-08,0.0087126421614024223,build/runs/a1-publication/work/nnn_tfim_expensive/checkpoints/response_j2_0p2_L16_neig160.json,025e01e2e5f2291df98874c63f776562fd7513fdefb704603a3b378a41198352
NNN-TFIM,0.20000000000000001,16,139,6.0980297567456265e-32,1.5606704768898858e-32,160,3.9073140980393375,0.75007512347302263,0.99999996496876553,3.5031234468796413e-08,0.0087126421614024223,build/runs/a1-publication/work/nnn_tfim_expensive/checkpoints/response_j2_0p2_L16_neig160.json,025e01e2e5f2291df98874c63f776562fd7513fdefb704603a3b378a41198352
NNN-TFIM,0.20000000000000001,16,140,6.0332138037071152e-32,1.5440821117336174e-32,160,3.9073140980393375,0.75007512347302263,0.99999996496876553,3.5031234468796413e-08,0.0087126421614024223,build/runs/a1-publication/work/nnn_tfim_expensive/checkpoints/response_j2_0p2_L16_neig160.json,025e01e2e5f2291df98874c63f776562fd7513fdefb704603a3b378a41198352
NNN-TFIM,0.20000000000000001,16,141,4.2253419276712381e-32,1.0813929522050671e-32,160,3.9073140980393375,0.75007512347302263,0.99999996496876553,3.5031234468796413e-08,0.0087126421614024223,build/runs/a1-publication/work/nnn_tfim_expensive/checkpoints/response_j2_0p2_L16_neig160.json,025e01e2e5f2291df98874c63f776562fd7513fdefb704603a3b378a41198352
NNN-TFIM,0.20000000000000001,16,142,2.8027986115693177e-32,7.1732103978427071e-33,160,3.9073140980393375,0.75007512347302263,0.99999996496876553,3.5031234468796413e-08,0.0087126421614024223,build/runs/a1-publication/work/nnn_tfim_expensive/checkpoints/response_j2_0p2_L16_neig160.json,025e01e2e5f2291df98874c63f776562fd7513fdefb704603a3b378a41198352
NNN-TFIM,0.20000000000000001,16,143,1.671659959772538e-32,4.2782840535173895e-33,160,3.9073140980393375,0.75007512347302263,0.99999996496876553,3.5031234468796413e-08,0.0087126421614024223,build/runs/a1-publication/work/nnn_tfim_expensive/checkpoints/response_j2_0p2_L16_neig160.json,025e01e2e5f2291df98874c63f776562fd7513fdefb704603a3b378a41198352
NNN-TFIM,0.20000000000000001,16,144,1.4936447569750179e-32,3.8226892425272856e-33,160,3.9073140980393375,0.75007512347302263,0.99999996496876553,3.5031234468796413e-08,0.0087126421614024223,build/runs/a1-publication/work/nnn_tfim_expensive/checkpoints/response_j2_0p2_L16_neig160.json,025e01e2e5f2291df98874c63f776562fd7513fdefb704603a3b378a41198352
NNN-TFIM,0.20000000000000001,16,145,7.4277691044600667e-33,1.9009910434861812e-33,160,3.9073140980393375,0.75007512347302263,0.99999996496876553,3.5031234468796413e-08,0.0087126421614024223,build/runs/a1-publication/work/nnn_tfim_expensive/checkpoints/response_j2_0p2_L16_neig160.json,025e01e2e5f2291df98874c63f776562fd7513fdefb704603a3b378a41198352
NNN-TFIM,0.20000000000000001,16,146,6.678761589498848e-33,1.7092973387653178e-33,160,3.9073140980393375,0.75007512347302263,0.99999996496876553,3.5031234468796413e-08,0.0087126421614024223,build/runs/a1-publication/work/nnn_tfim_expensive/checkpoints/response_j2_0p2_L16_neig160.json,025e01e2e5f2291df98874c63f776562fd7513fdefb704603a3b378a41198352
NNN-TFIM,0.20000000000000001,16,147,6.1441645061003876e-33,1.572477756314366e-33,160,3.9073140980393375,0.75007512347302263,0.99999996496876553,3.5031234468796413e-08,0.0087126421614024223,build/runs/a1-publication/work/nnn_tfim_expensive/checkpoints/response_j2_0p2_L16_neig160.json,025e01e2e5f2291df98874c63f776562fd7513fdefb704603a3b378a41198352
NNN-TFIM,0.20000000000000001,16,148,4.8865672160609257e-33,1.2506205269018353e-33,160,3.9073140980393375,0.75007512347302263,0.99999996496876553,3.5031234468796413e-08,0.0087126421614024223,build/runs/a1-publication/work/nnn_tfim_expensive/checkpoints/response_j2_0p2_L16_neig160.json,025e01e2e5f2291df98874c63f776562fd7513fdefb704603a3b378a41198352
NNN-TFIM,0.20000000000000001,16,149,2.7158936482625153e-33,6.9507942799513646e-34,160,3.9073140980393375,0.75007512347302263,0.99999996496876553,3.5031234468796413e-08,0.0087126421614024223,build/runs/a1-publication/work/nnn_tfim_expensive/checkpoints/response_j2_0p2_L16_neig160.json,025e01e2e5f2291df98874c63f776562fd7513fdefb704603a3b378a41198352
NNN-TFIM,0.20000000000000001,16,150,2.3794858201496193e-33,6.0898247759084133e-34,160,3.9073140980393375,0.75007512347302263,0.99999996496876553,3.5031234468796413e-08,0.0087126421614024223,build/runs/a1-publication/work/nnn_tfim_expensive/checkpoints/response_j2_0p2_L16_neig160.json,025e01e2e5f2291df98874c63f776562fd7513fdefb704603a3b378a41198352
NNN-TFIM,0.20000000000000001,16,151,1.7595329456558689e-33,4.503177634321208e-34,160,3.9073140980393375,0.75007512347302263,0.99999996496876553,3.5031234468796413e-08,0.0087126421614024223,build/runs/a1-publication/work/nnn_tfim_expensive/checkpoints/response_j2_0p2_L16_neig160.json,025e01e2e5f2291df98874c63f776562fd7513fdefb704603a3b378a41198352
NNN-TFIM,0.20000000000000001,16,152,7.0539238502553186e-34,1.8053127220550116e-34,160,3.9073140980393375,0.75007512347302263,0.99999996496876553,3.5031234468796413e-08,0.0087126421614024223,build/runs/a1-publication/work/nnn_tfim_expensive/checkpoints/response_j2_0p2_L16_neig160.json,025e01e2e5f2291df98874c63f776562fd7513fdefb704603a3b378a41198352
NNN-TFIM,0.20000000000000001,16,153,3.5512518392433584e-34,9.0887288560327195e-35,160,3.9073140980393375,0.75007512347302263,0.99999996496876553,3.5031234468796413e-08,0.0087126421614024223,build/runs/a1-publication/work/nnn_tfim_expensive/checkpoints/response_j2_0p2_L16_neig160.json,025e01e2e5f2291df98874c63f776562fd7513fdefb704603a3b378a41198352
NNN-TFIM,0.20000000000000001,16,154,1.5552394243623422e-34,3.9803286486303989e-35,160,3.9073140980393375,0.75007512347302263,0.99999996496876553,3.5031234468796413e-08,0.0087126421614024223,build/runs/a1-publication/work/nnn_tfim_expensive/checkpoints/response_j2_0p2_L16_neig160.json,025e01e2e5f2291df98874c63f776562fd7513fdefb704603a3b378a41198352
NNN-TFIM,0.20000000000000001,16,155,1.1065989942846007e-34,2.8321219295881132e-35,160,3.9073140980393375,0.75007512347302263,0.99999996496876553,3.5031234468796413e-08,0.0087126421614024223,build/runs/a1-publication/work/nnn_tfim_expensive/checkpoints/response_j2_0p2_L16_neig160.json,025e01e2e5f2291df98874c63f776562fd7513fdefb704603a3b378a41198352
NNN-TFIM,0.20000000000000001,16,156,8.3867271372205671e-35,2.1464174434886018e-35,160,3.9073140980393375,0.75007512347302263,0.99999996496876553,3.5031234468796413e-08,0.0087126421614024223,build/runs/a1-publication/work/nnn_tfim_expensive/checkpoints/response_j2_0p2_L16_neig160.json,025e01e2e5f2291df98874c63f776562fd7513fdefb704603a3b378a41198352
NNN-TFIM,0.20000000000000001,16,157,7.6797222484132426e-35,1.9654734827350769e-35,160,3.9073140980393375,0.75007512347302263,0.99999996496876553,3.5031234468796413e-08,0.0087126421614024223,build/runs/a1-publication/work/nnn_tfim_expensive/checkpoints/response_j2_0p2_L16_neig160.json,025e01e2e5f2291df98874c63f776562fd7513fdefb704603a3b378a41198352
NNN-TFIM,0.20000000000000001,16,158,3.6967258247631267e-35,9.4610408377921747e-36,160,3.9073140980393375,0.75007512347302263,0.99999996496876553,3.5031234468796413e-08,0.0087126421614024223,build/runs/a1-publication/work/nnn_tfim_expensive/checkpoints/response_j2_0p2_L16_neig160.json,025e01e2e5f2291df98874c63f776562fd7513fdefb704603a3b378a41198352
NNN-TFIM,0.20000000000000001,16,159,1.8790784316379682e-36,4.8091307340274398e-37,160,3.9073140980393375,0.75007512347302263,0.99999996496876553,3.5031234468796413e-08,0.0087126421614024223,build/runs/a1-publication/work/nnn_tfim_expensive/checkpoints/response_j2_0p2_L16_neig160.json,025e01e2e5f2291df98874c63f776562fd7513fdefb704603a3b378a41198352
NNN-TFIM,0.20000000000000001,18,1,4.2395994639604808,0.85339137151763889,160,4.9679427346692497,0.73902591448025989,0.99999965061935858,3.4938064141787351e-07,0.0087767304704821029,build/runs/a1-publication/work/nnn_tfim_expensive/checkpoints/response_j2_0p2_L18_neig160.json,cea79664deccebd7e59f338e8a2c3a59ef87994a223fc50950be0e79657487a7
NNN-TFIM,0.20000000000000001,18,2,0.48688223712631445,0.098004800604596654,160,4.9679427346692497,0.73902591448025989,0.99999965061935858,3.4938064141787351e-07,0.0087767304704821029,build/runs/a1-publication/work/nnn_tfim_expensive/checkpoints/response_j2_0p2_L18_neig160.json,cea79664deccebd7e59f338e8a2c3a59ef87994a223fc50950be0e79657487a7
NNN-TFIM,0.20000000000000001,18,3,0.15681420176730121,0.031565219275366992,160,4.9679427346692497,0.73902591448025989,0.99999965061935858,3.4938064141787351e-07,0.0087767304704821029,build/runs/a1-publication/work/nnn_tfim_expensive/checkpoints/response_j2_0p2_L18_neig160.json,cea79664deccebd7e59f338e8a2c3a59ef87994a223fc50950be0e79657487a7
NNN-TFIM,0.20000000000000001,18,4,0.057061569537615618,0.011485955572596712,160,4.9679427346692497,0.73902591448025989,0.99999965061935858,3.4938064141787351e-07,0.0087767304704821029,build/runs/a1-publication/work/nnn_tfim_expensive/checkpoints/response_j2_0p2_L18_neig160.json,cea79664deccebd7e59f338e8a2c3a59ef87994a223fc50950be0e79657487a7
NNN-TFIM,0.20000000000000001,18,5,0.019170346031960665,0.0038588097842148267,160,4.9679427346692497,0.73902591448025989,0.99999965061935858,3.4938064141787351e-07,0.0087767304704821029,build/runs/a1-publication/work/nnn_tfim_expensive/checkpoints/response_j2_0p2_L18_neig160.json,cea79664deccebd7e59f338e8a2c3a59ef87994a223fc50950be0e79657487a7
NNN-TFIM,0.20000000000000001,18,6,0.004621029871704479,0.00093016971380450759,160,4.9679427346692497,0.73902591448025989,0.99999965061935858,3.4938064141787351e-07,0.0087767304704821029,build/runs/a1-publication/work/nnn_tfim_expensive/checkpoints/response_j2_0p2_L18_neig160.json,cea79664deccebd7e59f338e8a2c3a59ef87994a223fc50950be0e79657487a7
NNN-TFIM,0.20000000000000001,18,7,0.0010963559560047951,0.00022068610983652716,160,4.9679427346692497,0.73902591448025989,0.99999965061935858,3.4938064141787351e-07,0.0087767304704821029,build/runs/a1-publication/work/nnn_tfim_expensive/checkpoints/response_j2_0p2_L18_neig160.json,cea79664deccebd7e59f338e8a2c3a59ef87994a223fc50950be0e79657487a7
NNN-TFIM,0.20000000000000001,18,8,0.00096414324362614388,0.00019407293826029449,160,4.9679427346692497,0.73902591448025989,0.99999965061935858,3.4938064141787351e-07,0.0087767304704821029,build/runs/a1-publication/work/nnn_tfim_expensive/checkpoints/response_j2_0p2_L18_neig160.json,cea79664deccebd7e59f338e8a2c3a59ef87994a223fc50950be0e79657487a7
NNN-TFIM,0.20000000000000001,18,9,0.00024820339558836128,4.9961001735436852e-05,160,4.9679427346692497,0.73902591448025989,0.99999965061935858,3.4938064141787351e-07,0.0087767304704821029,build/runs/a1-publication/work/nnn_tfim_expensive/checkpoints/response_j2_0p2_L18_neig160.json,cea79664deccebd7e59f338e8a2c3a59ef87994a223fc50950be0e79657487a7
NNN-TFIM,0.20000000000000001,18,10,0.00017615401460155194,3.5458141127965263e-05,160,4.9679427346692497,0.73902591448025989,0.99999965061935858,3.4938064141787351e-07,0.0087767304704821029,build/runs/a1-publication/work/nnn_tfim_expensive/checkpoints/response_j2_0p2_L18_neig160.json,cea79664deccebd7e59f338e8a2c3a59ef87994a223fc50950be0e79657487a7
NNN-TFIM,0.20000000000000001,18,11,0.00015860815451077269,3.1926325036702007e-05,160,4.9679427346692497,0.73902591448025989,0.99999965061935858,3.4938064141787351e-07,0.0087767304704821029,build/runs/a1-publication/work/nnn_tfim_expensive/checkpoints/response_j2_0p2_L18_neig160.json,cea79664deccebd7e59f338e8a2c3a59ef87994a223fc50950be0e79657487a7
NNN-TFIM,0.20000000000000001,18,12,0.00013273462024965865,2.6718226706471027e-05,160,4.9679427346692497,0.73902591448025989,0.99999965061935858,3.4938064141787351e-07,0.0087767304704821029,build/runs/a1-publication/work/nnn_tfim_expensive/checkpoints/response_j2_0p2_L18_neig160.json,cea79664deccebd7e59f338e8a2c3a59ef87994a223fc50950be0e79657487a7
NNN-TFIM,0.20000000000000001,18,13,0.00012834212725429598,2.5834059309631032e-05,160,4.9679427346692497,0.73902591448025989,0.99999965061935858,3.4938064141787351e-07,0.0087767304704821029,build/runs/a1-publication/work/nnn_tfim_expensive/checkpoints/response_j2_0p2_L18_neig160.json,cea79664deccebd7e59f338e8a2c3a59ef87994a223fc50950be0e79657487a7
NNN-TFIM,0.20000000000000001,18,14,0.00012673956224346531,2.5511478093135312e-05,160,4.9679427346692497,0.73902591448025989,0.99999965061935858,3.4938064141787351e-07,0.0087767304704821029,build/runs/a1-publication/work/nnn_tfim_expensive/checkpoints/response_j2_0p2_L18_neig160.json,cea79664deccebd7e59f338e8a2c3a59ef87994a223fc50950be0e79657487a7
NNN-TFIM,0.20000000000000001,18,15,8.7610110173968062e-05,1.7635088577525817e-05,160,4.9679427346692497,0.73902591448025989,0.99999965061935858,3.4938064141787351e-07,0.0087767304704821029,build/runs/a1-publication/work/nnn_tfim_expensive/checkpoints/response_j2_0p2_L18_neig160.json,cea79664deccebd7e59f338e8a2c3a59ef87994a223fc50950be0e79657487a7
NNN-TFIM,0.20000000000000001,18,16,7.8717609730299018e-05,1.5845112138866028e-05,160,4.9679427346692497,0.73902591448025989,0.99999965061935858,3.4938064141787351e-07,0.0087767304704821029,build/runs/a1-publication/work/nnn_tfim_expensive/checkpoints/response_j2_0p2_L18_neig160.json,cea79664deccebd7e59f338e8a2c3a59ef87994a223fc50950be0e79657487a7
NNN-TFIM,0.20000000000000001,18,17,7.1276149055278889e-05,1.4347216315089879e-05,160,4.9679427346692497,0.73902591448025989,0.99999965061935858,3.4938064141787351e-07,0.0087767304704821029,build/runs/a1-publication/work/nnn_tfim_expensive/checkpoints/response_j2_0p2_L18_neig160.json,cea79664deccebd7e59f338e8a2c3a59ef87994a223fc50950be0e79657487a7
NNN-TFIM,0.20000000000000001,18,18,6.2014049531297269e-05,1.2482843068726711e-05,160,4.9679427346692497,0.73902591448025989,0.99999965061935858,3.4938064141787351e-07,0.0087767304704821029,build/runs/a1-publication/work/nnn_tfim_expensive/checkpoints/response_j2_0p2_L18_neig160.json,cea79664deccebd7e59f338e8a2c3a59ef87994a223fc50950be0e79657487a7
NNN-TFIM,0.20000000000000001,18,19,5.9089260643869148e-05,1.1894110661040686e-05,160,4.9679427346692497,0.73902591448025989,0.99999965061935858,3.4938064141787351e-07,0.0087767304704821029,build/runs/a1-publication/work/nnn_tfim_expensive/checkpoints/response_j2_0p2_L18_neig160.json,cea79664deccebd7e59f338e8a2c3a59ef87994a223fc50950be0e79657487a7
NNN-TFIM,0.20000000000000001,18,20,5.5267421609953009e-05,1.1124810522525587e-05,160,4.9679427346692497,0.73902591448025989,0.99999965061935858,3.4938064141787351e-07,0.0087767304704821029,build/runs/a1-publication/work/nnn_tfim_expensive/checkpoints/response_j2_0p2_L18_neig160.json,cea79664deccebd7e59f338e8a2c3a59ef87994a223fc50950be0e79657487a7
NNN-TFIM,0.20000000000000001,18,21,5.3901123068535002e-05,1.0849787517150914e-05,160,4.9679427346692497,0.73902591448025989,0.99999965061935858,3.4938064141787351e-07,0.0087767304704821029,build/runs/a1-publication/work/nnn_tfim_expensive/checkpoints/response_j2_0p2_L18_neig160.json,cea79664deccebd7e59f338e8a2c3a59ef87994a223fc50950be0e79657487a7
NNN-TFIM,0.20000000000000001,18,22,4.0947817190556427e-05,8.2424092582223787e-06,160,4.9679427346692497,0.73902591448025989,0.99999965061935858,3.4938064141787351e-07,0.0087767304704821029,build/runs/a1-publication/work/nnn_tfim_expensive/checkpoints/response_j2_0p2_L18_neig160.json,cea79664deccebd7e59f338e8a2c3a59ef87994a223fc50950be0e79657487a7
NNN-TFIM,0.20000000000000001,18,23,3.0764791949343004e-05,6.1926623539051777e-06,160,4.9679427346692497,0.73902591448025989,0.99999965061935858,3.4938064141787351e-07,0.0087767304704821029,build/runs/a1-publication/work/nnn_tfim_expensive/checkpoints/response_j2_0p2_L18_neig160.json,cea79664deccebd7e59f338e8a2c3a59ef87994a223fc50950be0e79657487a7
NNN-TFIM,0.20000000000000001,18,24,2.2830553582252321e-05,4.5955750300677143e-06,160,4.9679427346692497,0.73902591448025989,0.99999965061935858,3.4938064141787351e-07,0.0087767304704821029,build/runs/a1-publication/work/nnn_tfim_expensive/checkpoints/response_j2_0p2_L18_neig160.json,cea79664deccebd7e59f338e8a2c3a59ef87994a223fc50950be0e79657487a7
NNN-TFIM,0.20000000000000001,18,25,2.2666551278243533e-05,4.5625629136308072e-06,160,4.9679427346692497,0.73902591448025989,0.99999965061935858,3.4938064141787351e-07,0.0087767304704821029,build/runs/a1-publication/work/nnn_tfim_expensive/checkpoints/response_j2_0p2_L18_neig160.json,cea79664deccebd7e59f338e8a2c3a59ef87994a223fc50950be0e79657487a7
NNN-TFIM,0.20000000000000001,18,26,1.7941156938952756e-05,3.6113856171788629e-06,160,4.9679427346692497,0.73902591448025989,0.99999965061935858,3.4938064141787351e-07,0.0087767304704821029,build/runs/a1-publication/work/nnn_tfim_expensive/checkpoints/response_j2_0p2_L18_neig160.json,cea79664deccebd7e59f338e8a2c3a59ef87994a223fc50950be0e79657487a7
NNN-TFIM,0.20000000000000001,18,27,1.3919612059597227e-05,2.801886576199424e-06,160,4.9679427346692497,0.73902591448025989,0.99999965061935858,3.4938064141787351e-07,0.0087767304704821029,build/runs/a1-publication/work/nnn_tfim_expensive/checkpoints/response_j2_0p2_L18_neig160.json,cea79664deccebd7e59f338e8a2c3a59ef87994a223fc50950be0e79657487a7
NNN-TFIM,0.20000000000000001,18,28,1.2731987680109151e-05,2.562828993832355e-06,160,4.9679427346692497,0.73902591448025989,0.99999965061935858,3.4938064141787351e-07,0.0087767304704821029,build/runs/a1-publication/work/nnn_tfim_expensive/checkpoints/response_j2_0p2_L18_neig160.json,cea79664deccebd7e59f338e8a2c3a59ef87994a223fc50950be0e79657487a7
NNN-TFIM,0.20000000000000001,18,29,1.1223244884639775e-05,2.2591333040772225e-06,160,4.9679427346692497,0.73902591448025989,0.99999965061935858,3.4938064141787351e-07,0.0087767304704821029,build/runs/a1-publication/work/nnn_tfim_expensive/checkpoints/response_j2_0p2_L18_neig160.json,cea79664deccebd7e59f338e8a2c3a59ef87994a223fc50950be0e79657487a7
NNN-TFIM,0.20000000000000001,18,30,1.0626717914628951e-05,2.1390580532399083e-06,160,4.9679427346692497,0.73902591448025989,0.99999965061935858,3.4938064141787351e-07,0.0087767304704821029,build/runs/a1-publication/work/nnn_tfim_expensive/checkpoints/response_j2_0p2_L18_neig160.json,cea79664deccebd7e59f338e8a2c3a59ef87994a223fc50950be0e79657487a7
NNN-TFIM,0.20000000000000001,18,31,9.1376181457287554e-06,1.839316319401397e-06,160,4.9679427346692497,0.73902591448025989,0.99999965061935858,3.4938064141787351e-07,0.0087767304704821029,build/runs/a1-publication/work/nnn_tfim_expensive/checkpoints/response_j2_0p2_L18_neig160.json,cea79664deccebd7e59f338e8a2c3a59ef87994a223fc50950be0e79657487a7
NNN-TFIM,0.20000000000000001,18,32,8.7843186624225543e-06,1.7682004667888723e-06,160,4.9679427346692497,0.73902591448025989,0.99999965061935858,3.4938064141787351e-07,0.0087767304704821029,build/runs/a1-publication/work/nnn_tfim_expensive/checkpoints/response_j2_0p2_L18_neig160.json,cea79664deccebd7e59f338e8a2c3a59ef87994a223fc50950be0e79657487a7
NNN-TFIM,0.20000000000000001,18,33,7.991905368555483e-06,1.6086951471447586e-06,160,4.9679427346692497,0.73902591448025989,0.99999965061935858,3.4938064141787351e-07,0.0087767304704821029,build/runs/a1-publication/work/nnn_tfim_expensive/checkpoints/response_j2_0p2_L18_neig160.json,cea79664deccebd7e59f338e8a2c3a59ef87994a223fc50950be0e79657487a7
NNN-TFIM,0.20000000000000001,18,34,7.5818622802419284e-06,1.5261573422195869e-06,160,4.9679427346692497,0.73902591448025989,0.99999965061935858,3.4938064141787351e-07,0.0087767304704821029,build/runs/a1-publication/work/nnn_tfim_expensive/checkpoints/response_j2_0p2_L18_neig160.json,cea79664deccebd7e59f338e8a2c3a59ef87994a223fc50950be0e79657487a7
NNN-TFIM,0.20000000000000001,18,35,7.5632094450846331e-06,1.5224027024917324e-06,160,4.9679427346692497,0.73902591448025989,0.99999965061935858,3.4938064141787351e-07,0.0087767304704821029,build/runs/a1-publication/work/nnn_tfim_expensive/checkpoints/response_j2_0p2_L18_neig160.json,cea79664deccebd7e59f338e8a2c3a59ef87994a223fc50950be0e79657487a7
NNN-TFIM,0.20000000000000001,18,36,7.1440947511210699e-06,1.4380388689397206e-06,160,4.9679427346692497,0.73902591448025989,0.99999965061935858,3.4938064141787351e-07,0.0087767304704821029,build/runs/a1-publication/work/nnn_tfim_expensive/checkpoints/response_j2_0p2_L18_neig160.json,cea79664deccebd7e59f338e8a2c3a59ef87994a223fc50950be0e79657487a7
NNN-TFIM,0.20000000000000001,18,37,6.3630640920603637e-06,1.280824766287085e-06,160,4.9679427346692497,0.73902591448025989,0.99999965061935858,3.4938064141787351e-07,0.0087767304704821029,build/runs/a1-publication/work/nnn_tfim_expensive/checkpoints/response_j2_0p2_L18_neig160.json,cea79664deccebd7e59f338e8a2c3a59ef87994a223fc50950be0e79657487a7
NNN-TFIM,0.20000000000000001,18,38,4.9802945550535869e-06,1.0024863049040679e-06,160,4.9679427346692497,0.73902591448025989,0.99999965061935858,3.4938064141787351e-07,0.0087767304704821029,build/runs/a1-publication/work/nnn_tfim_expensive/checkpoints/response_j2_0p2_L18_neig160.json,cea79664deccebd7e59f338e8a2c3a59ef87994a223fc50950be0e79657487a7
NNN-TFIM,0.20000000000000001,18,39,4.1073365786454145e-06,8.267681006026871e-07,160,4.9679427346692497,0.73902591448025989,0.99999965061935858,3.4938064141787351e-07,0.0087767304704821029,build/runs/a1-publication/work/nnn_tfim_expensive/checkpoints/response_j2_0p2_L18_neig160.json,cea79664deccebd7e59f338e8a2c3a59ef87994a223fc50950be0e79657487a7
NNN-TFIM,0.20000000000000001,18,40,3.6320655603952628e-06,7.3110052880613056e-07,160,4.9679427346692497,0.73902591448025989,0.99999965061935858,3.4938064141787351e-07,0.0087767304704821029,build/runs/a1-publication/work/nnn_tfim_expensive/checkpoints/response_j2_0p2_L18_neig160.json,cea79664deccebd7e59f338e8a2c3a59ef87994a223fc50950be0e79657487a7
NNN-TFIM,0.20000000000000001,18,41,3.6269149179066393e-06,7.3006375306942983e-07,160,4.9679427346692497,0.73902591448025989,0.99999965061935858,3.4938064141787351e-07,0.0087767304704821029,build/runs/a1-publication/work/nnn_tfim_expensive/checkpoints/response_j2_0p2_L18_neig160.json,cea79664deccebd7e59f338e8a2c3a59ef87994a223fc50950be0e79657487a7
NNN-TFIM,0.20000000000000001,18,42,2.7683709789508809e-06,5.5724695851092384e-07,160,4.9679427346692497,0.73902591448025989,0.99999965061935858,3.4938064141787351e-07,0.0087767304704821029,build/runs/a1-publication/work/nnn_tfim_expensive/checkpoints/response_j2_0p2_L18_neig160.json,cea79664deccebd7e59f338e8a2c3a59ef87994a223fc50950be0e79657487a7
NNN-TFIM,0.20000000000000001,18,43,2.541499606634571e-06,5.1157989179272946e-07,160,4.9679427346692497,0.73902591448025989,0.99999965061935858,3.4938064141787351e-07,0.0087767304704821029,build/runs/a1-publication/work/nnn_tfim_expensive/checkpoints/response_j2_0p2_L18_neig160.json,cea79664deccebd7e59f338e8a2c3a59ef87994a223fc50950be0e79657487a7
NNN-TFIM,0.20000000000000001,18,44,2.326525872704736e-06,4.6830770742763579e-07,160,4.9679427346692497,0.73902591448025989,0.99999965061935858,3.4938064141787351e-07,0.0087767304704821029,build/runs/a1-publication/work/nnn_tfim_expensive/checkpoints/response_j2_0p2_L18_neig160.json,cea79664deccebd7e59f338e8a2c3a59ef87994a223fc50950be0e79657487a7
NNN-TFIM,0.20000000000000001,18,45,2.0784762970326539e-06,4.1837766819005665e-07,160,4.9679427346692497,0.73902591448025989,0.99999965061935858,3.4938064141787351e-07,0.0087767304704821029,build/runs/a1-publication/work/nnn_tfim_expensive/checkpoints/response_j2_0p2_L18_neig160.json,cea79664deccebd7e59f338e8a2c3a59ef87994a223fc50950be0e79657487a7
NNN-TFIM,0.20000000000000001,18,46,1.91850384446102e-06,3.8617672282584151e-07,160,4.9679427346692497,0.73902591448025989,0.99999965061935858,3.4938064141787351e-07,0.0087767304704821029,build/runs/a1-publication/work/nnn_tfim_expensive/checkpoints/response_j2_0p2_L18_neig160.json,cea79664deccebd7e59f338e8a2c3a59ef87994a223fc50950be0e79657487a7
NNN-TFIM,0.20000000000000001,18,47,1.9028470685866096e-06,3.8302516156384302e-07,160,4.9679427346692497,0.73902591448025989,0.99999965061935858,3.4938064141787351e-07,0.0087767304704821029,build/runs/a1-publication/work/nnn_tfim_expensive/checkpoints/response_j2_0p2_L18_neig160.json,cea79664deccebd7e59f338e8a2c3a59ef87994a223fc50950be0e79657487a7
NNN-TFIM,0.20000000000000001,18,48,1.8125179151470649e-06,3.6484275523110205e-07,160,4.9679427346692497,0.73902591448025989,0.99999965061935858,3.4938064141787351e-07,0.0087767304704821029,build/runs/a1-publication/work/nnn_tfim_expensive/checkpoints/response_j2_0p2_L18_neig160.json,cea79664deccebd7e59f338e8a2c3a59ef87994a223fc50950be0e79657487a7
NNN-TFIM,0.20000000000000001,18,49,1.7878007417495148e-06,3.5986742143245359e-07,160,4.9679427346692497,0.73902591448025989,0.99999965061935858,3.4938064141787351e-07,0.0087767304704821029,build/runs/a1-publication/work/nnn_tfim_expensive/checkpoints/response_j2_0p2_L18_neig160.json,cea79664deccebd7e59f338e8a2c3a59ef87994a223fc50950be0e79657487a7
NNN-TFIM,0.20000000000000001,18,50,1.5977723632192701e-06,3.2161650175012433e-07,160,4.9679427346692497,0.73902591448025989,0.99999965061935858,3.4938064141787351e-07,0.0087767304704821029,build/runs/a1-publication/work/nnn_tfim_expensive/checkpoints/response_j2_0p2_L18_neig160.json,cea79664deccebd7e59f338e8a2c3a59ef87994a223fc50950be0e79657487a7
NNN-TFIM,0.20000000000000001,18,51,1.3242175661777905e-06,2.665525020923883e-07,160,4.9679427346692497,0.73902591448025989,0.99999965061935858,3.4938064141787351e-07,0.0087767304704821029,build/runs/a1-publication/work/nnn_tfim_expensive/checkpoints/response_j2_0p2_L18_neig160.json,cea79664deccebd7e59f338e8a2c3a59ef87994a223fc50950be0e79657487a7
NNN-TFIM,0.20000000000000001,18,52,1.255121530754526e-06,2.5264412208207309e-07,160,4.9679427346692497,0.73902591448025989,0.99999965061935858,3.4938064141787351e-07,0.0087767304704821029,build/runs/a1-publication/work/nnn_tfim_expensive/checkpoints/response_j2_0p2_L18_neig160.json,cea79664deccebd7e59f338e8a2c3a59ef87994a223fc50950be0e79657487a7
NNN-TFIM,0.20000000000000001,18,53,1.2443032488785655e-06,2.5046650401082118e-07,160,4.9679427346692497,0.73902591448025989,0.99999965061935858,3.4938064141787351e-07,0.0087767304704821029,build/runs/a1-publication/work/nnn_tfim_expensive/checkpoints/response_j2_0p2_L18_neig160.json,cea79664deccebd7e59f338e8a2c3a59ef87994a223fc50950be0e79657487a7
NNN-TFIM,0.20000000000000001,18,54,1.1637195260191487e-06,2.3424576090582203e-07,160,4.9679427346692497,0.73902591448025989,0.99999965061935858,3.4938064141787351e-07,0.0087767304704821029,build/runs/a1-publication/work/nnn_tfim_expensive/checkpoints/response_j2_0p2_L18_neig160.json,cea79664deccebd7e59f338e8a2c3a59ef87994a223fc50950be0e79657487a7
NNN-TFIM,0.20000000000000001,18,55,1.1603978554405034e-06,2.3357713995826868e-07,160,4.9679427346692497,0.73902591448025989,0.99999965061935858,3.4938064141787351e-07,0.0087767304704821029,build/runs/a1-publication/work/nnn_tfim_expensive/checkpoints/response_j2_0p2_L18_neig160.json,cea79664deccebd7e59f338e8a2c3a59ef87994a223fc50950be0e79657487a7
NNN-TFIM,0.20000000000000001,18,56,1.1191544086050922e-06,2.2527522324179971e-07,160,4.9679427346692497,0.73902591448025989,0.99999965061935858,3.4938064141787351e-07,0.0087767304704821029,build/runs/a1-publication/work/nnn_tfim_expensive/checkpoints/response_j2_0p2_L18_neig160.json,cea79664deccebd7e59f338e8a2c3a59ef87994a223fc50950be0e79657487a7
NNN-TFIM,0.20000000000000001,18,57,1.0721259245108378e-06,2.1580883310689302e-07,160,4.9679427346692497,0.73902591448025989,0.99999965061935858,3.4938064141787351e-07,0.0087767304704821029,build/runs/a1-publication/work/nnn_tfim_expensive/checkpoints/response_j2_0p2_L18_neig160.json,cea79664deccebd7e59f338e8a2c3a59ef87994a223fc50950be0e79657487a7
NNN-TFIM,0.20000000000000001,18,58,9.3267351119371276e-07,1.8773837803824992e-07,160,4.9679427346692497,0.73902591448025989,0.99999965061935858,3.4938064141787351e-07,0.0087767304704821029,build/runs/a1-publication/work/nnn_tfim_expensive/checkpoints/response_j2_0p2_L18_neig160.json,cea79664deccebd7e59f338e8a2c3a59ef87994a223fc50950be0e79657487a7
NNN-TFIM,0.20000000000000001,18,59,8.7038127699131401e-07,1.7519953901990001e-07,160,4.9679427346692497,0.73902591448025989,0.99999965061935858,3.4938064141787351e-07,0.0087767304704821029,build/runs/a1-publication/work/nnn_tfim_expensive/checkpoints/response_j2_0p2_L18_neig160.json,cea79664deccebd7e59f338e8a2c3a59ef87994a223fc50950be0e79657487a7
NNN-TFIM,0.20000000000000001,18,60,8.6153950083950617e-07,1.7341977290260871e-07,160,4.9679427346692497,0.73902591448025989,0.99999965061935858,3.4938064141787351e-07,0.0087767304704821029,build/runs/a1-publication/work/nnn_tfim_expensive/checkpoints/response_j2_0p2_L18_neig160.json,cea79664deccebd7e59f338e8a2c3a59ef87994a223fc50950be0e79657487a7
NNN-TFIM,0.20000000000000001,18,61,7.6745039268032416e-07,1.544805231599391e-07,160,4.9679427346692497,0.73902591448025989,0.99999965061935858,3.4938064141787351e-07,0.0087767304704821029,build/runs/a1-publication/work/nnn_tfim_expensive/checkpoints/response_j2_0p2_L18_neig160.json,cea79664deccebd7e59f338e8a2c3a59ef87994a223fc50950be0e79657487a7
NNN-TFIM,0.20000000000000001,18,62,7.3855210127941224e-07,1.4866356975601948e-07,160,4.9679427346692497,0.73902591448025989,0.99999965061935858,3.4938064141787351e-07,0.0087767304704821029,build/runs/a1-publication/work/nnn_tfim_expensive/checkpoints/response_j2_0p2_L18_neig160.json,cea79664deccebd7e59f338e8a2c3a59ef87994a223fc50950be0e79657487a7
NNN-TFIM,0.20000000000000001,18,63,7.0344344849210832e-07,1.4159652919971539e-07,160,4.9679427346692497,0.73902591448025989,0.99999965061935858,3.4938064141787351e-07,0.0087767304704821029,build/runs/a1-publication/work/nnn_tfim_expensive/checkpoints/response_j2_0p2_L18_neig160.json,cea79664deccebd7e59f338e8a2c3a59ef87994a223fc50950be0e79657487a7
NNN-TFIM,0.20000000000000001,18,64,6.3797438445158207e-07,1.2841822430830747e-07,160,4.9679427346692497,0.73902591448025989,0.99999965061935858,3.4938064141787351e-07,0.0087767304704821029,build/runs/a1-publication/work/nnn_tfim_expensive/checkpoints/response_j2_0p2_L18_neig160.json,cea79664deccebd7e59f338e8a2c3a59ef87994a223fc50950be0e79657487a7
NNN-TFIM,0.20000000000000001,18,65,6.2791950129379186e-07,1.2639427119636409e-07,160,4.9679427346692497,0.73902591448025989,0.99999965061935858,3.4938064141787351e-07,0.0087767304704821029,build/runs/a1-publication/work/nnn_tfim_expensive/checkpoints/response_j2_0p2_L18_neig160.json,cea79664deccebd7e59f338e8a2c3a59ef87994a223fc50950be0e79657487a7
NNN-TFIM,0.20000000000000001,18,66,6.0010580449794215e-07,1.2079563645330453e-07,160,4.9679427346692497,0.73902591448025989,0.99999965061935858,3.4938064141787351e-07,0.0087767304704821029,build/runs/a1-publication/work/nnn_tfim_expensive/checkpoints/response_j2_0p2_L18_neig160.json,cea79664deccebd7e59f338e8a2c3a59ef87994a223fc50950be0e79657487a7
NNN-TFIM,0.20000000000000001,18,67,5.8977952142536987e-07,1.1871705309917096e-07,160,4.9679427346692497,0.73902591448025989,0.99999965061935858,3.4938064141787351e-07,0.0087767304704821029,build/runs/a1-publication/work/nnn_tfim_expensive/checkpoints/response_j2_0p2_L18_neig160.json,cea79664deccebd7e59f338e8a2c3a59ef87994a223fc50950be0e79657487a7
NNN-TFIM,0.20000000000000001,18,68,5.5258713652434763e-07,1.1123057692836654e-07,160,4.9679427346692497,0.73902591448025989,0.99999965061935858,3.4938064141787351e-07,0.0087767304704821029,build/runs/a1-publication/work/nnn_tfim_expensive/checkpoints/response_j2_0p2_L18_neig160.json,cea79664deccebd7e59f338e8a2c3a59ef87994a223fc50950be0e79657487a7
NNN-TFIM,0.20000000000000001,18,69,5.0030842502811426e-07,1.0070736555328334e-07,160,4.9679427346692497,0.73902591448025989,0.99999965061935858,3.4938064141787351e-07,0.0087767304704821029,build/runs/a1-publication/work/nnn_tfim_expensive/checkpoints/response_j2_0p2_L18_neig160.json,cea79664deccebd7e59f338e8a2c3a59ef87994a223fc50950be0e79657487a7
NNN-TFIM,0.20000000000000001,18,70,4.8823809517007485e-07,9.8277722036298842e-08,160,4.9679427346692497,0.73902591448025989,0.99999965061935858,3.4938064141787351e-07,0.0087767304704821029,build/runs/a1-publication/work/nnn_tfim_expensive/checkpoints/response_j2_0p2_L18_neig160.json,cea79664deccebd7e59f338e8a2c3a59ef87994a223fc50950be0e79657487a7
NNN-TFIM,0.20000000000000001,18,71,3.9668343816087449e-07,7.9848633397599828e-08,160,4.9679427346692497,0.73902591448025989,0.99999965061935858,3.4938064141787351e-07,0.0087767304704821029,build/runs/a1-publication/work/nnn_tfim_expensive/checkpoints/response_j2_0p2_L18_neig160.json,cea79664deccebd7e59f338e8a2c3a59ef87994a223fc50950be0e79657487a7
NNN-TFIM,0.20000000000000001,18,72,2.9590130394408758e-07,5.9562140658166781e-08,160,4.9679427346692497,0.73902591448025989,0.99999965061935858,3.4938064141787351e-07,0.0087767304704821029,build/runs/a1-publication/work/nnn_tfim_expensive/checkpoints/response_j2_0p2_L18_neig160.json,cea79664deccebd7e59f338e8a2c3a59ef87994a223fc50950be0e79657487a7
NNN-TFIM,0.20000000000000001,18,73,2.754673113719192e-07,5.5448970747900333e-08,160,4.9679427346692497,0.73902591448025989,0.99999965061935858,3.4938064141787351e-07,0.0087767304704821029,build/runs/a1-publication/work/nnn_tfim_expensive/checkpoints/response_j2_0p2_L18_neig160.json,cea79664deccebd7e59f338e8a2c3a59ef87994a223fc50950be0e79657487a7
NNN-TFIM,0.20000000000000001,18,74,2.4013357516259122e-07,4.8336623022402566e-08,160,4.9679427346692497,0.73902591448025989,0.99999965061935858,3.4938064141787351e-07,0.0087767304704821029,build/runs/a1-publication/work/nnn_tfim_expensive/checkpoints/response_j2_0p2_L18_neig160.json,cea79664deccebd7e59f338e8a2c3a59ef87994a223fc50950be0e79657487a7
NNN-TFIM,0.20000000000000001,18,75,1.8241435944050855e-07,3.6718289477757665e-08,160,4.9679427346692497,0.73902591448025989,0.99999965061935858,3.4938064141787351e-07,0.0087767304704821029,build/runs/a1-publication/work/nnn_tfim_expensive/checkpoints/response_j2_0p2_L18_neig160.json,cea79664deccebd7e59f338e8a2c3a59ef87994a223fc50950be0e79657487a7
NNN-TFIM,0.20000000000000001,18,76,1.7298104683076609e-07,3.4819452652624553e-08,160,4.9679427346692497,0.73902591448025989,0.99999965061935858,3.4938064141787351e-07,0.0087767304704821029,build/runs/a1-publication/work/nnn_tfim_expensive/checkpoints/response_j2_0p2_L18_neig160.json,cea79664deccebd7e59f338e8a2c3a59ef87994a223fc50950be0e79657487a7
NNN-TFIM,0.20000000000000001,18,77,1.3906522089267139e-07,2.7992516886757134e-08,160,4.9679427346692497,0.73902591448025989,0.99999965061935858,3.4938064141787351e-07,0.0087767304704821029,build/runs/a1-publication/work/nnn_tfim_expensive/checkpoints/response_j2_0p2_L18_neig160.json,cea79664deccebd7e59f338e8a2c3a59ef87994a223fc50950be0e79657487a7
NNN-TFIM,0.20000000000000001,18,78,1.2289900589603842e-07,2.4738410336008161e-08,160,4.9679427346692497,0.73902591448025989,0.99999965061935858,3.4938064141787351e-07,0.0087767304704821029,build/runs/a1-publication/work/nnn_tfim_expensive/checkpoints/response_j2_0p2_L18_neig160.json,cea79664deccebd7e59f338e8a2c3a59ef87994a223fc50950be0e79657487a7
NNN-TFIM,0.20000000000000001,18,79,1.2018513389105147e-07,2.4192133506758916e-08,160,4.9679427346692497,0.73902591448025989,0.99999965061935858,3.4938064141787351e-07,0.0087767304704821029,build/runs/a1-publication/work/nnn_tfim_expensive/checkpoints/response_j2_0p2_L18_neig160.json,cea79664deccebd7e59f338e8a2c3a59ef87994a223fc50950be0e79657487a7
NNN-TFIM,0.20000000000000001,18,80,7.9993150892227616e-08,1.6101866540044429e-08,160,4.9679427346692497,0.73902591448025989,0.99999965061935858,3.4938064141787351e-07,0.0087767304704821029,build/runs/a1-publication/work/nnn_tfim_expensive/checkpoints/response_j2_0p2_L18_neig160.json,cea79664deccebd7e59f338e8a2c3a59ef87994a223fc50950be0e79657487a7
NNN-TFIM,0.20000000000000001,18,81,5.7296942512165177e-08,1.153333393163193e-08,160,4.9679427346692497,0.73902591448025989,0.99999965061935858,3.4938064141787351e-07,0.0087767304704821029,build/runs/a1-publication/work/nnn_tfim_expensive/checkpoints/response_j2_0p2_L18_neig160.json,cea79664deccebd7e59f338e8a2c3a59ef87994a223fc50950be0e79657487a7
NNN-TFIM,0.20000000000000001,18,82,5.5625244519111992e-08,1.11968368980838e-08,160,4.9679427346692497,0.73902591448025989,0.99999965061935858,3.4938064141787351e-07,0.0087767304704821029,build/runs/a1-publication/work/nnn_tfim_expensive/checkpoints/response_j2_0p2_L18_neig160.json,cea79664deccebd7e59f338e8a2c3a59ef87994a223fc50950be0e79657487a7
NNN-TFIM,0.20000000000000001,18,83,4.7449079583125809e-08,9.5510520385023763e-09,160,4.9679427346692497,0.73902591448025989,0.99999965061935858,3.4938064141787351e-07,0.0087767304704821029,build/runs/a1-publication/work/nnn_tfim_expensive/checkpoints/response_j2_0p2_L18_neig160.json,cea79664deccebd7e59f338e8a2c3a59ef87994a223fc50950be0e79657487a7
NNN-TFIM,0.20000000000000001,18,84,4.2517973720284603e-08,8.5584669532458522e-09,160,4.9679427346692497,0.73902591448025989,0.99999965061935858,3.4938064141787351e-07,0.0087767304704821029,build/runs/a1-publication/work/nnn_tfim_expensive/checkpoints/response_j2_0p2_L18_neig160.json,cea79664deccebd7e59f338e8a2c3a59ef87994a223fc50950be0e79657487a7
NNN-TFIM,0.20000000000000001,18,85,4.1447542892053451e-08,8.3429993270268448e-09,160,4.9679427346692497,0.73902591448025989,0.99999965061935858,3.4938064141787351e-07,0.0087767304704821029,build/runs/a1-publication/work/nnn_tfim_expensive/checkpoints/response_j2_0p2_L18_neig160.json,cea79664deccebd7e59f338e8a2c3a59ef87994a223fc50950be0e79657487a7
NNN-TFIM,0.20000000000000001,18,86,3.558641740993016e-08,7.1632100671344377e-09,160,4.9679427346692497,0.73902591448025989,0.99999965061935858,3.4938064141787351e-07,0.0087767304704821029,build/runs/a1-publication/work/nnn_tfim_expensive/checkpoints/response_j2_0p2_L18_neig160.json,cea79664deccebd7e59f338e8a2c3a59ef87994a223fc50950be0e79657487a7
NNN-TFIM,0.20000000000000001,18,87,3.1540048398260008e-08,6.3487141625354997e-09,160,4.9679427346692497,0.73902591448025989,0.99999965061935858,3.4938064141787351e-07,0.0087767304704821029,build/runs/a1-publication/work/nnn_tfim_expensive/checkpoints/response_j2_0p2_L18_neig160.json,cea79664deccebd7e59f338e8a2c3a59ef87994a223fc50950be0e79657487a7
NNN-TFIM,0.20000000000000001,18,88,2.2957062292069237e-08,4.6210400397454759e-09,160,4.9679427346692497,0.73902591448025989,0.99999965061935858,3.4938064141787351e-07,0.0087767304704821029,build/runs/a1-publication/work/nnn_tfim_expensive/checkpoints/response_j2_0p2_L18_neig160.json,cea79664deccebd7e59f338e8a2c3a59ef87994a223fc50950be0e79657487a7
NNN-TFIM,0.20000000000000001,18,89,2.0964495843821055e-08,4.219955213557188e-09,160,4.9679427346692497,0.73902591448025989,0.99999965061935858,3.4938064141787351e-07,0.0087767304704821029,build/runs/a1-publication/work/nnn_tfim_expensive/checkpoints/response_j2_0p2_L18_neig160.json,cea79664deccebd7e59f338e8a2c3a59ef87994a223fc50950be0e79657487a7
NNN-TFIM,0.20000000000000001,18,90,1.7698964499603574e-08,3.5626345642210623e-09,160,4.9679427346692497,0.73902591448025989,0.99999965061935858,3.4938064141787351e-07,0.0087767304704821029,build/runs/a1-publication/work/nnn_tfim_expensive/checkpoints/response_j2_0p2_L18_neig160.json,cea79664deccebd7e59f338e8a2c3a59ef87994a223fc50950be0e79657487a7
NNN-TFIM,0.20000000000000001,18,91,1.6825153697313004e-08,3.3867446941159579e-09,160,4.9679427346692497,0.73902591448025989,0.99999965061935858,3.4938064141787351e-07,0.0087767304704821029,build/runs/a1-publication/work/nnn_tfim_expensive/checkpoints/response_j2_0p2_L18_neig160.json,cea79664deccebd7e59f338e8a2c3a59ef87994a223fc50950be0e79657487a7
NNN-TFIM,0.20000000000000001,18,92,1.5209626481631197e-08,3.0615543080819766e-09,160,4.9679427346692497,0.73902591448025989,0.99999965061935858,3.4938064141787351e-07,0.0087767304704821029,build/runs/a1-publication/work/nnn_tfim_expensive/checkpoints/response_j2_0p2_L18_neig160.json,cea79664deccebd7e59f338e8a2c3a59ef87994a223fc50950be0e79657487a7
NNN-TFIM,0.20000000000000001,18,93,1.3359027173055948e-08,2.6890461276513388e-09,160,4.9679427346692497,0.73902591448025989,0.99999965061935858,3.4938064141787351e-07,0.0087767304704821029,build/runs/a1-publication/work/nnn_tfim_expensive/checkpoints/response_j2_0p2_L18_neig160.json,cea79664deccebd7e59f338e8a2c3a59ef87994a223fc50950be0e79657487a7
NNN-TFIM,0.20000000000000001,18,94,1.298156530557332e-08,2.613066615075947e-09,160,4.9679427346692497,0.73902591448025989,0.99999965061935858,3.4938064141787351e-07,0.0087767304704821029,build/runs/a1-publication/work/nnn_tfim_expensive/checkpoints/response_j2_0p2_L18_neig160.json,cea79664deccebd7e59f338e8a2c3a59ef87994a223fc50950be0e79657487a7
NNN-TFIM,0.20000000000000001,18,95,8.5771544435929155e-09,1.7265002641307531e-09,160,4.9679427346692497,0.73902591448025989,0.99999965061935858,3.4938064141787351e-07,0.0087767304704821029,build/runs/a1-publication/work/nnn_tfim_expensive/checkpoints/response_j2_0p2_L18_neig160.json,cea79664deccebd7e59f338e8a2c3a59ef87994a223fc50950be0e79657487a7
NNN-TFIM,0.20000000000000001,18,96,8.5511180035518849e-09,1.7212593744040392e-09,160,4.9679427346692497,0.73902591448025989,0.99999965061935858,3.4938064141787351e-07,0.0087767304704821029,build/runs/a1-publication/work/nnn_tfim_expensive/checkpoints/response_j2_0p2_L18_neig160.json,cea79664deccebd7e59f338e8a2c3a59ef87994a223fc50950be0e79657487a7
NNN-TFIM,0.20000000000000001,18,97,6.6306960307803996e-09,1.3346965504468222e-09,160,4.9679427346692497,0.73902591448025989,0.99999965061935858,3.4938064141787351e-07,0.0087767304704821029,build/runs/a1-publication/work/nnn_tfim_expensive/checkpoints/response_j2_0p2_L18_neig160.json,cea79664deccebd7e59f338e8a2c3a59ef87994a223fc50950be0e79657487a7
NNN-TFIM,0.20000000000000001,18,98,2.2260617056321406e-09,4.4808521847431179e-10,160,4.9679427346692497,0.73902591448025989,0.99999965061935858,3.4938064141787351e-07,0.0087767304704821029,build/runs/a1-publication/work/nnn_tfim_expensive/checkpoints/response_j2_0p2_L18_neig160.json,cea79664deccebd7e59f338e8a2c3a59ef87994a223fc50950be0e79657487a7
NNN-TFIM,0.20000000000000001,18,99,1.2490008458329813e-09,2.5141208595596581e-10,160,4.9679427346692497,0.73902591448025989,0.99999965061935858,3.4938064141787351e-07,0.0087767304704821029,build/runs/a1-publication/work/nnn_tfim_expensive/checkpoints/response_j2_0p2_L18_neig160.json,cea79664deccebd7e59f338e8a2c3a59ef87994a223fc50950be0e79657487a7
NNN-TFIM,0.20000000000000001,18,100,3.0555507999603723e-11,6.1505354694145873e-12,160,4.9679427346692497,0.73902591448025989,0.99999965061935858,3.4938064141787351e-07,0.0087767304704821029,build/runs/a1-publication/work/nnn_tfim_expensive/checkpoints/response_j2_0p2_L18_neig160.json,cea79664deccebd7e59f338e8a2c3a59ef87994a223fc50950be0e79657487a7
NNN-TFIM,0.20000000000000001,18,101,8.4107507273522929e-24,1.6930047660688775e-24,160,4.9679427346692497,0.73902591448025989,0.99999965061935858,3.4938064141787351e-07,0.0087767304704821029,build/runs/a1-publication/work/nnn_tfim_expensive/checkpoints/response_j2_0p2_L18_neig160.json,cea79664deccebd7e59f338e8a2c3a59ef87994a223fc50950be0e79657487a7
NNN-TFIM,0.20000000000000001,18,102,1.0571269906626398e-25,2.1278968923803829e-26,160,4.9679427346692497,0.73902591448025989,0.99999965061935858,3.4938064141787351e-07,0.0087767304704821029,build/runs/a1-publication/work/nnn_tfim_expensive/checkpoints/response_j2_0p2_L18_neig160.json,cea79664deccebd7e59f338e8a2c3a59ef87994a223fc50950be0e79657487a7
NNN-TFIM,0.20000000000000001,18,103,8.2190001322457677e-26,1.6544071804388389e-26,160,4.9679427346692497,0.73902591448025989,0.99999965061935858,3.4938064141787351e-07,0.0087767304704821029,build/runs/a1-publication/work/nnn_tfim_expensive/checkpoints/response_j2_0p2_L18_neig160.json,cea79664deccebd7e59f338e8a2c3a59ef87994a223fc50950be0e79657487a7
NNN-TFIM,0.20000000000000001,18,104,4.3522370114406719e-26,8.7606424709129227e-27,160,4.9679427346692497,0.73902591448025989,0.99999965061935858,3.4938064141787351e-07,0.0087767304704821029,build/runs/a1-publication/work/nnn_tfim_expensive/checkpoints/response_j2_0p2_L18_neig160.json,cea79664deccebd7e59f338e8a2c3a59ef87994a223fc50950be0e79657487a7
NNN-TFIM,0.20000000000000001,18,105,5.1276439572316115e-27,1.0321463493224009e-27,160,4.9679427346692497,0.73902591448025989,0.99999965061935858,3.4938064141787351e-07,0.0087767304704821029,build/runs/a1-publication/work/nnn_tfim_expensive/checkpoints/response_j2_0p2_L18_neig160.json,cea79664deccebd7e59f338e8a2c3a59ef87994a223fc50950be0e79657487a7
NNN-TFIM,0.20000000000000001,18,106,1.7405425190792947e-27,3.5035478708978609e-28,160,4.9679427346692497,0.73902591448025989,0.99999965061935858,3.4938064141787351e-07,0.0087767304704821029,build/runs/a1-publication/work/nnn_tfim_expensive/checkpoints/response_j2_0p2_L18_neig160.json,cea79664deccebd7e59f338e8a2c3a59ef87994a223fc50950be0e79657487a7
NNN-TFIM,0.20000000000000001,18,107,1.4389041766663566e-27,2.8963783471673902e-28,160,4.9679427346692497,0.73902591448025989,0.99999965061935858,3.4938064141787351e-07,0.0087767304704821029,build/runs/a1-publication/work/nnn_tfim_expensive/checkpoints/response_j2_0p2_L18_neig160.json,cea79664deccebd7e59f338e8a2c3a59ef87994a223fc50950be0e79657487a7
NNN-TFIM,0.20000000000000001,18,108,1.259440445935985e-27,2.535134789591802e-28,160,4.9679427346692497,0.73902591448025989,0.99999965061935858,3.4938064141787351e-07,0.0087767304704821029,build/runs/a1-publication/work/nnn_tfim_expensive/checkpoints/response_j2_0p2_L18_neig160.json,cea79664deccebd7e59f338e8a2c3a59ef87994a223fc50950be0e79657487a7
NNN-TFIM,0.20000000000000001,18,109,8.3165757311856657e-28,1.6740482278806617e-28,160,4.9679427346692497,0.73902591448025989,0.99999965061935858,3.4938064141787351e-07,0.0087767304704821029,build/runs/a1-publication/work/nnn_tfim_expensive/checkpoints/response_j2_0p2_L18_neig160.json,cea79664deccebd7e59f338e8a2c3a59ef87994a223fc50950be0e79657487a7
NNN-TFIM,0.20000000000000001,18,110,4.5513305438449294e-28,9.1613989671882623e-29,160,4.9679427346692497,0.73902591448025989,0.99999965061935858,3.4938064141787351e-07,0.0087767304704821029,build/runs/a1-publication/work/nnn_tfim_expensive/checkpoints/response_j2_0p2_L18_neig160.json,cea79664deccebd7e59f338e8a2c3a59ef87994a223fc50950be0e79657487a7
NNN-TFIM,0.20000000000000001,18,111,2.0553915173062779e-28,4.1373091983579787e-29,160,4.9679427346692497,0.73902591448025989,0.99999965061935858,3.4938064141787351e-07,0.0087767304704821029,build/runs/a1-publication/work/nnn_tfim_expensive/checkpoints/response_j2_0p2_L18_neig160.json,cea79664deccebd7e59f338e8a2c3a59ef87994a223fc50950be0e79657487a7
NNN-TFIM,0.20000000000000001,18,112,1.3851352009987933e-28,2.7881464722459432e-29,160,4.9679427346692497,0.73902591448025989,0.99999965061935858,3.4938064141787351e-07,0.0087767304704821029,build/runs/a1-publication/work/nnn_tfim_expensive/checkpoints/response_j2_0p2_L18_neig160.json,cea79664deccebd7e59f338e8a2c3a59ef87994a223fc50950be0e79657487a7
NNN-TFIM,0.20000000000000001,18,113,3.7369408562352795e-29,7.5221093636138166e-30,160,4.9679427346692497,0.73902591448025989,0.99999965061935858,3.4938064141787351e-07,0.0087767304704821029,build/runs/a1-publication/work/nnn_tfim_expensive/checkpoints/response_j2_0p2_L18_neig160.json,cea79664deccebd7e59f338e8a2c3a59ef87994a223fc50950be0e79657487a7
NNN-TFIM,0.20000000000000001,18,114,3.681105735494758e-29,7.4097185336010815e-30,160,4.9679427346692497,0.73902591448025989,0.99999965061935858,3.4938064141787351e-07,0.0087767304704821029,build/runs/a1-publication/work/nnn_tfim_expensive/checkpoints/response_j2_0p2_L18_neig160.json,cea79664deccebd7e59f338e8a2c3a59ef87994a223fc50950be0e79657487a7
NNN-TFIM,0.20000000000000001,18,115,2.4928280600872136e-29,5.0178276868829051e-30,160,4.9679427346692497,0.73902591448025989,0.99999965061935858,3.4938064141787351e-07,0.0087767304704821029,build/runs/a1-publication/work/nnn_tfim_expensive/checkpoints/response_j2_0p2_L18_neig160.json,cea79664deccebd7e59f338e8a2c3a59ef87994a223fc50950be0e79657487a7
NNN-TFIM,0.20000000000000001,18,116,2.3382407413974408e-29,4.7066579996581093e-30,160,4.9679427346692497,0.73902591448025989,0.99999965061935858,3.4938064141787351e-07,0.0087767304704821029,build/runs/a1-publication/work/nnn_tfim_expensive/checkpoints/response_j2_0p2_L18_neig160.json,cea79664deccebd7e59f338e8a2c3a59ef87994a223fc50950be0e79657487a7
NNN-TFIM,0.20000000000000001,18,117,1.6590865704781033e-29,3.3395847317240869e-30,160,4.9679427346692497,0.73902591448025989,0.99999965061935858,3.4938064141787351e-07,0.0087767304704821029,build/runs/a1-publication/work/nnn_tfim_expensive/checkpoints/response_j2_0p2_L18_neig160.json,cea79664deccebd7e59f338e8a2c3a59ef87994a223fc50950be0e79657487a7
NNN-TFIM,0.20000000000000001,18,118,1.4172161011603743e-29,2.8527222974415547e-30,160,4.9679427346692497,0.73902591448025989,0.99999965061935858,3.4938064141787351e-07,0.0087767304704821029,build/runs/a1-publication/work/nnn_tfim_expensive/checkpoints/response_j2_0p2_L18_neig160.json,cea79664deccebd7e59f338e8a2c3a59ef87994a223fc50950be0e79657487a7
NNN-TFIM,0.20000000000000001,18,119,1.2773826680465971e-29,2.571250789853642e-30,160,4.9679427346692497,0.73902591448025989,0.99999965061935858,3.4938064141787351e-07,0.0087767304704821029,build/runs/a1-publication/work/nnn_tfim_expensive/checkpoints/response_j2_0p2_L18_neig160.json,cea79664deccebd7e59f338e8a2c3a59ef87994a223fc50950be0e79657487a7
NNN-TFIM,0.20000000000000001,18,120,1.265474112000064e-29,2.5472799901030168e-30,160,4.9679427346692497,0.73902591448025989,0.99999965061935858,3.4938064141787351e-07,0.0087767304704821029,build/runs/a1-publication/work/nnn_tfim_expensive/checkpoints/response_j2_0p2_L18_neig160.json,cea79664deccebd7e59f338e8a2c3a59ef87994a223fc50950be0e79657487a7
NNN-TFIM,0.20000000000000001,18,121,1.1471019274857312e-29,2.309007951079174e-30,160,4.9679427346692497,0.73902591448025989,0.99999965061935858,3.4938064141787351e-07,0.0087767304704821029,build/runs/a1-publication/work/nnn_tfim_expensive/checkpoints/response_j2_0p2_L18_neig160.json,cea79664deccebd7e59f338e8a2c3a59ef87994a223fc50950be0e79657487a7
NNN-TFIM,0.20000000000000001,18,122,8.7564464835961704e-30,1.7625900601648436e-30,160,4.9679427346692497,0.73902591448025989,0.99999965061935858,3.4938064141787351e-07,0.0087767304704821029,build/runs/a1-publication/work/nnn_tfim_expensive/checkpoints/response_j2_0p2_L18_neig160.json,cea79664deccebd7e59f338e8a2c3a59ef87994a223fc50950be0e79657487a7
NNN-TFIM,0.20000000000000001,18,123,7.6570185244577016e-30,1.5412855850818261e-30,160,4.9679427346692497,0.73902591448025989,0.99999965061935858,3.4938064141787351e-07,0.0087767304704821029,build/runs/a1-publication/work/nnn_tfim_expensive/checkpoints/response_j2_0p2_L18_neig160.json,cea79664deccebd7e59f338e8a2c3a59ef87994a223fc50950be0e79657487a7
NNN-TFIM,0.20000000000000001,18,124,7.2674089447134316e-30,1.4628608526417068e-30,160,4.9679427346692497,0.73902591448025989,0.99999965061935858,3.4938064141787351e-07,0.0087767304704821029,build/runs/a1-publication/work/nnn_tfim_expensive/checkpoints/response_j2_0p2_L18_neig160.json,cea79664deccebd7e59f338e8a2c3a59ef87994a223fc50950be0e79657487a7
NNN-TFIM,0.20000000000000001,18,125,5.6231689651184893e-30,1.1318908581366453e-30,160,4.9679427346692497,0.73902591448025989,0.99999965061935858,3.4938064141787351e-07,0.0087767304704821029,build/runs/a1-publication/work/nnn_tfim_expensive/checkpoints/response_j2_0p2_L18_neig160.json,cea79664deccebd7e59f338e8a2c3a59ef87994a223fc50950be0e79657487a7
NNN-TFIM,0.20000000000000001,18,126,5.1303894514385215e-30,1.0326989914025422e-30,160,4.9679427346692497,0.73902591448025989,0.99999965061935858,3.4938064141787351e-07,0.0087767304704821029,build/runs/a1-publication/work/nnn_tfim_expensive/checkpoints/response_j2_0p2_L18_neig160.json,cea79664deccebd7e59f338e8a2c3a59ef87994a223fc50950be0e79657487a7
NNN-TFIM,0.20000000000000001,18,127,4.7727491875611886e-30,9.60709380616269e-31,160,4.9679427346692497,0.73902591448025989,0.99999965061935858,3.4938064141787351e-07,0.0087767304704821029,build/runs/a1-publication/work/nnn_tfim_expensive/checkpoints/response_j2_0p2_L18_neig160.json,cea79664deccebd7e59f338e8a2c3a59ef87994a223fc50950be0e79657487a7
NNN-TFIM,0.20000000000000001,18,128,4.3019794159918194e-30,8.6594786730733757e-31,160,4.9679427346692497,0.73902591448025989,0.99999965061935858,3.4938064141787351e-07,0.0087767304704821029,build/runs/a1-publication/work/nnn_tfim_expensive/checkpoints/response_j2_0p2_L18_neig160.json,cea79664deccebd7e59f338e8a2c3a59ef87994a223fc50950be0e79657487a7
NNN-TFIM,0.20000000000000001,18,129,4.2083835429234473e-30,8.4710790113477991e-31,160,4.9679427346692497,0.73902591448025989,0.99999965061935858,3.4938064141787351e-07,0.0087767304704821029,build/runs/a1-publication/work/nnn_tfim_expensive/checkpoints/response_j2_0p2_L18_neig160.json,cea79664deccebd7e59f338e8a2c3a59ef87994a223fc50950be0e79657487a7
NNN-TFIM,0.20000000000000001,18,130,3.8840631336431947e-30,7.8182526270641158e-31,160,4.9679427346692497,0.73902591448025989,0.99999965061935858,3.4938064141787351e-07,0.0087767304704821029,build/runs/a1-publication/work/nnn_tfim_expensive/checkpoints/response_j2_0p2_L18_neig160.json,cea79664deccebd7e59f338e8a2c3a59ef87994a223fc50950be0e79657487a7
NNN-TFIM,0.20000000000000001,18,131,3.1482187450969389e-30,6.3370672997633448e-31,160,4.9679427346692497,0.73902591448025989,0.99999965061935858,3.4938064141787351e-07,0.0087767304704821029,build/runs/a1-publication/work/nnn_tfim_expensive/checkpoints/response_j2_0p2_L18_neig160.json,cea79664deccebd7e59f338e8a2c3a59ef87994a223fc50950be0e79657487a7
NNN-TFIM,0.20000000000000001,18,132,3.1080847597158114e-30,6.2562813738285529e-31,160,4.9679427346692497,0.73902591448025989,0.99999965061935858,3.4938064141787351e-07,0.0087767304704821029,build/runs/a1-publication/work/nnn_tfim_expensive/checkpoints/response_j2_0p2_L18_neig160.json,cea79664deccebd7e59f338e8a2c3a59ef87994a223fc50950be0e79657487a7
NNN-TFIM,0.20000000000000001,18,133,2.8201342159631377e-30,5.6766640973587902e-31,160,4.9679427346692497,0.73902591448025989,0.99999965061935858,3.4938064141787351e-07,0.0087767304704821029,build/runs/a1-publication/work/nnn_tfim_expensive/checkpoints/response_j2_0p2_L18_neig160.json,cea79664deccebd7e59f338e8a2c3a59ef87994a223fc50950be0e79657487a7
NNN-TFIM,0.20000000000000001,18,134,2.3569222512785997e-30,4.7442621164503344e-31,160,4.9679427346692497,0.73902591448025989,0.99999965061935858,3.4938064141787351e-07,0.0087767304704821029,build/runs/a1-publication/work/nnn_tfim_expensive/checkpoints/response_j2_0p2_L18_neig160.json,cea79664deccebd7e59f338e8a2c3a59ef87994a223fc50950be0e79657487a7
NNN-TFIM,0.20000000000000001,18,135,1.2735647046024464e-30,2.5635655896650273e-31,160,4.9679427346692497,0.73902591448025989,0.99999965061935858,3.4938064141787351e-07,0.0087767304704821029,build/runs/a1-publication/work/nnn_tfim_expensive/checkpoints/response_j2_0p2_L18_neig160.json,cea79664deccebd7e59f338e8a2c3a59ef87994a223fc50950be0e79657487a7
NNN-TFIM,0.20000000000000001,18,136,1.2248142836451467e-30,2.4654355918752172e-31,160,4.9679427346692497,0.73902591448025989,0.99999965061935858,3.4938064141787351e-07,0.0087767304704821029,build/runs/a1-publication/work/nnn_tfim_expensive/checkpoints/response_j2_0p2_L18_neig160.json,cea79664deccebd7e59f338e8a2c3a59ef87994a223fc50950be0e79657487a7
NNN-TFIM,0.20000000000000001,18,137,1.2185036153273149e-30,2.4527328119623325e-31,160,4.9679427346692497,0.73902591448025989,0.99999965061935858,3.4938064141787351e-07,0.0087767304704821029,build/runs/a1-publication/work/nnn_tfim_expensive/checkpoints/response_j2_0p2_L18_neig160.json,cea79664deccebd7e59f338e8a2c3a59ef87994a223fc50950be0e79657487a7
NNN-TFIM,0.20000000000000001,18,138,9.2493687102911947e-31,1.8618106536823816e-31,160,4.9679427346692497,0.73902591448025989,0.99999965061935858,3.4938064141787351e-07,0.0087767304704821029,build/runs/a1-publication/work/nnn_tfim_expensive/checkpoints/response_j2_0p2_L18_neig160.json,cea79664deccebd7e59f338e8a2c3a59ef87994a223fc50950be0e79657487a7
NNN-TFIM,0.20000000000000001,18,139,7.9387310197777706e-31,1.5979916524352423e-31,160,4.9679427346692497,0.73902591448025989,0.99999965061935858,3.4938064141787351e-07,0.0087767304704821029,build/runs/a1-publication/work/nnn_tfim_expensive/checkpoints/response_j2_0p2_L18_neig160.json,cea79664deccebd7e59f338e8a2c3a59ef87994a223fc50950be0e79657487a7
NNN-TFIM,0.20000000000000001,18,140,6.4378387011460511e-31,1.2958761895983615e-31,160,4.9679427346692497,0.73902591448025989,0.99999965061935858,3.4938064141787351e-07,0.0087767304704821029,build/runs/a1-publication/work/nnn_tfim_expensive/checkpoints/response_j2_0p2_L18_neig160.json,cea79664deccebd7e59f338e8a2c3a59ef87994a223fc50950be0e79657487a7
NNN-TFIM,0.20000000000000001,18,141,5.941636653953534e-31,1.195995399159751e-31,160,4.9679427346692497,0.73902591448025989,0.99999965061935858,3.4938064141787351e-07,0.0087767304704821029,build/runs/a1-publication/work/nnn_tfim_expensive/checkpoints/response_j2_0p2_L18_neig160.json,cea79664deccebd7e59f338e8a2c3a59ef87994a223fc50950be0e79657487a7
NNN-TFIM,0.20000000000000001,18,142,5.7437623988750452e-31,1.1561651785540252e-31,160,4.9679427346692497,0.73902591448025989,0.99999965061935858,3.4938064141787351e-07,0.0087767304704821029,build/runs/a1-publication/work/nnn_tfim_expensive/checkpoints/response_j2_0p2_L18_neig160.json,cea79664deccebd7e59f338e8a2c3a59ef87994a223fc50950be0e79657487a7
NNN-TFIM,0.20000000000000001,18,143,5.233173611546311e-31,1.0533884730647402e-31,160,4.9679427346692497,0.73902591448025989,0.99999965061935858,3.4938064141787351e-07,0.0087767304704821029,build/runs/a1-publication/work/nnn_tfim_expensive/checkpoints/response_j2_0p2_L18_neig160.json,cea79664deccebd7e59f338e8a2c3a59ef87994a223fc50950be0e79657487a7
NNN-TFIM,0.20000000000000001,18,144,2.6733465725282026e-31,5.38119442052342e-32,160,4.9679427346692497,0.73902591448025989,0.99999965061935858,3.4938064141787351e-07,0.0087767304704821029,build/runs/a1-publication/work/nnn_tfim_expensive/checkpoints/response_j2_0p2_L18_neig160.json,cea79664deccebd7e59f338e8a2c3a59ef87994a223fc50950be0e79657487a7
NNN-TFIM,0.20000000000000001,18,145,2.2925148161269489e-31,4.6146160263249843e-32,160,4.9679427346692497,0.73902591448025989,0.99999965061935858,3.4938064141787351e-07,0.0087767304704821029,build/runs/a1-publication/work/nnn_tfim_expensive/checkpoints/response_j2_0p2_L18_neig160.json,cea79664deccebd7e59f338e8a2c3a59ef87994a223fc50950be0e79657487a7
NNN-TFIM,0.20000000000000001,18,146,2.1756552814456603e-31,4.379388808696702e-32,160,4.9679427346692497,0.73902591448025989,0.99999965061935858,3.4938064141787351e-07,0.0087767304704821029,build/runs/a1-publication/work/nnn_tfim_expensive/checkpoints/response_j2_0p2_L18_neig160.json,cea79664deccebd7e59f338e8a2c3a59ef87994a223fc50950be0e79657487a7
NNN-TFIM,0.20000000000000001,18,147,6.9169404230345747e-32,1.3923148458946725e-32,160,4.9679427346692497,0.73902591448025989,0.99999965061935858,3.4938064141787351e-07,0.0087767304704821029,build/runs/a1-publication/work/nnn_tfim_expensive/checkpoints/response_j2_0p2_L18_neig160.json,cea79664deccebd7e59f338e8a2c3a59ef87994a223fc50950be0e79657487a7
NNN-TFIM,0.20000000000000001,18,148,6.8898234471712344e-32,1.3868564545017724e-32,160,4.9679427346692497,0.73902591448025989,0.99999965061935858,3.4938064141787351e-07,0.0087767304704821029,build/runs/a1-publication/work/nnn_tfim_expensive/checkpoints/response_j2_0p2_L18_neig160.json,cea79664deccebd7e59f338e8a2c3a59ef87994a223fc50950be0e79657487a7
NNN-TFIM,0.20000000000000001,18,149,4.4214953944763013e-32,8.9000530614422846e-33,160,4.9679427346692497,0.73902591448025989,0.99999965061935858,3.4938064141787351e-07,0.0087767304704821029,build/runs/a1-publication/work/nnn_tfim_expensive/checkpoints/response_j2_0p2_L18_neig160.json,cea79664deccebd7e59f338e8a2c3a59ef87994a223fc50950be0e79657487a7
NNN-TFIM,0.20000000000000001,18,150,3.65032950580234e-32,7.3477688869643694e-33,160,4.9679427346692497,0.73902591448025989,0.99999965061935858,3.4938064141787351e-07,0.0087767304704821029,build/runs/a1-publication/work/nnn_tfim_expensive/checkpoints/response_j2_0p2_L18_neig160.json,cea79664deccebd7e59f338e8a2c3a59ef87994a223fc50950be0e79657487a7
NNN-TFIM,0.20000000000000001,18,151,3.5771040919743393e-32,7.200373037738914e-33,160,4.9679427346692497,0.73902591448025989,0.99999965061935858,3.4938064141787351e-07,0.0087767304704821029,build/runs/a1-publication/work/nnn_tfim_expensive/checkpoints/response_j2_0p2_L18_neig160.json,cea79664deccebd7e59f338e8a2c3a59ef87994a223fc50950be0e79657487a7
NNN-TFIM,0.20000000000000001,18,152,3.4335548997737692e-32,6.9114220576907765e-33,160,4.9679427346692497,0.73902591448025989,0.99999965061935858,3.4938064141787351e-07,0.0087767304704821029,build/runs/a1-publication/work/nnn_tfim_expensive/checkpoints/response_j2_0p2_L18_neig160.json,cea79664deccebd7e59f338e8a2c3a59ef87994a223fc50950be0e79657487a7
NNN-TFIM,0.20000000000000001,18,153,2.4381211222306337e-32,4.9077077825716046e-33,160,4.9679427346692497,0.73902591448025989,0.99999965061935858,3.4938064141787351e-07,0.0087767304704821029,build/runs/a1-publication/work/nnn_tfim_expensive/checkpoints/response_j2_0p2_L18_neig160.json,cea79664deccebd7e59f338e8a2c3a59ef87994a223fc50950be0e79657487a7
NNN-TFIM,0.20000000000000001,18,154,1.1962159108792896e-32,2.407869765751094e-33,160,4.9679427346692497,0.73902591448025989,0.99999965061935858,3.4938064141787351e-07,0.0087767304704821029,build/runs/a1-publication/work/nnn_tfim_expensive/checkpoints/response_j2_0p2_L18_neig160.json,cea79664deccebd7e59f338e8a2c3a59ef87994a223fc50950be0e79657487a7
NNN-TFIM,0.20000000000000001,18,155,9.9238304242843756e-33,1.9975734331698317e-33,160,4.9679427346692497,0.73902591448025989,0.99999965061935858,3.4938064141787351e-07,0.0087767304704821029,build/runs/a1-publication/work/nnn_tfim_expensive/checkpoints/response_j2_0p2_L18_neig160.json,cea79664deccebd7e59f338e8a2c3a59ef87994a223fc50950be0e79657487a7
NNN-TFIM,0.20000000000000001,18,156,8.3257643248582282e-33,1.675897805092661e-33,160,4.9679427346692497,0.73902591448025989,0.99999965061935858,3.4938064141787351e-07,0.0087767304704821029,build/runs/a1-publication/work/nnn_tfim_expensive/checkpoints/response_j2_0p2_L18_neig160.json,cea79664deccebd7e59f338e8a2c3a59ef87994a223fc50950be0e79657487a7
NNN-TFIM,0.20000000000000001,18,157,5.1262341334304541e-33,1.0318625650929012e-33,160,4.9679427346692497,0.73902591448025989,0.99999965061935858,3.4938064141787351e-07,0.0087767304704821029,build/runs/a1-publication/work/nnn_tfim_expensive/checkpoints/response_j2_0p2_L18_neig160.json,cea79664deccebd7e59f338e8a2c3a59ef87994a223fc50950be0e79657487a7
NNN-TFIM,0.20000000000000001,18,158,3.7495362453927217e-33,7.5474626936140682e-34,160,4.9679427346692497,0.73902591448025989,0.99999965061935858,3.4938064141787351e-07,0.0087767304704821029,build/runs/a1-publication/work/nnn_tfim_expensive/checkpoints/response_j2_0p2_L18_neig160.json,cea79664deccebd7e59f338e8a2c3a59ef87994a223fc50950be0e79657487a7
NNN-TFIM,0.20000000000000001,18,159,3.5384103993676893e-33,7.1224862852676699e-34,160,4.9679427346692497,0.73902591448025989,0.99999965061935858,3.4938064141787351e-07,0.0087767304704821029,build/runs/a1-publication/work/nnn_tfim_expensive/checkpoints/response_j2_0p2_L18_neig160.json,cea79664deccebd7e59f338e8a2c3a59ef87994a223fc50950be0e79657487a7
NNN-TFIM,0.20000000000000001,20,1,5.2207424328051664,0.84820237320449288,96,6.155066995487525,0.73030815304638419,0.99998589304899876,1.4106951001235934e-05,0.0090793060859720668,build/runs/a1-publication/work/nnn_tfim_expensive/checkpoints/response_j2_0p2_L20_neig96.json,8ec97f3aec8f4c43cc1617a471ca82bed422c888174ed386eca63c98f2f242b7
NNN-TFIM,0.20000000000000001,20,2,0.60224047675237513,0.097844666385255713,96,6.155066995487525,0.73030815304638419,0.99998589304899876,1.4106951001235934e-05,0.0090793060859720668,build/runs/a1-publication/work/nnn_tfim_expensive/checkpoints/response_j2_0p2_L20_neig96.json,8ec97f3aec8f4c43cc1617a471ca82bed422c888174ed386eca63c98f2f242b7
NNN-TFIM,0.20000000000000001,20,3,0.20265944066471417,0.032925627099313501,96,6.155066995487525,0.73030815304638419,0.99998589304899876,1.4106951001235934e-05,0.0090793060859720668,build/runs/a1-publication/work/nnn_tfim_expensive/checkpoints/response_j2_0p2_L20_neig96.json,8ec97f3aec8f4c43cc1617a471ca82bed422c888174ed386eca63c98f2f242b7
NNN-TFIM,0.20000000000000001,20,4,0.081142010044960119,0.013182961307236445,96,6.155066995487525,0.73030815304638419,0.99998589304899876,1.4106951001235934e-05,0.0090793060859720668,build/runs/a1-publication/work/nnn_tfim_expensive/checkpoints/response_j2_0p2_L20_neig96.json,8ec97f3aec8f4c43cc1617a471ca82bed422c888174ed386eca63c98f2f242b7
NNN-TFIM,0.20000000000000001,20,5,0.031405861667410863,0.0051024402643278293,96,6.155066995487525,0.73030815304638419,0.99998589304899876,1.4106951001235934e-05,0.0090793060859720668,build/runs/a1-publication/work/nnn_tfim_expensive/checkpoints/response_j2_0p2_L20_neig96.json,8ec97f3aec8f4c43cc1617a471ca82bed422c888174ed386eca63c98f2f242b7
NNN-TFIM,0.20000000000000001,20,6,0.010888223946917892,0.0017689854480707351,96,6.155066995487525,0.73030815304638419,0.99998589304899876,1.4106951001235934e-05,0.0090793060859720668,build/runs/a1-publication/work/nnn_tfim_expensive/checkpoints/response_j2_0p2_L20_neig96.json,8ec97f3aec8f4c43cc1617a471ca82bed422c888174ed386eca63c98f2f242b7
NNN-TFIM,0.20000000000000001,20,7,0.0029929491571419487,0.00048625777092859828,96,6.155066995487525,0.73030815304638419,0.99998589304899876,1.4106951001235934e-05,0.0090793060859720668,build/runs/a1-publication/work/nnn_tfim_expensive/checkpoints/response_j2_0p2_L20_neig96.json,8ec97f3aec8f4c43cc1617a471ca82bed422c888174ed386eca63c98f2f242b7
NNN-TFIM,0.20000000000000001,20,8,0.00056542599592156238,9.1863499834541877e-05,96,6.155066995487525,0.73030815304638419,0.99998589304899876,1.4106951001235934e-05,0.0090793060859720668,build/runs/a1-publication/work/nnn_tfim_expensive/checkpoints/response_j2_0p2_L20_neig96.json,8ec97f3aec8f4c43cc1617a471ca82bed422c888174ed386eca63c98f2f242b7
NNN-TFIM,0.20000000000000001,20,9,0.0003874809535766045,6.2953165881164102e-05,96,6.155066995487525,0.73030815304638419,0.99998589304899876,1.4106951001235934e-05,0.0090793060859720668,build/runs/a1-publication/work/nnn_tfim_expensive/checkpoints/response_j2_0p2_L20_neig96.json,8ec97f3aec8f4c43cc1617a471ca82bed422c888174ed386eca63c98f2f242b7
NNN-TFIM,0.20000000000000001,20,10,0.00030759297781315063,4.9973944725322539e-05,96,6.155066995487525,0.73030815304638419,0.99998589304899876,1.4106951001235934e-05,0.0090793060859720668,build/runs/a1-publication/work/nnn_tfim_expensive/checkpoints/response_j2_0p2_L20_neig96.json,8ec97f3aec8f4c43cc1617a471ca82bed422c888174ed386eca63c98f2f242b7
NNN-TFIM,0.20000000000000001,20,11,0.00023866669763997024,3.8775645791498999e-05,96,6.155066995487525,0.73030815304638419,0.99998589304899876,1.4106951001235934e-05,0.0090793060859720668,build/runs/a1-publication/work/nnn_tfim_expensive/checkpoints/response_j2_0p2_L20_neig96.json,8ec97f3aec8f4c43cc1617a471ca82bed422c888174ed386eca63c98f2f242b7
NNN-TFIM,0.20000000000000001,20,12,0.00018592994626432952,3.0207623475201921e-05,96,6.155066995487525,0.73030815304638419,0.99998589304899876,1.4106951001235934e-05,0.0090793060859720668,build/runs/a1-publication/work/nnn_tfim_expensive/checkpoints/response_j2_0p2_L20_neig96.json,8ec97f3aec8f4c43cc1617a471ca82bed422c888174ed386eca63c98f2f242b7
NNN-TFIM,0.20000000000000001,20,13,0.00016828858466550557,2.7341470822150802e-05,96,6.155066995487525,0.73030815304638419,0.99998589304899876,1.4106951001235934e-05,0.0090793060859720668,build/runs/a1-publication/work/nnn_tfim_expensive/checkpoints/response_j2_0p2_L20_neig96.json,8ec97f3aec8f4c43cc1617a471ca82bed422c888174ed386eca63c98f2f242b7
NNN-TFIM,0.20000000000000001,20,14,0.00013961847152105375,2.2683501515647593e-05,96,6.155066995487525,0.73030815304638419,0.99998589304899876,1.4106951001235934e-05,0.0090793060859720668,build/runs/a1-publication/work/nnn_tfim_expensive/checkpoints/response_j2_0p2_L20_neig96.json,8ec97f3aec8f4c43cc1617a471ca82bed422c888174ed386eca63c98f2f242b7
NNN-TFIM,0.20000000000000001,20,15,0.0001301649368397667,2.1147606831118937e-05,96,6.155066995487525,0.73030815304638419,0.99998589304899876,1.4106951001235934e-05,0.0090793060859720668,build/runs/a1-publication/work/nnn_tfim_expensive/checkpoints/response_j2_0p2_L20_neig96.json,8ec97f3aec8f4c43cc1617a471ca82bed422c888174ed386eca63c98f2f242b7
NNN-TFIM,0.20000000000000001,20,16,0.00012391163247412113,2.0131646424801661e-05,96,6.155066995487525,0.73030815304638419,0.99998589304899876,1.4106951001235934e-05,0.0090793060859720668,build/runs/a1-publication/work/nnn_tfim_expensive/checkpoints/response_j2_0p2_L20_neig96.json,8ec97f3aec8f4c43cc1617a471ca82bed422c888174ed386eca63c98f2f242b7
NNN-TFIM,0.20000000000000001,20,17,0.0001067741299413336,1.7347354629870498e-05,96,6.155066995487525,0.73030815304638419,0.99998589304899876,1.4106951001235934e-05,0.0090793060859720668,build/runs/a1-publication/work/nnn_tfim_expensive/checkpoints/response_j2_0p2_L20_neig96.json,8ec97f3aec8f4c43cc1617a471ca82bed422c888174ed386eca63c98f2f242b7
NNN-TFIM,0.20000000000000001,20,18,7.758925955654121e-05,1.2605753863186925e-05,96,6.155066995487525,0.73030815304638419,0.99998589304899876,1.4106951001235934e-05,0.0090793060859720668,build/runs/a1-publication/work/nnn_tfim_expensive/checkpoints/response_j2_0p2_L20_neig96.json,8ec97f3aec8f4c43cc1617a471ca82bed422c888174ed386eca63c98f2f242b7
NNN-TFIM,0.20000000000000001,20,19,7.363491437474185e-05,1.196330022544449e-05,96,6.155066995487525,0.73030815304638419,0.99998589304899876,1.4106951001235934e-05,0.0090793060859720668,build/runs/a1-publication/work/nnn_tfim_expensive/checkpoints/response_j2_0p2_L20_neig96.json,8ec97f3aec8f4c43cc1617a471ca82bed422c888174ed386eca63c98f2f242b7
NNN-TFIM,0.20000000000000001,20,20,6.1471612572759507e-05,9.9871557235406699e-06,96,6.155066995487525,0.73030815304638419,0.99998589304899876,1.4106951001235934e-05,0.0090793060859720668,build/runs/a1-publication/work/nnn_tfim_expensive/checkpoints/response_j2_0p2_L20_neig96.json,8ec97f3aec8f4c43cc1617a471ca82bed422c888174ed386eca63c98f2f242b7
NNN-TFIM,0.20000000000000001,20,21,5.2161401530637736e-05,8.4745465108469028e-06,96,6.155066995487525,0.73030815304638419,0.99998589304899876,1.4106951001235934e-05,0.0090793060859720668,build/runs/a1-publication/work/nnn_tfim_expensive/checkpoints/response_j2_0p2_L20_neig96.json,8ec97f3aec8f4c43cc1617a471ca82bed422c888174ed386eca63c98f2f242b7
NNN-TFIM,0.20000000000000001,20,22,3.4562174261923189e-05,5.6152393283877848e-06,96,6.155066995487525,0.73030815304638419,0.99998589304899876,1.4106951001235934e-05,0.0090793060859720668,build/runs/a1-publication/work/nnn_tfim_expensive/checkpoints/response_j2_0p2_L20_neig96.json,8ec97f3aec8f4c43cc1617a471ca82bed422c888174ed386eca63c98f2f242b7
NNN-TFIM,0.20000000000000001,20,23,3.3275956596194735e-05,5.406270414374108e-06,96,6.155066995487525,0.73030815304638419,0.99998589304899876,1.4106951001235934e-05,0.0090793060859720668,build/runs/a1-publication/work/nnn_tfim_expensive/checkpoints/response_j2_0p2_L20_neig96.json,8ec97f3aec8f4c43cc1617a471ca82bed422c888174ed386eca63c98f2f242b7
NNN-TFIM,0.20000000000000001,20,24,3.1408873117281899e-05,5.1029295278684603e-06,96,6.155066995487525,0.73030815304638419,0.99998589304899876,1.4106951001235934e-05,0.0090793060859720668,build/runs/a1-publication/work/nnn_tfim_expensive/checkpoints/response_j2_0p2_L20_neig96.json,8ec97f3aec8f4c43cc1617a471ca82bed422c888174ed386eca63c98f2f242b7
NNN-TFIM,0.20000000000000001,20,25,2.6598217684751957e-05,4.3213530745078738e-06,96,6.155066995487525,0.73030815304638419,0.99998589304899876,1.4106951001235934e-05,0.0090793060859720668,build/runs/a1-publication/work/nnn_tfim_expensive/checkpoints/response_j2_0p2_L20_neig96.json,8ec97f3aec8f4c43cc1617a471ca82bed422c888174ed386eca63c98f2f242b7
NNN-TFIM,0.20000000000000001,20,26,1.726772069647329e-05,2.8054480494091787e-06,96,6.155066995487525,0.73030815304638419,0.99998589304899876,1.4106951001235934e-05,0.0090793060859720668,build/runs/a1-publication/work/nnn_tfim_expensive/checkpoints/response_j2_0p2_L20_neig96.json,8ec97f3aec8f4c43cc1617a471ca82bed422c888174ed386eca63c98f2f242b7
NNN-TFIM,0.20000000000000001,20,27,1.5525530116256866e-05,2.5223982334618168e-06,96,6.155066995487525,0.73030815304638419,0.99998589304899876,1.4106951001235934e-05,0.0090793060859720668,build/runs/a1-publication/work/nnn_tfim_expensive/checkpoints/response_j2_0p2_L20_neig96.json,8ec97f3aec8f4c43cc1617a471ca82bed422c888174ed386eca63c98f2f242b7
NNN-TFIM,0.20000000000000001,20,28,1.5490238609941944e-05,2.5166645011822504e-06,96,6.155066995487525,0.73030815304638419,0.99998589304899876,1.4106951001235934e-05,0.0090793060859720668,build/runs/a1-publication/work/nnn_tfim_expensive/checkpoints/response_j2_0p2_L20_neig96.json,8ec97f3aec8f4c43cc1617a471ca82bed422c888174ed386eca63c98f2f242b7
NNN-TFIM,0.20000000000000001,20,29,1.270124792691956e-05,2.0635434084196402e-06,96,6.155066995487525,0.73030815304638419,0.99998589304899876,1.4106951001235934e-05,0.0090793060859720668,build/runs/a1-publication/work/nnn_tfim_expensive/checkpoints/response_j2_0p2_L20_neig96.json,8ec97f3aec8f4c43cc1617a471ca82bed422c888174ed386eca63c98f2f242b7
NNN-TFIM,0.20000000000000001,20,30,1.1400033107077065e-05,1.8521379402425337e-06,96,6.155066995487525,0.73030815304638419,0.99998589304899876,1.4106951001235934e-05,0.0090793060859720668,build/runs/a1-publication/work/nnn_tfim_expensive/checkpoints/response_j2_0p2_L20_neig96.json,8ec97f3aec8f4c43cc1617a471ca82bed422c888174ed386eca63c98f2f242b7
NNN-TFIM,0.20000000000000001,20,31,1.1055929662521554e-05,1.7962322214570545e-06,96,6.155066995487525,0.73030815304638419,0.99998589304899876,1.4106951001235934e-05,0.0090793060859720668,build/runs/a1-publication/work/nnn_tfim_expensive/checkpoints/response_j2_0p2_L20_neig96.json,8ec97f3aec8f4c43cc1617a471ca82bed422c888174ed386eca63c98f2f242b7
NNN-TFIM,0.20000000000000001,20,32,1.0957270519691819e-05,1.7802032906749743e-06,96,6.155066995487525,0.73030815304638419,0.99998589304899876,1.4106951001235934e-05,0.0090793060859720668,build/runs/a1-publication/work/nnn_tfim_expensive/checkpoints/response_j2_0p2_L20_neig96.json,8ec97f3aec8f4c43cc1617a471ca82bed422c888174ed386eca63c98f2f242b7
NNN-TFIM,0.20000000000000001,20,33,1.0569293986042907e-05,1.7171696090053272e-06,96,6.155066995487525,0.73030815304638419,0.99998589304899876,1.4106951001235934e-05,0.0090793060859720668,build/runs/a1-publication/work/nnn_tfim_expensive/checkpoints/response_j2_0p2_L20_neig96.json,8ec97f3aec8f4c43cc1617a471ca82bed422c888174ed386eca63c98f2f242b7
NNN-TFIM,0.20000000000000001,20,34,7.4996937513061663e-06,1.2184585085433563e-06,96,6.155066995487525,0.73030815304638419,0.99998589304899876,1.4106951001235934e-05,0.0090793060859720668,build/runs/a1-publication/work/nnn_tfim_expensive/checkpoints/response_j2_0p2_L20_neig96.json,8ec97f3aec8f4c43cc1617a471ca82bed422c888174ed386eca63c98f2f242b7
NNN-TFIM,0.20000000000000001,20,35,7.4560934891291328e-06,1.2113748712394896e-06,96,6.155066995487525,0.73030815304638419,0.99998589304899876,1.4106951001235934e-05,0.0090793060859720668,build/runs/a1-publication/work/nnn_tfim_expensive/checkpoints/response_j2_0p2_L20_neig96.json,8ec97f3aec8f4c43cc1617a471ca82bed422c888174ed386eca63c98f2f242b7
NNN-TFIM,0.20000000000000001,20,36,6.8052702157495699e-06,1.1056370662965537e-06,96,6.155066995487525,0.73030815304638419,0.99998589304899876,1.4106951001235934e-05,0.0090793060859720668,build/runs/a1-publication/work/nnn_tfim_expensive/checkpoints/response_j2_0p2_L20_neig96.json,8ec97f3aec8f4c43cc1617a471ca82bed422c888174ed386eca63c98f2f242b7
NNN-TFIM,0.20000000000000001,20,37,6.4134235277640811e-06,1.0419746092879193e-06,96,6.155066995487525,0.73030815304638419,0.99998589304899876,1.4106951001235934e-05,0.0090793060859720668,build/runs/a1-publication/work/nnn_tfim_expensive/checkpoints/response_j2_0p2_L20_neig96.json,8ec97f3aec8f4c43cc1617a471ca82bed422c888174ed386eca63c98f2f242b7
NNN-TFIM,0.20000000000000001,20,38,4.7389339903385196e-06,7.699240306909385e-07,96,6.155066995487525,0.73030815304638419,0.99998589304899876,1.4106951001235934e-05,0.0090793060859720668,build/runs/a1-publication/work/nnn_tfim_expensive/checkpoints/response_j2_0p2_L20_neig96.json,8ec97f3aec8f4c43cc1617a471ca82bed422c888174ed386eca63c98f2f242b7
NNN-TFIM,0.20000000000000001,20,39,3.7048277545918928e-06,6.0191509813102269e-07,96,6.155066995487525,0.73030815304638419,0.99998589304899876,1.4106951001235934e-05,0.0090793060859720668,build/runs/a1-publication/work/nnn_tfim_expensive/checkpoints/response_j2_0p2_L20_neig96.json,8ec97f3aec8f4c43cc1617a471ca82bed422c888174ed386eca63c98f2f242b7
NNN-TFIM,0.20000000000000001,20,40,3.2116988475727813e-06,5.2179754500273996e-07,96,6.155066995487525,0.73030815304638419,0.99998589304899876,1.4106951001235934e-05,0.0090793060859720668,build/runs/a1-publication/work/nnn_tfim_expensive/checkpoints/response_j2_0p2_L20_neig96.json,8ec97f3aec8f4c43cc1617a471ca82bed422c888174ed386eca63c98f2f242b7
NNN-TFIM,0.20000000000000001,20,41,2.6175756711322241e-06,4.2527167828575249e-07,96,6.155066995487525,0.73030815304638419,0.99998589304899876,1.4106951001235934e-05,0.0090793060859720668,build/runs/a1-publication/work/nnn_tfim_expensive/checkpoints/response_j2_0p2_L20_neig96.json,8ec97f3aec8f4c43cc1617a471ca82bed422c888174ed386eca63c98f2f242b7
NNN-TFIM,0.20000000000000001,20,42,2.6151739744865885e-06,4.2488147999101478e-07,96,6.155066995487525,0.73030815304638419,0.99998589304899876,1.4106951001235934e-05,0.0090793060859720668,build/runs/a1-publication/work/nnn_tfim_expensive/checkpoints/response_j2_0p2_L20_neig96.json,8ec97f3aec8f4c43cc1617a471ca82bed422c888174ed386eca63c98f2f242b7
NNN-TFIM,0.20000000000000001,20,43,2.4250852955037424e-06,3.9399819649106166e-07,96,6.155066995487525,0.73030815304638419,0.99998589304899876,1.4106951001235934e-05,0.0090793060859720668,build/runs/a1-publication/work/nnn_tfim_expensive/checkpoints/response_j2_0p2_L20_neig96.json,8ec97f3aec8f4c43cc1617a471ca82bed422c888174ed386eca63c98f2f242b7
NNN-TFIM,0.20000000000000001,20,44,2.3130541936761043e-06,3.7579675336952103e-07,96,6.155066995487525,0.73030815304638419,0.99998589304899876,1.4106951001235934e-05,0.0090793060859720668,build/runs/a1-publication/work/nnn_tfim_expensive/checkpoints/response_j2_0p2_L20_neig96.json,8ec97f3aec8f4c43cc1617a471ca82bed422c888174ed386eca63c98f2f242b7
NNN-TFIM,0.20000000000000001,20,45,1.8429567743398636e-06,2.9942107465133911e-07,96,6.155066995487525,0.73030815304638419,0.99998589304899876,1.4106951001235934e-05,0.0090793060859720668,build/runs/a1-publication/work/nnn_tfim_expensive/checkpoints/response_j2_0p2_L20_neig96.json,8ec97f3aec8f4c43cc1617a471ca82bed422c888174ed386eca63c98f2f242b7
NNN-TFIM,0.20000000000000001,20,46,1.7747100004586582e-06,2.8833317358848478e-07,96,6.155066995487525,0.73030815304638419,0.99998589304899876,1.4106951001235934e-05,0.0090793060859720668,build/runs/a1-publication/work/nnn_tfim_expensive/checkpoints/response_j2_0p2_L20_neig96.json,8ec97f3aec8f4c43cc1617a471ca82bed422c888174ed386eca63c98f2f242b7
NNN-TFIM,0.20000000000000001,20,47,1.7586062292673664e-06,2.8571682981788118e-07,96,6.155066995487525,0.73030815304638419,0.99998589304899876,1.4106951001235934e-05,0.0090793060859720668,build/runs/a1-publication/work/nnn_tfim_expensive/checkpoints/response_j2_0p2_L20_neig96.json,8ec97f3aec8f4c43cc1617a471ca82bed422c888174ed386eca63c98f2f242b7
NNN-TFIM,0.20000000000000001,20,48,1.0751147738777301e-06,1.746714982413564e-07,96,6.155066995487525,0.73030815304638419,0.99998589304899876,1.4106951001235934e-05,0.0090793060859720668,build/runs/a1-publication/work/nnn_tfim_expensive/checkpoints/response_j2_0p2_L20_neig96.json,8ec97f3aec8f4c43cc1617a471ca82bed422c888174ed386eca63c98f2f242b7
NNN-TFIM,0.20000000000000001,20,49,6.8484185471965008e-07,1.1126472794231637e-07,96,6.155066995487525,0.73030815304638419,0.99998589304899876,1.4106951001235934e-05,0.0090793060859720668,build/runs/a1-publication/work/nnn_tfim_expensive/checkpoints/response_j2_0p2_L20_neig96.json,8ec97f3aec8f4c43cc1617a471ca82bed422c888174ed386eca63c98f2f242b7
NNN-TFIM,0.20000000000000001,20,50,6.345945674598829e-07,1.0310116330579737e-07,96,6.155066995487525,0.73030815304638419,0.99998589304899876,1.4106951001235934e-05,0.0090793060859720668,build/runs/a1-publication/work/nnn_tfim_expensive/checkpoints/response_j2_0p2_L20_neig96.json,8ec97f3aec8f4c43cc1617a471ca82bed422c888174ed386eca63c98f2f242b7
NNN-TFIM,0.20000000000000001,20,51,5.5005686512345881e-07,8.9366511449302335e-08,96,6.155066995487525,0.73030815304638419,0.99998589304899876,1.4106951001235934e-05,0.0090793060859720668,build/runs/a1-publication/work/nnn_tfim_expensive/checkpoints/response_j2_0p2_L20_neig96.json,8ec97f3aec8f4c43cc1617a471ca82bed422c888174ed386eca63c98f2f242b7
NNN-TFIM,0.20000000000000001,20,52,4.4920394917005516e-07,7.2981163243126493e-08,96,6.155066995487525,0.73030815304638419,0.99998589304899876,1.4106951001235934e-05,0.0090793060859720668,build/runs/a1-publication/work/nnn_tfim_expensive/checkpoints/response_j2_0p2_L20_neig96.json,8ec97f3aec8f4c43cc1617a471ca82bed422c888174ed386eca63c98f2f242b7
NNN-TFIM,0.20000000000000001,20,53,2.4497804838813535e-07,3.9801036864056316e-08,96,6.155066995487525,0.73030815304638419,0.99998589304899876,1.4106951001235934e-05,0.0090793060859720668,build/runs/a1-publication/work/nnn_tfim_expensive/checkpoints/response_j2_0p2_L20_neig96.json,8ec97f3aec8f4c43cc1617a471ca82bed422c888174ed386eca63c98f2f242b7
NNN-TFIM,0.20000000000000001,20,54,1.8323621523905483e-07,2.976997900646591e-08,96,6.155066995487525,0.73030815304638419,0.99998589304899876,1.4106951001235934e-05,0.0090793060859720668,build/runs/a1-publication/work/nnn_tfim_expensive/checkpoints/response_j2_0p2_L20_neig96.json,8ec97f3aec8f4c43cc1617a471ca82bed422c888174ed386eca63c98f2f242b7
NNN-TFIM,0.20000000000000001,20,55,6.6040504584030517e-08,1.0729453413333584e-08,96,6.155066995487525,0.73030815304638419,0.99998589304899876,1.4106951001235934e-05,0.0090793060859720668,build/runs/a1-publication/work/nnn_tfim_expensive/checkpoints/response_j2_0p2_L20_neig96.json,8ec97f3aec8f4c43cc1617a471ca82bed422c888174ed386eca63c98f2f242b7
NNN-TFIM,0.20000000000000001,20,56,5.5881101543659473e-08,9.0788778716182426e-09,96,6.155066995487525,0.73030815304638419,0.99998589304899876,1.4106951001235934e-05,0.0090793060859720668,build/runs/a1-publication/work/nnn_tfim_expensive/checkpoints/response_j2_0p2_L20_neig96.json,8ec97f3aec8f4c43cc1617a471ca82bed422c888174ed386eca63c98f2f242b7
NNN-TFIM,0.20000000000000001,20,57,4.1645770035339195e-08,6.7660953269673641e-09,96,6.155066995487525,0.73030815304638419,0.99998589304899876,1.4106951001235934e-05,0.0090793060859720668,build/runs/a1-publication/work/nnn_tfim_expensive/checkpoints/response_j2_0p2_L20_neig96.json,8ec97f3aec8f4c43cc1617a471ca82bed422c888174ed386eca63c98f2f242b7
NNN-TFIM,0.20000000000000001,20,58,3.2270397109732266e-08,5.2428994084695937e-09,96,6.155066995487525,0.73030815304638419,0.99998589304899876,1.4106951001235934e-05,0.0090793060859720668,build/runs/a1-publication/work/nnn_tfim_expensive/checkpoints/response_j2_0p2_L20_neig96.json,8ec97f3aec8f4c43cc1617a471ca82bed422c888174ed386eca63c98f2f242b7
NNN-TFIM,0.20000000000000001,20,59,2.2984520965203519e-08,3.7342438322855298e-09,96,6.155066995487525,0.73030815304638419,0.99998589304899876,1.4106951001235934e-05,0.0090793060859720668,build/runs/a1-publication/work/nnn_tfim_expensive/checkpoints/response_j2_0p2_L20_neig96.json,8ec97f3aec8f4c43cc1617a471ca82bed422c888174ed386eca63c98f2f242b7
NNN-TFIM,0.20000000000000001,20,60,1.926468821360508e-08,3.1298909057738341e-09,96,6.155066995487525,0.73030815304638419,0.99998589304899876,1.4106951001235934e-05,0.0090793060859720668,build/runs/a1-publication/work/nnn_tfim_expensive/checkpoints/response_j2_0p2_L20_neig96.json,8ec97f3aec8f4c43cc1617a471ca82bed422c888174ed386eca63c98f2f242b7
NNN-TFIM,0.20000000000000001,20,61,6.6481209221683063e-09,1.0801053712400295e-09,96,6.155066995487525,0.73030815304638419,0.99998589304899876,1.4106951001235934e-05,0.0090793060859720668,build/runs/a1-publication/work/nnn_tfim_expensive/checkpoints/response_j2_0p2_L20_neig96.json,8ec97f3aec8f4c43cc1617a471ca82bed422c888174ed386eca63c98f2f242b7
NNN-TFIM,0.20000000000000001,20,62,3.3276307880305947e-09,5.4063274867197814e-10,96,6.155066995487525,0.73030815304638419,0.99998589304899876,1.4106951001235934e-05,0.0090793060859720668,build/runs/a1-publication/work/nnn_tfim_expensive/checkpoints/response_j2_0p2_L20_neig96.json,8ec97f3aec8f4c43cc1617a471ca82bed422c888174ed386eca63c98f2f242b7
NNN-TFIM,0.20000000000000001,20,63,1.4408598345163895e-11,2.3409328209956605e-12,96,6.155066995487525,0.73030815304638419,0.99998589304899876,1.4106951001235934e-05,0.0090793060859720668,build/runs/a1-publication/work/nnn_tfim_expensive/checkpoints/response_j2_0p2_L20_neig96.json,8ec97f3aec8f4c43cc1617a471ca82bed422c888174ed386eca63c98f2f242b7
NNN-TFIM,0.20000000000000001,20,64,1.2214728774946979e-11,1.984499727444394e-12,96,6.155066995487525,0.73030815304638419,0.99998589304899876,1.4106951001235934e-05,0.0090793060859720668,build/runs/a1-publication/work/nnn_tfim_expensive/checkpoints/response_j2_0p2_L20_neig96.json,8ec97f3aec8f4c43cc1617a471ca82bed422c888174ed386eca63c98f2f242b7
NNN-TFIM,0.20000000000000001,20,65,1.7360608404657029e-24,2.8205393080830218e-25,96,6.155066995487525,0.73030815304638419,0.99998589304899876,1.4106951001235934e-05,0.0090793060859720668,build/runs/a1-publication/work/nnn_tfim_expensive/checkpoints/response_j2_0p2_L20_neig96.json,8ec97f3aec8f4c43cc1617a471ca82bed422c888174ed386eca63c98f2f242b7
NNN-TFIM,0.20000000000000001,20,66,1.8496242228646935e-25,3.0050432013505484e-26,96,6.155066995487525,0.73030815304638419,0.99998589304899876,1.4106951001235934e-05,0.0090793060859720668,build/runs/a1-publication/work/nnn_tfim_expensive/checkpoints/response_j2_0p2_L20_neig96.json,8ec97f3aec8f4c43cc1617a471ca82bed422c888174ed386eca63c98f2f242b7
NNN-TFIM,0.20000000000000001,20,67,5.4707541300998554e-26,8.8882121577403448e-27,96,6.155066995487525,0.73030815304638419,0.99998589304899876,1.4106951001235934e-05,0.0090793060859720668,build/runs/a1-publication/work/nnn_tfim_expensive/checkpoints/response_j2_0p2_L20_neig96.json,8ec97f3aec8f4c43cc1617a471ca82bed422c888174ed386eca63c98f2f242b7
NNN-TFIM,0.20000000000000001,20,68,3.7125581357767101e-26,6.0317103591211992e-27,96,6.155066995487525,0.73030815304638419,0.99998589304899876,1.4106951001235934e-05,0.0090793060859720668,build/runs/a1-publication/work/nnn_tfim_expensive/checkpoints/response_j2_0p2_L20_neig96.json,8ec97f3aec8f4c43cc1617a471ca82bed422c888174ed386eca63c98f2f242b7
NNN-TFIM,0.20000000000000001,20,69,1.7029804382495325e-26,2.7667943167767979e-27,96,6.155066995487525,0.73030815304638419,0.99998589304899876,1.4106951001235934e-05,0.0090793060859720668,build/runs/a1-publication/work/nnn_tfim_expensive/checkpoints/response_j2_0p2_L20_neig96.json,8ec97f3aec8f4c43cc1617a471ca82bed422c888174ed386eca63c98f2f242b7
NNN-TFIM,0.20000000000000001,20,70,1.9074182907046355e-27,3.0989399337213135e-28,96,6.155066995487525,0.73030815304638419,0.99998589304899876,1.4106951001235934e-05,0.0090793060859720668,build/runs/a1-publication/work/nnn_tfim_expensive/checkpoints/response_j2_0p2_L20_neig96.json,8ec97f3aec8f4c43cc1617a471ca82bed422c888174ed386eca63c98f2f242b7
NNN-TFIM,0.20000000000000001,20,71,1.3378740459531093e-27,2.1736141083987341e-28,96,6.155066995487525,0.73030815304638419,0.99998589304899876,1.4106951001235934e-05,0.0090793060859720668,build/runs/a1-publication/work/nnn_tfim_expensive/checkpoints/response_j2_0p2_L20_neig96.json,8ec97f3aec8f4c43cc1617a471ca82bed422c888174ed386eca63c98f2f242b7
NNN-TFIM,0.20000000000000001,20,72,5.5129763149156038e-28,8.9568095992413105e-29,96,6.155066995487525,0.73030815304638419,0.99998589304899876,1.4106951001235934e-05,0.0090793060859720668,build/runs/a1-publication/work/nnn_tfim_expensive/checkpoints/response_j2_0p2_L20_neig96.json,8ec97f3aec8f4c43cc1617a471ca82bed422c888174ed386eca63c98f2f242b7
NNN-TFIM,0.20000000000000001,20,73,2.7833099617495536e-28,4.5219815865368916e-29,96,6.155066995487525,0.73030815304638419,0.99998589304899876,1.4106951001235934e-05,0.0090793060859720668,build/runs/a1-publication/work/nnn_tfim_expensive/checkpoints/response_j2_0p2_L20_neig96.json,8ec97f3aec8f4c43cc1617a471ca82bed422c888174ed386eca63c98f2f242b7
NNN-TFIM,0.20000000000000001,20,74,1.9584301064987361e-28,3.1818176925361221e-29,96,6.155066995487525,0.73030815304638419,0.99998589304899876,1.4106951001235934e-05,0.0090793060859720668,build/runs/a1-publication/work/nnn_tfim_expensive/checkpoints/response_j2_0p2_L20_neig96.json,8ec97f3aec8f4c43cc1617a471ca82bed422c888174ed386eca63c98f2f242b7
NNN-TFIM,0.20000000000000001,20,75,1.558591095130327e-28,2.5322081729946716e-29,96,6.155066995487525,0.73030815304638419,0.99998589304899876,1.4106951001235934e-05,0.0090793060859720668,build/runs/a1-publication/work/nnn_tfim_expensive/checkpoints/response_j2_0p2_L20_neig96.json,8ec97f3aec8f4c43cc1617a471ca82bed422c888174ed386eca63c98f2f242b7
NNN-TFIM,0.20000000000000001,20,76,1.433250074750335e-28,2.328569414112139e-29,96,6.155066995487525,0.73030815304638419,0.99998589304899876,1.4106951001235934e-05,0.0090793060859720668,build/runs/a1-publication/work/nnn_tfim_expensive/checkpoints/response_j2_0p2_L20_neig96.json,8ec97f3aec8f4c43cc1617a471ca82bed422c888174ed386eca63c98f2f242b7
NNN-TFIM,0.20000000000000001,20,77,1.2932423995245108e-28,2.1011020683814292e-29,96,6.155066995487525,0.73030815304638419,0.99998589304899876,1.4106951001235934e-05,0.0090793060859720668,build/runs/a1-publication/work/nnn_tfim_expensive/checkpoints/response_j2_0p2_L20_neig96.json,8ec97f3aec8f4c43cc1617a471ca82bed422c888174ed386eca63c98f2f242b7
NNN-TFIM,0.20000000000000001,20,78,4.7531471337375601e-29,7.722332083829865e-30,96,6.155066995487525,0.73030815304638419,0.99998589304899876,1.4106951001235934e-05,0.0090793060859720668,build/runs/a1-publication/work/nnn_tfim_expensive/checkpoints/response_j2_0p2_L20_neig96.json,8ec97f3aec8f4c43cc1617a471ca82bed422c888174ed386eca63c98f2f242b7
NNN-TFIM,0.20000000000000001,20,79,3.6808920790828385e-29,5.9802632234245659e-30,96,6.155066995487525,0.73030815304638419,0.99998589304899876,1.4106951001235934e-05,0.0090793060859720668,build/runs/a1-publication/work/nnn_tfim_expensive/checkpoints/response_j2_0p2_L20_neig96.json,8ec97f3aec8f4c43cc1617a471ca82bed422c888174ed386eca63c98f2f242b7
NNN-TFIM,0.20000000000000001,20,80,3.1253700915855923e-29,5.0777190465626131e-30,96,6.155066995487525,0.73030815304638419,0.99998589304899876,1.4106951001235934e-05,0.0090793060859720668,build/runs/a1-publication/work/nnn_tfim_expensive/checkpoints/response_j2_0p2_L20_neig96.json,8ec97f3aec8f4c43cc1617a471ca82bed422c888174ed386eca63c98f2f242b7
NNN-TFIM,0.20000000000000001,20,81,3.0994126878114786e-29,5.0355466318786726e-30,96,6.155066995487525,0.73030815304638419,0.99998589304899876,1.4106951001235934e-05,0.0090793060859720668,build/runs/a1-publication/work/nnn_tfim_expensive/checkpoints/response_j2_0p2_L20_neig96.json,8ec97f3aec8f4c43cc1617a471ca82bed422c888174ed386eca63c98f2f242b7
NNN-TFIM,0.20000000000000001,20,82,1.877323308841684e-29,3.0500452882446433e-30,96,6.155066995487525,0.73030815304638419,0.99998589304899876,1.4106951001235934e-05,0.0090793060859720668,build/runs/a1-publication/work/nnn_tfim_expensive/checkpoints/response_j2_0p2_L20_neig96.json,8ec97f3aec8f4c43cc1617a471ca82bed422c888174ed386eca63c98f2f242b7
NNN-TFIM,0.20000000000000001,20,83,8.9656346225074026e-30,1.4566266507058971e-30,96,6.155066995487525,0.73030815304638419,0.99998589304899876,1.4106951001235934e-05,0.0090793060859720668,build/runs/a1-publication/work/nnn_tfim_expensive/checkpoints/response_j2_0p2_L20_neig96.json,8ec97f3aec8f4c43cc1617a471ca82bed422c888174ed386eca63c98f2f242b7
NNN-TFIM,0.20000000000000001,20,84,7.9167771757984506e-30,1.2862211218176002e-30,96,6.155066995487525,0.73030815304638419,0.99998589304899876,1.4106951001235934e-05,0.0090793060859720668,build/runs/a1-publication/work/nnn_tfim_expensive/checkpoints/response_j2_0p2_L20_neig96.json,8ec97f3aec8f4c43cc1617a471ca82bed422c888174ed386eca63c98f2f242b7
NNN-TFIM,0.20000000000000001,20,85,5.1215301820867174e-30,8.3208358021796901e-31,96,6.155066995487525,0.73030815304638419,0.99998589304899876,1.4106951001235934e-05,0.0090793060859720668,build/runs/a1-publication/work/nnn_tfim_expensive/checkpoints/response_j2_0p2_L20_neig96.json,8ec97f3aec8f4c43cc1617a471ca82bed422c888174ed386eca63c98f2f242b7
NNN-TFIM,0.20000000000000001,20,86,2.6814398100766388e-30,4.3564754243008039e-31,96,6.155066995487525,0.73030815304638419,0.99998589304899876,1.4106951001235934e-05,0.0090793060859720668,build/runs/a1-publication/work/nnn_tfim_expensive/checkpoints/response_j2_0p2_L20_neig96.json,8ec97f3aec8f4c43cc1617a471ca82bed422c888174ed386eca63c98f2f242b7
NNN-TFIM,0.20000000000000001,20,87,1.5359256871682155e-30,2.495384190447076e-31,96,6.155066995487525,0.73030815304638419,0.99998589304899876,1.4106951001235934e-05,0.0090793060859720668,build/runs/a1-publication/work/nnn_tfim_expensive/checkpoints/response_j2_0p2_L20_neig96.json,8ec97f3aec8f4c43cc1617a471ca82bed422c888174ed386eca63c98f2f242b7
NNN-TFIM,0.20000000000000001,20,88,1.4961190483297271e-30,2.4307112325935354e-31,96,6.155066995487525,0.73030815304638419,0.99998589304899876,1.4106951001235934e-05,0.0090793060859720668,build/runs/a1-publication/work/nnn_tfim_expensive/checkpoints/response_j2_0p2_L20_neig96.json,8ec97f3aec8f4c43cc1617a471ca82bed422c888174ed386eca63c98f2f242b7
NNN-TFIM,0.20000000000000001,20,89,1.1583450162772841e-30,1.8819372999944657e-31,96,6.155066995487525,0.73030815304638419,0.99998589304899876,1.4106951001235934e-05,0.0090793060859720668,build/runs/a1-publication/work/nnn_tfim_expensive/checkpoints/response_j2_0p2_L20_neig96.json,8ec97f3aec8f4c43cc1617a471ca82bed422c888174ed386eca63c98f2f242b7
NNN-TFIM,0.20000000000000001,20,90,6.7338762053576803e-31,1.094037840740726e-31,96,6.155066995487525,0.73030815304638419,0.99998589304899876,1.4106951001235934e-05,0.0090793060859720668,build/runs/a1-publication/work/nnn_tfim_expensive/checkpoints/response_j2_0p2_L20_neig96.json,8ec97f3aec8f4c43cc1617a471ca82bed422c888174ed386eca63c98f2f242b7
NNN-TFIM,0.20000000000000001,20,91,5.2676806239607513e-32,8.5582831638106548e-33,96,6.155066995487525,0.73030815304638419,0.99998589304899876,1.4106951001235934e-05,0.0090793060859720668,build/runs/a1-publication/work/nnn_tfim_expensive/checkpoints/response_j2_0p2_L20_neig96.json,8ec97f3aec8f4c43cc1617a471ca82bed422c888174ed386eca63c98f2f242b7
NNN-TFIM,0.20000000000000001,20,92,1.4206038396715895e-32,2.3080233581747841e-33,96,6.155066995487525,0.73030815304638419,0.99998589304899876,1.4106951001235934e-05,0.0090793060859720668,build/runs/a1-publication/work/nnn_tfim_expensive/checkpoints/response_j2_0p2_L20_neig96.json,8ec97f3aec8f4c43cc1617a471ca82bed422c888174ed386eca63c98f2f242b7
NNN-TFIM,0.20000000000000001,20,93,1.0720369190477186e-32,1.7417144603521991e-33,96,6.155066995487525,0.73030815304638419,0.99998589304899876,1.4106951001235934e-05,0.0090793060859720668,build/runs/a1-publication/work/nnn_tfim_expensive/checkpoints/response_j2_0p2_L20_neig96.json,8ec97f3aec8f4c43cc1617a471ca82bed422c888174ed386eca63c98f2f242b7
NNN-TFIM,0.20000000000000001,20,94,5.1008421148231273e-33,8.2872243609415083e-34,96,6.155066995487525,0.73030815304638419,0.99998589304899876,1.4106951001235934e-05,0.0090793060859720668,build/runs/a1-publication/work/nnn_tfim_expensive/checkpoints/response_j2_0p2_L20_neig96.json,8ec97f3aec8f4c43cc1617a471ca82bed422c888174ed386eca63c98f2f242b7
NNN-TFIM,0.20000000000000001,20,95,1.6169099359874222e-33,2.6269574923763301e-34,96,6.155066995487525,0.73030815304638419,0.99998589304899876,1.4106951001235934e-05,0.0090793060859720668,build/runs/a1-publication/work/nnn_tfim_expensive/checkpoints/response_j2_0p2_L20_neig96.json,8ec97f3aec8f4c43cc1617a471ca82bed422c888174ed386eca63c98f2f242b7
